record_id,sleep_hours,working_hours,activity_minutes,water_litres,meal_regularity,mood,occupation,work_mode,marital_status,age_group,stress_level,wlb_score
1,6.8,9.2,32.0,1.8,Irregular,5,Banking/Finance,Remote,Unmarried,45-54,Low,86
2,5.2,10.7,52.0,2.0,Regular,4,Banking/Finance,Hybrid,Unmarried,45-54,Moderate,77
3,7.3,9.2,52.0,1.1,Regular,4,Healthcare,Hybrid,Unmarried,18-24,Low,88
4,7.5,13.7,15.0,1.0,Regular,4,Banking/Finance,Office,Married,35-44,Moderate,66
5,4.1,11.9,29.0,2.1,Slightly irregular,4,Government,Remote,Married,18-24,High,61
6,4.8,7.9,0.0,1.5,Slightly irregular,2,Self-employed,Office,Married,18-24,High,54
7,6.6,7.9,27.0,1.0,Slightly irregular,3,Teacher,Office,Married,18-24,Moderate,80
8,6.0,9.7,8.0,2.7,Irregular,1,Other,Hybrid,Married,45-54,High,54
9,6.4,6.7,21.0,1.6,Regular,3,Teacher,Office,Unmarried,25-34,Low,82
10,5.4,11.3,0.0,2.8,Irregular,3,Teacher,Hybrid,Unmarried,35-44,High,49
11,7.5,9.4,34.0,2.0,Slightly irregular,2,Teacher,Remote,Married,18-24,Low,80
12,7.3,9.2,0.0,2.2,Slightly irregular,5,Teacher,Hybrid,Married,45-54,Low,77
13,6.5,10.2,28.0,1.9,Regular,2,Teacher,Hybrid,Unmarried,55+,Moderate,77
14,7.8,12.6,0.0,0.3,Regular,3,Self-employed,Hybrid,Unmarried,25-34,High,55
15,7.0,9.0,6.0,1.2,Regular,3,Banking/Finance,Office,Prefer not to say,35-44,Moderate,73
16,5.4,8.3,50.0,1.9,Slightly irregular,4,Other,Office,Married,35-44,Low,81
17,6.8,12.1,38.0,2.3,Slightly irregular,2,Software/IT,Office,Married,55+,Moderate,71
18,5.2,10.8,50.0,0.7,Regular,3,Banking/Finance,Hybrid,Unmarried,25-34,High,66
19,7.5,7.9,59.0,2.0,Slightly irregular,4,Software/IT,Hybrid,Married,25-34,Low,92
20,6.3,8.6,8.0,1.2,Slightly irregular,3,Healthcare,Remote,Unmarried,25-34,Moderate,67
21,6.2,9.0,58.0,2.2,Irregular,3,Teacher,Office,Married,35-44,Moderate,76
22,5.6,9.4,0.0,2.0,Slightly irregular,3,Government,Remote,Married,25-34,High,60
23,7.9,5.5,41.0,2.5,Slightly irregular,3,Government,Hybrid,Unmarried,18-24,Low,88
24,6.2,5.1,14.0,2.7,Slightly irregular,4,Teacher,Office,Unmarried,35-44,Low,79
25,5.9,6.6,5.0,2.3,Slightly irregular,3,Software/IT,Office,Married,45-54,Moderate,69
26,6.0,6.4,39.0,2.6,Regular,3,Healthcare,Remote,Unmarried,25-34,Low,86
27,7.0,7.1,46.0,1.8,Regular,4,Teacher,Office,Unmarried,25-34,Low,95
28,6.8,10.1,45.0,4.0,Irregular,2,Government,Remote,Unmarried,25-34,High,73
29,6.9,8.2,30.0,1.1,Slightly irregular,3,Healthcare,Office,Unmarried,25-34,Low,83
30,6.9,9.1,28.0,1.6,Slightly irregular,2,Self-employed,Office,Unmarried,18-24,Moderate,78
31,9.0,5.8,37.0,2.6,Slightly irregular,5,Other,Office,Unmarried,25-34,Low,96
32,5.9,7.5,32.0,2.5,Slightly irregular,5,Teacher,Remote,Unmarried,25-34,Low,89
33,5.8,10.0,37.0,2.3,Regular,3,Other,Hybrid,Unmarried,55+,Moderate,79
34,5.4,10.0,29.0,2.5,Regular,3,Self-employed,Remote,Prefer not to say,18-24,Moderate,76
35,7.1,6.9,44.0,0.5,Regular,3,Software/IT,Hybrid,Unmarried,25-34,Low,85
36,7.8,9.0,0.0,3.1,Regular,3,Self-employed,Office,Married,25-34,Low,74
37,6.3,13.7,22.0,1.9,Regular,3,Healthcare,Remote,Married,45-54,High,66
38,5.4,8.6,0.0,2.9,Slightly irregular,3,Government,Hybrid,Unmarried,25-34,High,62
39,5.4,7.0,31.0,0.6,Regular,1,Government,Remote,Prefer not to say,25-34,Moderate,68
40,7.2,8.2,61.0,2.2,Irregular,3,Other,Hybrid,Married,35-44,Low,84
41,7.3,8.8,15.0,1.6,Irregular,3,Self-employed,Hybrid,Prefer not to say,25-34,Moderate,72
42,7.1,8.3,28.0,2.4,Regular,3,Self-employed,Hybrid,Married,35-44,Low,91
43,5.6,8.5,42.0,2.2,Slightly irregular,3,Teacher,Office,Married,35-44,Low,78
44,6.7,5.3,0.0,2.3,Slightly irregular,3,Other,Office,Unmarried,35-44,Moderate,72
45,6.5,6.4,14.0,1.3,Irregular,4,Government,Office,Prefer not to say,35-44,Moderate,74
46,6.7,8.3,33.0,2.0,Slightly irregular,4,Self-employed,Office,Unmarried,18-24,Low,89
47,7.4,8.2,0.0,1.9,Regular,4,Self-employed,Remote,Prefer not to say,35-44,Low,80
48,,7.3,4.0,2.3,Regular,3,Software/IT,Office,Unmarried,55+,Low,78
49,7.2,8.2,49.0,2.7,Irregular,3,Teacher,Hybrid,Unmarried,25-34,Low,84
50,6.5,8.7,47.0,2.1,Regular,4,Self-employed,Remote,Unmarried,35-44,Low,91
51,6.7,10.6,33.0,1.1,Irregular,1,Other,Hybrid,Married,35-44,High,62
52,7.2,8.4,44.0,2.1,Regular,5,Government,Remote,Married,35-44,Low,99
53,4.7,9.5,30.0,3.8,Slightly irregular,3,Healthcare,Office,Married,25-34,High,69
54,6.0,7.4,37.0,3.2,Slightly irregular,5,Teacher,Remote,Married,55+,Low,90
55,5.8,9.9,18.0,0.3,Regular,2,Healthcare,Hybrid,Married,25-34,Moderate,61
56,5.6,9.5,28.0,2.0,Regular,2,Healthcare,Hybrid,Married,25-34,Moderate,74
57,6.1,10.6,11.0,2.7,Regular,3,Other,Remote,Married,18-24,Moderate,69
58,8.2,10.2,53.0,1.9,Slightly irregular,4,Banking/Finance,Office,Unmarried,35-44,Low,85
59,5.4,10.0,58.0,1.7,Slightly irregular,3,Healthcare,Hybrid,Married,35-44,Moderate,71
60,7.6,8.4,55.0,1.8,Regular,3,Healthcare,Hybrid,Married,35-44,Low,90
61,4.4,9.2,16.0,2.4,Slightly irregular,2,Other,Office,Married,25-34,High,58
62,6.0,11.0,4.0,1.2,Regular,1,Banking/Finance,Office,Married,35-44,High,52
63,6.6,7.1,53.0,2.8,Slightly irregular,3,Teacher,Hybrid,Unmarried,25-34,Low,86
64,7.1,7.2,37.0,2.0,Slightly irregular,2,Healthcare,Remote,Unmarried,35-44,Low,85
65,7.3,9.0,32.0,1.3,Irregular,2,Healthcare,Office,Unmarried,25-34,Moderate,74
66,7.4,9.6,11.0,2.8,Irregular,3,Teacher,Hybrid,Unmarried,25-34,Moderate,70
67,6.0,6.7,34.0,0.9,Regular,3,Government,Remote,Prefer not to say,25-34,Low,81
68,5.8,8.4,1.0,1.6,Regular,5,Teacher,Remote,Unmarried,25-34,Moderate,75
69,7.4,8.4,39.0,1.6,Irregular,4,Healthcare,Remote,Married,35-44,Low,85
70,6.2,3.5,55.0,3.5,Regular,4,Healthcare,Office,Married,55+,Low,91
71,4.9,8.1,61.0,1.5,Regular,3,Healthcare,Office,Unmarried,25-34,Moderate,77
72,5.0,8.2,41.0,0.5,Regular,3,Banking/Finance,Hybrid,Unmarried,25-34,Moderate,72
73,5.3,8.2,0.0,1.6,Slightly irregular,5,Government,Office,Unmarried,25-34,Moderate,68
74,7.0,11.9,29.0,2.3,Slightly irregular,2,Software/IT,Office,Married,35-44,Moderate,72
75,6.6,5.8,72.0,2.5,Irregular,3,Teacher,Hybrid,Prefer not to say,25-34,Moderate,82
76,7.2,6.7,6.0,3.6,Regular,3,Self-employed,Office,Unmarried,35-44,Moderate,80
77,5.9,2.6,24.0,3.0,Regular,4,Other,Office,Unmarried,35-44,Low,86
78,6.6,7.5,56.0,2.1,Regular,2,Software/IT,Remote,Unmarried,25-34,Low,86
79,7.2,7.7,39.0,1.4,Slightly irregular,4,Software/IT,Remote,Married,55+,Low,89
80,6.0,7.4,80.0,3.1,Regular,3,Other,Office,Married,18-24,Low,86
81,6.9,11.1,9.0,1.7,Irregular,4,Software/IT,Office,Married,35-44,High,66
82,5.6,10.6,3.0,1.5,Slightly irregular,3,Other,Remote,Married,25-34,High,56
83,6.0,8.8,52.0,1.7,Slightly irregular,4,Self-employed,Hybrid,Unmarried,18-24,Low,82
84,5.9,7.7,0.0,1.1,Irregular,3,Software/IT,Office,Married,18-24,High,58
85,5.0,11.0,21.0,1.7,Slightly irregular,3,Software/IT,Hybrid,Married,35-44,High,61
86,7.0,8.6,24.0,1.8,Slightly irregular,2,Other,Office,Married,18-24,Low,79
87,5.8,6.7,48.0,2.5,Regular,2,Teacher,Office,Unmarried,45-54,Moderate,81
88,6.4,4.7,39.0,1.7,Irregular,5,Healthcare,Hybrid,Married,25-34,Low,87
89,7.0,7.6,35.0,1.1,Irregular,2,Teacher,Office,Married,25-34,Moderate,76
90,6.9,10.3,16.0,0.9,Slightly irregular,4,Banking/Finance,Office,Unmarried,35-44,Moderate,72
91,7.2,13.8,52.0,2.1,Regular,4,Self-employed,Remote,Married,25-34,Moderate,78
92,6.3,8.7,114.0,2.1,Irregular,4,Banking/Finance,Hybrid,Unmarried,18-24,Low,82
93,5.9,6.8,40.0,1.6,Irregular,1,Software/IT,Hybrid,Married,25-34,Moderate,68
94,6.3,5.9,27.0,1.7,Slightly irregular,4,Banking/Finance,Office,Unmarried,25-34,Low,85
95,4.4,9.9,0.0,2.3,Irregular,2,Government,Office,Unmarried,25-34,High,44
96,4.7,4.5,11.0,3.0,Slightly irregular,2,Software/IT,Remote,Married,25-34,High,61
97,4.8,9.9,20.0,1.5,Regular,2,Self-employed,Office,Unmarried,35-44,High,62
98,5.2,10.5,13.0,2.1,Slightly irregular,4,Banking/Finance,Office,Married,45-54,High,65
99,6.9,9.6,,2.7,Regular,4,Software/IT,Remote,Married,25-34,Low,88
100,5.3,8.1,64.0,1.5,Slightly irregular,2,Other,Hybrid,Unmarried,35-44,Moderate,71
101,5.9,9.9,52.0,2.0,Slightly irregular,2,Healthcare,Office,Prefer not to say,18-24,Moderate,72
102,8.0,9.0,22.0,2.0,Regular,2,Teacher,Hybrid,Married,25-34,Low,82
103,6.0,6.8,0.0,1.1,Regular,3,Software/IT,Office,Unmarried,25-34,Moderate,67
104,7.3,12.9,54.0,2.1,Slightly irregular,2,Teacher,Hybrid,Married,25-34,Moderate,69
105,5.3,7.8,24.0,2.0,Slightly irregular,3,Teacher,Hybrid,Married,18-24,Moderate,75
106,6.2,10.4,0.0,2.4,Irregular,5,Teacher,Hybrid,Married,18-24,High,64
107,5.3,3.0,41.0,1.2,Regular,3,Self-employed,Hybrid,Unmarried,25-34,Moderate,78
108,6.0,11.5,48.0,2.0,Irregular,3,Banking/Finance,Office,Unmarried,25-34,Moderate,67
109,7.4,12.0,0.0,3.0,Regular,2,Software/IT,Hybrid,Unmarried,25-34,High,61
110,4.3,8.7,7.0,,Regular,1,Government,Remote,Prefer not to say,25-34,High,54
111,6.9,9.9,23.0,2.9,Slightly irregular,4,Government,Hybrid,Unmarried,25-34,Low,82
112,6.7,9.9,41.0,1.2,Regular,3,Healthcare,Office,Married,35-44,Low,81
113,5.7,7.1,14.0,2.3,Slightly irregular,4,Other,Hybrid,Married,25-34,Low,76
114,4.7,9.9,7.0,1.7,Regular,3,Teacher,Office,Unmarried,18-24,High,59
115,6.5,6.7,41.0,2.2,Regular,5,Software/IT,Remote,Married,25-34,Low,97
116,5.8,7.2,15.0,1.5,Slightly irregular,2,Software/IT,Hybrid,Married,35-44,Moderate,67
117,6.7,11.2,37.0,0.8,Regular,3,Teacher,Office,Married,35-44,Moderate,75
118,6.4,10.8,1.0,1.8,Regular,2,Healthcare,Hybrid,Married,35-44,High,61
119,8.3,7.0,0.0,2.5,Regular,5,Software/IT,Office,Unmarried,25-34,Low,85
120,6.1,6.9,42.0,2.2,Regular,3,Banking/Finance,Office,Unmarried,35-44,Low,87
121,5.2,7.1,31.0,2.3,Slightly irregular,2,Other,Office,Unmarried,25-34,Moderate,74
122,6.6,10.3,45.0,2.2,Regular,3,Self-employed,Hybrid,Prefer not to say,45-54,Low,83
123,6.7,6.3,13.0,2.3,Slightly irregular,4,Government,Office,Unmarried,35-44,Low,82
124,8.0,9.4,8.0,2.4,Slightly irregular,5,Government,Hybrid,Married,18-24,Low,81
125,7.4,10.3,55.0,1.8,Slightly irregular,2,Government,Hybrid,Unmarried,55+,Moderate,77
126,6.8,8.4,0.0,2.1,Slightly irregular,3,Healthcare,Hybrid,Married,25-34,Moderate,71
127,8.2,10.9,53.0,3.2,Slightly irregular,5,Healthcare,Hybrid,Prefer not to say,55+,Low,87
128,5.0,7.9,54.0,2.1,Irregular,2,Teacher,Remote,Unmarried,25-34,High,68
129,5.6,8.1,44.0,2.0,Regular,3,Software/IT,Office,Married,25-34,Low,83
130,5.3,6.4,10.0,2.1,Irregular,4,Banking/Finance,Hybrid,Unmarried,35-44,Moderate,68
131,5.9,10.9,7.0,1.8,Regular,2,Healthcare,Remote,Married,18-24,High,60
132,4.7,6.8,20.0,1.7,Slightly irregular,2,Software/IT,Hybrid,Prefer not to say,35-44,High,64
133,7.2,9.4,0.0,2.1,Slightly irregular,3,Teacher,Office,Married,18-24,Moderate,69
134,6.1,8.4,4.0,1.6,Regular,4,Self-employed,Hybrid,Married,25-34,Low,74
135,4.6,6.2,39.0,1.9,Regular,3,Teacher,Office,Unmarried,25-34,Low,77
136,5.2,7.2,39.0,1.4,Regular,3,Healthcare,Hybrid,Married,55+,Moderate,78
137,6.8,11.8,2.0,2.1,Regular,3,Software/IT,Office,Married,55+,Moderate,65
138,,9.1,40.0,2.4,Slightly irregular,4,Software/IT,Remote,Unmarried,25-34,Low,89
139,8.8,6.3,35.0,1.9,Regular,4,Government,Office,Unmarried,35-44,Low,96
140,9.9,9.3,58.0,0.6,Irregular,5,Software/IT,Hybrid,Married,25-34,Low,75
141,6.9,8.3,38.0,2.4,Irregular,4,Teacher,Hybrid,Married,25-34,Low,87
142,5.2,14.0,48.0,2.1,Regular,4,Other,Office,Married,55+,High,66
143,3.8,9.3,35.0,1.3,Regular,2,Healthcare,Office,Married,35-44,High,61
144,6.7,7.7,47.0,2.5,Regular,3,Banking/Finance,Remote,Married,35-44,Low,91
145,5.4,11.9,0.0,1.0,Irregular,4,Banking/Finance,Remote,Married,25-34,High,46
146,5.9,4.4,22.0,2.7,Regular,4,Software/IT,Office,Unmarried,35-44,Low,85
147,5.7,8.8,24.0,2.0,Regular,2,Teacher,Remote,Unmarried,55+,Moderate,75
148,6.2,13.2,20.0,0.4,Irregular,2,Healthcare,Office,Married,55+,High,46
149,7.7,8.3,35.0,2.1,Slightly irregular,5,Teacher,Hybrid,Married,35-44,Low,95
150,6.6,4.6,39.0,1.7,Regular,2,Teacher,Hybrid,Married,25-34,Low,85
151,6.2,7.7,34.0,1.6,Irregular,1,Banking/Finance,Remote,Married,55+,Moderate,70
152,5.2,11.9,21.0,1.5,Irregular,2,Software/IT,Hybrid,Prefer not to say,35-44,High,50
153,4.4,9.5,9.0,1.9,Slightly irregular,2,Software/IT,Remote,Married,18-24,High,53
154,5.8,6.7,49.0,1.7,Regular,2,Banking/Finance,Hybrid,Unmarried,18-24,Low,80
155,6.3,7.0,33.0,0.7,Slightly irregular,3,Healthcare,Office,Unmarried,35-44,Low,78
156,8.5,7.3,3.0,2.9,Regular,4,Banking/Finance,Hybrid,Unmarried,45-54,Low,83
157,6.6,9.4,21.0,1.8,Slightly irregular,3,Software/IT,Office,Unmarried,45-54,Low,76
158,7.6,11.7,0.0,1.5,Regular,5,Government,Remote,Unmarried,45-54,Moderate,71
159,5.8,11.0,26.0,1.2,Slightly irregular,3,Self-employed,Office,Unmarried,35-44,High,66
160,5.0,9.6,21.0,2.5,Slightly irregular,4,Healthcare,Hybrid,Married,55+,Moderate,70
161,5.2,5.5,12.0,1.1,Irregular,1,Self-employed,Office,Unmarried,18-24,High,52
162,5.5,5.5,60.0,2.1,Irregular,1,Healthcare,Office,Married,18-24,High,68
163,9.0,9.8,0.0,1.6,Regular,4,Software/IT,Office,Married,18-24,Moderate,74
164,5.4,5.5,41.0,1.6,Regular,4,Teacher,Office,Unmarried,35-44,Low,84
165,7.4,8.1,73.0,1.2,Slightly irregular,2,Healthcare,Remote,Unmarried,45-54,Low,80
166,5.3,9.3,49.0,1.6,Regular,3,Other,Remote,Married,45-54,Moderate,76
167,7.5,6.0,24.0,2.0,Regular,2,Teacher,Remote,Unmarried,45-54,Low,86
168,6.9,6.2,0.0,2.2,Slightly irregular,2,Teacher,Office,Married,35-44,Moderate,69
169,6.2,8.4,0.0,1.5,Regular,3,Other,Remote,Unmarried,35-44,Moderate,69
170,6.4,9.8,16.0,1.9,Regular,2,Teacher,Office,Unmarried,25-34,Moderate,72
171,5.6,11.0,10.0,2.6,Slightly irregular,2,Banking/Finance,Office,Married,35-44,High,57
172,6.9,10.0,9.0,0.8,Irregular,2,Teacher,Remote,Married,35-44,High,57
173,5.9,8.8,18.0,2.0,Slightly irregular,1,Other,Hybrid,Prefer not to say,25-34,Moderate,66
174,4.9,6.9,23.0,1.3,Regular,3,Software/IT,Hybrid,Married,18-24,Moderate,72
175,4.9,6.1,36.0,1.3,Slightly irregular,3,Government,Hybrid,Prefer not to say,25-34,Moderate,72
176,6.6,7.4,0.0,2.2,Irregular,4,Banking/Finance,Hybrid,Married,45-54,Moderate,71
177,8.3,9.5,10.0,1.6,Regular,3,Other,Remote,Married,35-44,Low,76
178,6.6,9.4,21.0,1.1,Slightly irregular,4,Other,Office,Unmarried,25-34,Low,76
179,6.3,3.8,21.0,2.9,Slightly irregular,4,Self-employed,Office,Married,45-54,Low,83
180,6.7,6.8,65.0,2.6,Slightly irregular,3,Software/IT,Remote,Married,25-34,Low,87
181,8.0,11.4,30.0,0.6,Regular,3,Healthcare,Remote,Unmarried,25-34,Moderate,75
182,6.7,8.8,0.0,,Irregular,2,Self-employed,Office,Married,35-44,High,56
183,5.9,5.3,34.0,2.4,Regular,3,Banking/Finance,Remote,Married,25-34,Low,86
184,7.7,14.0,37.0,1.8,Regular,5,Other,Office,Unmarried,25-34,Low,80
185,6.9,8.5,22.0,3.1,Regular,4,Self-employed,Hybrid,Unmarried,35-44,Low,90
186,8.2,9.5,0.0,2.4,Slightly irregular,3,Teacher,Office,Unmarried,25-34,Moderate,69
187,6.6,9.5,64.0,2.2,Regular,3,Software/IT,Office,Unmarried,25-34,Low,85
188,4.9,7.8,1.0,1.3,Slightly irregular,1,Teacher,Office,Unmarried,18-24,High,50
189,4.8,6.9,40.0,2.3,Irregular,3,Government,Office,Married,45-54,Moderate,71
190,8.4,13.5,29.0,1.1,Regular,3,Healthcare,Hybrid,Unmarried,25-34,High,70
191,8.5,10.9,38.0,2.9,Irregular,4,Software/IT,Remote,Married,45-54,Low,79
192,6.2,10.5,63.0,2.3,Irregular,5,Government,Office,Unmarried,35-44,Low,79
193,5.9,9.9,37.0,1.4,Regular,2,Software/IT,Hybrid,Unmarried,25-34,Moderate,73
194,8.2,6.3,13.0,2.6,Slightly irregular,5,Healthcare,Hybrid,Unmarried,25-34,Low,88
195,5.1,11.5,49.0,3.6,Irregular,3,Healthcare,Hybrid,Married,25-34,High,62
196,5.3,6.7,11.0,1.8,Slightly irregular,2,Healthcare,Remote,Married,35-44,Moderate,64
197,7.2,9.3,29.0,2.4,Slightly irregular,2,Software/IT,Hybrid,Married,35-44,Low,80
198,5.9,4.8,0.0,1.7,Irregular,5,Government,Remote,Unmarried,35-44,Moderate,69
199,6.4,3.9,2.0,2.1,Slightly irregular,3,Self-employed,Hybrid,Married,35-44,Moderate,71
200,6.2,9.3,26.0,0.9,Regular,2,Government,Hybrid,Married,25-34,Moderate,72
201,6.8,6.7,33.0,2.0,Regular,3,Other,Office,Unmarried,45-54,Low,91
202,8.1,4.0,0.0,2.0,Slightly irregular,4,Teacher,Hybrid,Married,25-34,Low,77
203,6.5,9.8,36.0,3.3,Regular,3,Software/IT,Office,Married,35-44,Low,84
204,7.2,13.5,7.0,0.7,Regular,3,Software/IT,Office,Unmarried,25-34,High,57
205,3.9,11.8,53.0,1.8,Regular,4,Government,Remote,Married,25-34,High,64
206,6.3,8.0,17.0,2.9,Irregular,2,Software/IT,Hybrid,Married,35-44,Moderate,70
207,5.4,8.6,0.0,1.8,Slightly irregular,3,Other,Hybrid,Married,25-34,Moderate,61
208,4.9,10.6,27.0,1.9,Regular,2,Banking/Finance,Office,Unmarried,45-54,High,66
209,5.3,11.2,5.0,1.4,Regular,2,Self-employed,Hybrid,Unmarried,35-44,High,53
210,6.0,7.8,53.0,1.3,Regular,4,Healthcare,Remote,Married,35-44,Low,86
211,7.5,8.7,25.0,0.7,Regular,2,Government,Remote,Unmarried,25-34,Low,78
212,4.8,9.3,22.0,1.6,Slightly irregular,1,Healthcare,Office,Married,45-54,High,57
213,6.4,9.9,38.0,1.3,Regular,3,Healthcare,Remote,Unmarried,45-54,Moderate,79
214,5.8,8.3,3.0,2.1,Irregular,3,Self-employed,Hybrid,Married,25-34,Moderate,63
215,6.0,8.3,0.0,1.4,Regular,2,Teacher,Office,Unmarried,25-34,High,64
216,7.6,11.8,34.0,1.7,Regular,2,Other,Remote,Unmarried,45-54,Moderate,75
217,7.0,11.4,1.0,1.7,Irregular,5,Government,Office,Unmarried,18-24,Moderate,65
218,8.0,9.7,1.0,2.0,Regular,4,Government,Office,Married,25-34,Low,76
219,6.2,12.6,43.0,1.6,Regular,3,Teacher,Hybrid,Unmarried,55+,Moderate,71
220,5.6,7.7,37.0,1.3,Regular,5,Software/IT,Remote,Married,25-34,Low,88
221,6.1,12.3,0.0,2.1,Slightly irregular,4,Software/IT,Remote,Unmarried,55+,High,58
222,6.7,9.8,11.0,2.7,Regular,5,Banking/Finance,Office,Unmarried,25-34,Low,83
223,6.6,14.0,5.0,2.1,Irregular,2,Software/IT,Office,Unmarried,25-34,High,47
224,5.1,5.9,64.0,1.6,Slightly irregular,1,Other,Hybrid,Unmarried,25-34,High,67
225,6.5,7.0,45.0,1.9,Irregular,4,Other,Office,Unmarried,25-34,Low,85
226,6.7,9.6,16.0,0.6,Slightly irregular,3,Software/IT,Remote,Unmarried,45-54,Moderate,68
227,9.4,9.5,38.0,1.9,Slightly irregular,5,Government,Remote,Married,35-44,Low,88
228,8.7,13.1,0.0,1.7,Slightly irregular,2,Teacher,Remote,Married,45-54,High,52
229,5.4,7.1,10.0,1.3,Slightly irregular,3,Teacher,Office,Unmarried,25-34,Moderate,65
230,6.1,10.7,27.0,1.5,Slightly irregular,4,Teacher,Hybrid,Unmarried,55+,Moderate,74
231,4.6,11.3,35.0,1.7,Slightly irregular,3,Self-employed,Office,Unmarried,35-44,High,62
232,5.7,10.2,23.0,2.7,Regular,2,Other,Remote,Unmarried,18-24,High,70
233,6.8,6.4,30.0,2.8,Slightly irregular,4,Software/IT,Office,Unmarried,25-34,Low,91
234,7.8,11.8,27.0,1.4,Regular,3,Teacher,Office,Married,25-34,Moderate,76
235,5.5,11.4,21.0,1.6,Slightly irregular,2,Healthcare,Hybrid,Married,25-34,High,58
236,5.6,10.0,18.0,1.7,Regular,2,Healthcare,Remote,Unmarried,45-54,Moderate,66
237,3.8,9.1,16.0,2.6,Regular,1,Software/IT,Office,Married,55+,High,55
238,6.2,9.1,30.0,2.1,Regular,3,Self-employed,Hybrid,Married,18-24,Low,84
239,5.1,8.4,34.0,2.1,Regular,2,Other,Remote,Unmarried,18-24,Moderate,76
240,,10.1,29.0,2.4,Regular,2,Healthcare,Office,Married,25-34,Moderate,74
241,5.3,8.7,0.0,1.6,Regular,1,Self-employed,Hybrid,Married,45-54,High,55
242,6.3,6.6,3.0,3.0,Slightly irregular,5,Government,Office,Unmarried,35-44,Moderate,78
243,4.3,6.2,34.0,2.0,Regular,2,Banking/Finance,Hybrid,Married,35-44,Moderate,72
244,4.6,6.9,57.0,1.4,Irregular,3,Self-employed,Remote,Unmarried,35-44,Moderate,66
245,9.0,9.1,28.0,1.8,Irregular,2,Healthcare,Office,Unmarried,55+,Moderate,75
246,4.9,8.5,16.0,2.9,Regular,4,Banking/Finance,Office,Unmarried,25-34,Low,75
247,5.1,9.1,30.0,1.7,Regular,3,Teacher,Hybrid,Prefer not to say,18-24,Moderate,76
248,8.6,9.8,0.0,2.7,Regular,3,Government,Hybrid,Married,35-44,Moderate,72
249,9.9,7.2,54.0,1.6,Regular,4,Software/IT,Remote,Married,55+,Low,89
250,5.0,12.0,29.0,1.5,Slightly irregular,3,Teacher,Hybrid,Unmarried,35-44,High,60
251,6.0,8.0,10.0,2.5,Slightly irregular,1,Healthcare,Office,Unmarried,45-54,High,65
252,6.8,7.6,21.0,1.4,Slightly irregular,2,Teacher,Remote,Married,45-54,Moderate,76
253,8.5,9.7,13.0,2.6,Regular,3,Teacher,Hybrid,Married,25-34,Low,79
254,5.2,4.4,54.0,2.2,Slightly irregular,2,Software/IT,Remote,Married,35-44,Moderate,74
255,6.1,6.8,21.0,1.4,Regular,5,Other,Hybrid,Married,45-54,Low,87
256,7.3,10.9,28.0,1.9,Irregular,3,Banking/Finance,Office,Married,18-24,Moderate,74
257,6.9,4.6,38.0,1.6,Irregular,4,Teacher,Hybrid,Unmarried,35-44,Low,86
258,5.9,11.2,9.0,2.2,Regular,4,Self-employed,Remote,Unmarried,25-34,Moderate,69
259,6.2,12.1,29.0,3.3,Slightly irregular,3,Self-employed,Hybrid,Unmarried,45-54,Moderate,70
260,4.8,7.8,31.0,1.7,Irregular,2,Software/IT,Remote,Married,25-34,Moderate,66
261,6.1,9.3,0.0,2.4,Slightly irregular,2,Banking/Finance,Hybrid,Married,25-34,High,60
262,6.1,11.2,31.0,2.0,Regular,4,Teacher,Office,Married,35-44,Moderate,81
263,6.7,7.5,24.0,2.0,Slightly irregular,5,Banking/Finance,Hybrid,Unmarried,35-44,Low,91
264,5.7,10.6,28.0,1.9,Regular,3,Government,Hybrid,Unmarried,18-24,Moderate,75
265,7.0,7.1,26.0,1.4,Regular,4,Software/IT,Hybrid,Married,25-34,Low,91
266,7.6,7.5,31.0,2.2,Slightly irregular,5,Healthcare,Office,Unmarried,45-54,Low,96
267,6.6,6.8,54.0,1.8,Regular,4,Teacher,Remote,Unmarried,55+,Low,93
268,6.8,9.4,0.0,1.4,Regular,2,Healthcare,Hybrid,Married,35-44,High,65
269,6.5,11.3,17.0,2.7,Irregular,3,Software/IT,Remote,Unmarried,18-24,High,65
270,6.4,8.2,40.0,2.1,Regular,4,Self-employed,Remote,Married,35-44,Low,92
271,5.5,5.7,36.0,1.8,Slightly irregular,2,Banking/Finance,Remote,Unmarried,35-44,Moderate,74
272,6.8,6.1,35.0,2.9,Slightly irregular,4,Software/IT,Office,Unmarried,25-34,Low,91
273,6.3,9.5,86.0,0.7,Regular,3,Self-employed,Remote,Married,25-34,Low,77
274,8.9,12.8,39.0,2.9,Slightly irregular,4,Software/IT,Office,Married,25-34,Moderate,77
275,8.3,9.5,50.0,1.4,Slightly irregular,3,Banking/Finance,Hybrid,Unmarried,18-24,Low,81
276,6.9,7.7,18.0,2.1,Slightly irregular,3,Healthcare,Office,Unmarried,35-44,Low,82
277,5.5,10.4,3.0,1.6,Slightly irregular,3,Software/IT,Remote,Unmarried,25-34,High,56
278,5.1,8.0,18.0,1.4,Irregular,1,Teacher,Hybrid,Married,25-34,High,56
279,7.8,7.7,41.0,2.9,Irregular,3,Software/IT,Office,Unmarried,25-34,Low,84
280,6.7,6.4,34.0,3.3,Regular,2,Government,Hybrid,Married,35-44,Low,87
281,7.0,11.8,34.0,1.8,Regular,3,Government,Hybrid,Married,35-44,Moderate,80
282,4.3,2.8,20.0,2.2,Slightly irregular,2,Software/IT,Office,Married,25-34,High,63
283,7.5,10.4,17.0,2.0,Irregular,4,Software/IT,Office,Unmarried,25-34,Low,74
284,6.9,7.5,21.0,3.2,Irregular,4,Other,Office,Unmarried,18-24,Low,83
285,5.1,7.7,41.0,0.5,Regular,3,Software/IT,Remote,Married,35-44,Moderate,73
286,5.8,12.5,43.0,2.3,Irregular,2,Teacher,Office,Unmarried,25-34,High,59
287,6.7,7.0,3.0,1.5,Regular,3,Government,Office,Unmarried,25-34,Moderate,75
288,6.5,7.0,42.0,0.4,Regular,2,Software/IT,Office,Married,25-34,Moderate,78
289,6.0,8.3,11.0,1.7,Slightly irregular,3,Other,Hybrid,Married,18-24,Moderate,70
290,6.3,9.6,35.0,3.3,Regular,3,Software/IT,Office,Married,25-34,Low,83
291,6.1,7.6,21.0,1.5,Slightly irregular,4,Self-employed,Office,Married,35-44,Low,80
292,6.6,5.0,59.0,2.6,Regular,3,Teacher,Remote,Married,25-34,Low,90
293,8.2,6.6,16.0,2.8,Slightly irregular,5,Software/IT,Remote,Unmarried,35-44,Low,89
294,3.5,11.5,29.0,2.0,Irregular,2,Teacher,Remote,Married,18-24,High,47
295,6.1,8.8,38.0,2.1,Regular,3,Other,Remote,Unmarried,45-54,Low,84
296,6.6,9.6,6.0,0.8,Slightly irregular,4,Healthcare,Office,Prefer not to say,25-34,Moderate,67
297,6.8,8.0,23.0,1.5,Slightly irregular,4,Software/IT,Hybrid,Married,35-44,Low,85
298,6.0,7.1,19.0,2.6,Regular,2,Other,Hybrid,Married,25-34,Moderate,77
299,4.3,12.5,14.0,2.0,Slightly irregular,3,Software/IT,Office,Married,25-34,High,50
300,6.8,8.2,,2.3,Slightly irregular,3,Software/IT,Office,Unmarried,35-44,Low,79
301,8.5,7.6,49.0,2.1,Regular,2,Software/IT,Hybrid,Married,18-24,Low,89
302,4.6,11.1,12.0,3.5,Irregular,3,Self-employed,Hybrid,Unmarried,18-24,High,51
303,7.4,6.9,37.0,1.7,Regular,2,Software/IT,Hybrid,Unmarried,18-24,Low,87
304,6.0,7.2,32.0,3.1,Regular,3,Software/IT,Hybrid,Unmarried,55+,Low,86
305,6.3,8.6,0.0,2.1,Regular,2,Other,Hybrid,Unmarried,45-54,Moderate,68
306,5.1,8.6,36.0,3.2,Slightly irregular,2,Banking/Finance,Remote,Unmarried,35-44,Moderate,71
307,6.0,9.2,,1.1,Irregular,2,Teacher,Office,Unmarried,25-34,High,51
308,8.0,13.4,39.0,2.1,Regular,5,Banking/Finance,Hybrid,Unmarried,18-24,Low,83
309,7.1,9.4,14.0,1.7,Regular,3,Teacher,Remote,Married,45-54,Low,79
310,8.5,3.1,25.0,2.1,Regular,3,Healthcare,Office,Unmarried,25-34,Low,90
311,7.8,9.4,0.0,2.9,Slightly irregular,4,Teacher,Hybrid,Unmarried,25-34,Moderate,73
312,6.9,8.7,28.0,2.3,Regular,3,Banking/Finance,Hybrid,Unmarried,45-54,Low,89
313,8.5,8.7,45.0,2.9,Regular,4,Government,Remote,Unmarried,25-34,Low,94
314,6.9,9.2,7.0,1.5,Regular,2,Teacher,Remote,Married,45-54,Moderate,70
315,7.4,8.5,12.0,1.4,Slightly irregular,3,Software/IT,Hybrid,Unmarried,35-44,Low,75
316,6.0,8.5,35.0,2.0,Slightly irregular,5,Teacher,Hybrid,Unmarried,45-54,Low,88
317,6.5,10.0,36.0,2.0,Slightly irregular,3,Government,Remote,Unmarried,35-44,Moderate,79
318,5.6,7.4,0.0,1.9,Regular,3,Self-employed,Office,Married,25-34,Moderate,68
319,7.6,6.4,69.0,1.3,Slightly irregular,2,Self-employed,Office,Married,35-44,Moderate,81
320,5.0,14.0,37.0,2.8,Slightly irregular,2,Other,Hybrid,Married,45-54,High,54
321,7.3,7.0,40.0,1.7,Slightly irregular,4,Self-employed,Office,Married,35-44,Low,91
322,6.2,8.8,22.0,3.0,Regular,3,Other,Hybrid,Unmarried,45-54,Low,81
323,7.8,5.2,0.0,2.0,Regular,4,Banking/Finance,Remote,Married,55+,Low,81
324,7.3,8.9,40.0,2.5,Slightly irregular,4,Teacher,Hybrid,Unmarried,35-44,Low,89
325,8.6,6.5,13.0,2.4,Regular,2,Banking/Finance,Hybrid,Unmarried,45-54,Low,80
326,7.3,7.6,37.0,1.4,Slightly irregular,4,Software/IT,Hybrid,Unmarried,25-34,Low,89
327,4.5,11.0,20.0,2.3,Regular,1,Software/IT,Office,Unmarried,55+,High,55
328,6.3,9.7,30.0,3.3,Regular,2,Teacher,Hybrid,Unmarried,45-54,Moderate,79
329,5.0,9.9,8.0,2.2,Slightly irregular,3,Teacher,Remote,Married,18-24,High,59
330,5.8,4.5,44.0,2.6,Regular,4,Government,Remote,Married,35-44,Low,89
331,,12.8,0.0,2.5,Regular,3,Teacher,Office,Unmarried,25-34,High,62
332,7.2,5.9,74.0,2.2,Irregular,3,Software/IT,Remote,Married,45-54,Low,84
333,5.6,12.1,74.0,2.1,Regular,3,Other,Office,Married,18-24,Moderate,71
334,5.2,10.9,61.0,2.4,Irregular,3,Banking/Finance,Remote,Unmarried,25-34,High,64
335,6.4,9.9,53.0,2.5,Regular,4,Software/IT,Office,Unmarried,25-34,Low,87
336,,6.6,23.0,1.1,Irregular,2,Teacher,Hybrid,Married,25-34,High,60
337,5.6,8.9,51.0,2.2,Irregular,4,Software/IT,Remote,Unmarried,55+,Moderate,77
338,6.8,7.5,23.0,1.9,Regular,4,Other,Remote,Married,35-44,Low,91
339,7.8,8.7,0.0,1.7,Slightly irregular,5,Teacher,Remote,Married,25-34,Low,77
340,7.1,8.0,58.0,2.9,Slightly irregular,4,Other,Remote,Married,45-54,Low,92
341,3.7,3.9,50.0,1.5,Slightly irregular,2,Teacher,Remote,Married,18-24,High,62
342,6.8,11.2,24.0,1.0,Regular,3,Self-employed,Hybrid,Married,25-34,Moderate,73
343,6.5,8.4,0.0,,Irregular,2,Software/IT,Hybrid,Unmarried,25-34,High,61
344,6.9,7.5,12.0,1.0,Slightly irregular,3,Healthcare,Hybrid,Married,45-54,Low,74
345,8.3,7.3,0.0,0.7,Irregular,4,Teacher,Office,Married,45-54,Moderate,67
346,3.9,9.4,46.0,2.6,Irregular,2,Teacher,Office,Married,35-44,High,57
347,5.7,6.5,0.0,2.1,Irregular,3,Other,Office,Married,25-34,High,61
348,7.1,3.4,31.0,2.3,Slightly irregular,2,Government,Hybrid,Unmarried,25-34,Low,85
349,4.5,9.5,6.0,1.7,Slightly irregular,2,Teacher,Hybrid,Married,35-44,High,51
350,8.2,9.8,0.0,1.0,Irregular,5,Government,Office,Unmarried,35-44,Moderate,66
351,6.8,8.1,30.0,1.2,Slightly irregular,4,Software/IT,Office,Married,25-34,Low,87
352,7.4,6.0,18.0,1.8,Regular,4,Other,Office,Married,18-24,Low,89
353,5.7,8.8,43.0,1.1,Slightly irregular,3,Healthcare,Office,Unmarried,45-54,Moderate,73
354,7.4,5.2,0.0,2.2,Regular,3,Software/IT,Office,Unmarried,35-44,Low,78
355,7.7,6.2,8.0,1.7,Irregular,2,Teacher,Office,Unmarried,18-24,Moderate,68
356,6.7,6.9,0.0,2.1,Slightly irregular,3,Software/IT,Hybrid,Married,55+,Moderate,72
357,6.7,10.5,0.0,2.1,Slightly irregular,1,Other,Remote,Married,25-34,High,56
358,6.7,7.8,65.0,2.3,Regular,3,Teacher,Office,Unmarried,35-44,Low,91
359,5.4,7.6,71.0,2.3,Slightly irregular,3,Software/IT,Office,Prefer not to say,25-34,Low,78
360,6.2,13.1,27.0,1.8,Regular,2,Self-employed,Remote,Married,45-54,Moderate,65
361,6.2,9.4,7.0,2.1,Slightly irregular,5,Software/IT,Remote,Unmarried,18-24,Moderate,75
362,6.9,9.4,18.0,2.2,Slightly irregular,5,Software/IT,Office,Married,55+,Low,85
363,7.6,7.7,44.0,0.3,Slightly irregular,4,Government,Hybrid,Unmarried,35-44,Low,84
364,5.1,7.2,14.0,2.5,Regular,2,Software/IT,Office,Married,25-34,Moderate,69
365,6.2,3.6,30.0,2.1,Slightly irregular,5,Self-employed,Remote,Married,25-34,Low,91
366,8.2,10.8,25.0,2.4,Slightly irregular,4,Banking/Finance,Remote,Married,45-54,Low,81
367,5.5,9.6,12.0,1.1,Irregular,2,Teacher,Office,Unmarried,18-24,High,53
368,5.4,8.2,13.0,1.8,Irregular,3,Healthcare,Office,Unmarried,18-24,Moderate,64
369,6.6,8.3,31.0,1.2,Slightly irregular,4,Teacher,Hybrid,Unmarried,35-44,Low,85
370,7.4,10.3,4.0,2.5,Regular,3,Healthcare,Remote,Unmarried,18-24,Moderate,72
371,6.4,5.0,35.0,1.0,Regular,3,Banking/Finance,Remote,Married,35-44,Low,84
372,8.0,7.2,15.0,1.3,Irregular,4,Self-employed,Remote,Married,35-44,Low,77
373,7.4,6.0,28.0,2.4,Irregular,2,Healthcare,Office,Unmarried,18-24,Moderate,80
374,7.4,12.7,55.0,1.6,Regular,3,Self-employed,Hybrid,Married,25-34,Moderate,76
375,7.1,10.6,21.0,1.4,Slightly irregular,2,Software/IT,Office,Married,18-24,Moderate,69
376,9.2,3.5,45.0,2.6,Regular,5,Other,Office,Married,55+,Low,99
377,6.2,5.1,0.0,2.7,Regular,2,Software/IT,Hybrid,Married,25-34,Moderate,69
378,4.0,8.3,15.0,2.5,Irregular,2,Self-employed,Remote,Married,35-44,High,54
379,8.3,7.5,26.0,2.6,Irregular,2,Healthcare,Office,Unmarried,35-44,Moderate,79
380,5.9,5.6,67.0,1.8,Irregular,2,Software/IT,Remote,Unmarried,35-44,Moderate,73
381,6.5,13.1,0.0,1.9,Regular,2,Teacher,Office,Married,25-34,High,54
382,8.0,9.3,23.0,1.5,Slightly irregular,3,Other,Hybrid,Married,25-34,Moderate,78
383,4.5,9.7,57.0,2.1,Irregular,3,Self-employed,Hybrid,Unmarried,35-44,High,64
384,4.9,7.0,8.0,1.6,Slightly irregular,3,Government,Hybrid,Unmarried,35-44,High,62
385,4.5,10.3,20.0,1.7,Regular,1,Teacher,Hybrid,Unmarried,35-44,High,56
386,5.4,7.7,32.0,2.4,Slightly irregular,2,Banking/Finance,Office,Married,18-24,Moderate,75
387,6.9,7.9,29.0,2.8,Regular,2,Teacher,Hybrid,Unmarried,35-44,Low,88
388,7.0,10.0,59.0,2.3,Slightly irregular,4,Banking/Finance,Hybrid,Unmarried,18-24,Low,86
389,6.7,4.9,35.0,3.3,Irregular,3,Teacher,Hybrid,Married,25-34,Low,83
390,4.7,12.3,54.0,1.5,Regular,2,Self-employed,Hybrid,Unmarried,35-44,High,58
391,3.6,9.0,17.0,0.7,Regular,1,Government,Office,Married,18-24,High,48
392,6.5,11.5,9.0,2.5,Slightly irregular,5,Teacher,Office,Unmarried,55+,Moderate,71
393,5.8,6.1,20.0,1.5,Slightly irregular,2,Banking/Finance,Office,Unmarried,35-44,Moderate,70
394,7.0,6.5,0.0,1.8,Regular,3,Teacher,Office,Married,25-34,Moderate,76
395,7.2,5.9,36.0,0.8,Regular,3,Software/IT,Hybrid,Married,18-24,Low,86
396,6.6,9.2,17.0,1.4,Slightly irregular,3,Teacher,Remote,Married,35-44,Moderate,73
397,7.3,8.8,10.0,0.9,Regular,3,Teacher,Remote,Unmarried,45-54,Low,74
398,6.7,7.5,36.0,1.7,Slightly irregular,1,Teacher,Office,Unmarried,18-24,Moderate,78
399,7.0,6.3,0.0,1.7,Slightly irregular,2,Government,Hybrid,Married,25-34,Moderate,68
400,5.6,5.7,42.0,2.1,Regular,2,Government,Office,Prefer not to say,35-44,Moderate,80
401,6.2,8.5,14.0,2.9,Slightly irregular,4,Healthcare,Hybrid,Married,25-34,Low,78
402,6.6,7.5,51.0,2.5,Slightly irregular,5,Other,Remote,Married,25-34,Low,94
403,7.4,7.0,16.0,0.9,Slightly irregular,3,Other,Hybrid,Married,25-34,Low,76
404,5.9,12.2,39.0,2.4,Slightly irregular,2,Software/IT,Hybrid,Unmarried,25-34,Moderate,65
405,7.0,8.4,29.0,2.1,Regular,4,Healthcare,Hybrid,Unmarried,25-34,Low,94
406,6.1,11.5,41.0,1.9,Regular,2,Other,Office,Unmarried,25-34,Moderate,72
407,6.3,7.4,27.0,2.0,Slightly irregular,2,Teacher,Office,Unmarried,18-24,Moderate,79
408,7.4,9.2,0.0,2.1,Slightly irregular,3,Teacher,Hybrid,Married,18-24,Moderate,70
409,4.0,8.5,47.0,1.5,Regular,2,Other,Office,Married,55+,High,66
410,4.8,4.7,23.0,1.9,Regular,2,Self-employed,Hybrid,Unmarried,18-24,Moderate,71
411,4.6,11.9,42.0,2.8,Slightly irregular,1,Self-employed,Office,Married,18-24,High,54
412,3.6,8.3,40.0,1.5,Regular,1,Other,Hybrid,Unmarried,45-54,High,60
413,5.6,10.3,8.0,1.3,Irregular,4,Software/IT,Office,Married,55+,High,58
414,7.3,6.9,5.0,2.0,Slightly irregular,3,Government,Hybrid,Married,45-54,Low,76
415,6.1,8.2,39.0,1.2,Regular,3,Self-employed,Remote,Married,18-24,Low,82
416,6.6,6.6,18.0,0.8,Slightly irregular,1,Teacher,Office,Married,35-44,Moderate,66
417,7.7,11.4,46.0,1.8,Regular,4,Software/IT,Hybrid,Prefer not to say,35-44,Low,85
418,8.0,9.3,21.0,3.0,Irregular,3,Software/IT,Office,Married,35-44,Moderate,76
419,6.3,9.4,48.0,2.0,Irregular,4,Government,Hybrid,Unmarried,18-24,Moderate,80
420,8.0,11.7,34.0,2.1,Irregular,4,Government,Remote,Married,25-34,Low,77
421,6.5,11.3,31.0,0.5,Slightly irregular,2,Other,Remote,Unmarried,25-34,High,64
422,5.4,10.4,17.0,2.3,Irregular,1,Teacher,Office,Unmarried,35-44,High,53
423,5.7,5.3,30.0,2.1,Slightly irregular,5,Banking/Finance,Hybrid,Married,25-34,Low,88
424,4.6,7.0,51.0,1.5,Irregular,3,Software/IT,Hybrid,Married,25-34,Moderate,67
425,5.3,6.3,24.0,2.1,Regular,3,Other,Remote,Married,35-44,Moderate,79
426,6.0,10.3,37.0,2.1,Irregular,4,Banking/Finance,Hybrid,Unmarried,45-54,Moderate,75
427,7.4,9.0,26.0,1.3,Slightly irregular,3,Government,Office,Married,45-54,Low,80
428,8.5,5.4,28.0,2.2,Regular,5,Teacher,Office,Married,35-44,Low,99
429,4.7,8.2,63.0,2.8,Irregular,2,Software/IT,Hybrid,Unmarried,25-34,High,66
430,6.9,5.2,51.0,1.8,Slightly irregular,4,Software/IT,Hybrid,Unmarried,45-54,Low,91
431,5.2,8.5,27.0,1.4,Irregular,2,Self-employed,Hybrid,Married,25-34,High,63
432,7.0,4.8,30.0,1.9,Regular,3,Software/IT,Office,Married,18-24,Low,92
433,6.2,9.8,10.0,2.6,Slightly irregular,3,Self-employed,Office,Unmarried,25-34,Moderate,68
434,4.2,9.5,21.0,1.1,Slightly irregular,1,Teacher,Remote,Married,35-44,High,50
435,7.5,13.0,32.0,2.4,Regular,4,Banking/Finance,Office,Unmarried,18-24,Low,81
436,5.7,10.6,44.0,1.5,Slightly irregular,2,Teacher,Remote,Married,25-34,High,66
437,5.8,7.6,41.0,2.2,Slightly irregular,1,Software/IT,Remote,Prefer not to say,18-24,Moderate,74
438,5.1,10.5,1.0,1.6,Regular,2,Banking/Finance,Remote,Unmarried,35-44,High,53
439,5.6,5.4,46.0,,Slightly irregular,2,Teacher,Remote,Unmarried,35-44,Moderate,74
440,6.9,6.4,23.0,3.1,Regular,4,Healthcare,Hybrid,Unmarried,25-34,Low,92
441,6.2,9.4,3.0,1.0,Irregular,3,Banking/Finance,Remote,Prefer not to say,25-34,High,57
442,6.8,3.6,54.0,2.3,Irregular,4,Teacher,Remote,Unmarried,45-54,Low,87
443,6.8,8.5,57.0,3.2,Slightly irregular,4,Banking/Finance,Remote,Unmarried,25-34,Low,89
444,8.0,6.3,31.0,2.5,Slightly irregular,3,Banking/Finance,Remote,Unmarried,25-34,Low,88
445,6.0,8.8,41.0,1.1,Regular,3,Software/IT,Hybrid,Married,35-44,Low,79
446,4.6,6.1,42.0,1.1,Regular,2,Teacher,Office,Unmarried,35-44,High,69
447,7.7,9.6,56.0,1.5,Irregular,4,Software/IT,Hybrid,Unmarried,35-44,Low,81
448,6.0,8.6,41.0,2.1,Regular,3,Software/IT,Remote,Unmarried,18-24,Low,84
449,7.7,11.8,0.0,2.2,Regular,3,Software/IT,Hybrid,Unmarried,45-54,Moderate,66
450,6.9,8.6,69.0,1.1,Regular,3,Banking/Finance,Hybrid,Unmarried,25-34,Low,86
451,6.2,6.8,48.0,1.4,Slightly irregular,3,Software/IT,Remote,Unmarried,45-54,Low,80
452,6.8,8.0,14.0,1.4,Irregular,2,Other,Hybrid,Unmarried,35-44,Moderate,68
453,8.7,5.5,2.0,1.9,Regular,4,Government,Hybrid,Unmarried,25-34,Low,82
454,8.9,9.5,36.0,3.4,Regular,2,Software/IT,Hybrid,Married,25-34,Low,84
455,6.5,10.0,19.0,1.3,Regular,4,Banking/Finance,Office,Married,25-34,Low,78
456,6.6,14.0,32.0,1.3,Regular,3,Software/IT,Hybrid,Unmarried,25-34,High,68
457,7.7,7.2,41.0,1.2,Regular,5,Software/IT,Remote,Married,45-54,Low,96
458,5.4,8.0,13.0,2.4,Slightly irregular,2,Other,Remote,Unmarried,45-54,Moderate,66
459,6.8,7.3,0.0,2.0,Slightly irregular,4,Healthcare,Office,Unmarried,25-34,Moderate,76
460,6.4,9.1,33.0,1.4,Regular,4,Software/IT,Office,Married,45-54,Low,86
461,6.8,9.5,13.0,1.7,Slightly irregular,3,Self-employed,Office,Unmarried,45-54,Low,73
462,5.4,8.5,28.0,1.4,Slightly irregular,2,Other,Office,Unmarried,45-54,High,69
463,4.5,11.1,0.0,2.2,Regular,1,Banking/Finance,Hybrid,Prefer not to say,25-34,High,45
464,3.9,7.2,19.0,3.9,Regular,1,Government,Remote,Married,25-34,High,60
465,5.1,10.9,41.0,2.4,Slightly irregular,2,Self-employed,Office,Married,45-54,High,64
466,5.8,9.8,38.0,1.9,Regular,2,Government,Remote,Unmarried,35-44,Moderate,75
467,6.0,8.6,8.0,1.5,Irregular,4,Healthcare,Office,Unmarried,25-34,High,67
468,8.7,7.9,0.0,1.1,Irregular,2,Self-employed,Hybrid,Unmarried,25-34,High,61
469,7.7,14.0,25.0,2.5,Irregular,3,Healthcare,Remote,Unmarried,18-24,High,63
470,5.2,6.7,37.0,2.5,Regular,3,Teacher,Remote,Married,25-34,Moderate,81
471,6.8,9.3,34.0,1.7,Regular,3,Software/IT,Hybrid,Married,25-34,Low,86
472,5.9,6.9,14.0,2.8,Irregular,3,Teacher,Hybrid,Unmarried,35-44,Moderate,70
473,6.1,12.7,32.0,2.0,Slightly irregular,4,Software/IT,Remote,Married,25-34,Moderate,72
474,6.6,10.6,58.0,2.5,Regular,3,Software/IT,Remote,Prefer not to say,35-44,Low,82
475,7.1,7.0,30.0,2.2,Slightly irregular,3,Healthcare,Hybrid,Unmarried,18-24,Low,88
476,6.0,9.8,0.0,1.9,Regular,3,Other,Office,Unmarried,18-24,High,65
477,7.7,9.2,29.0,1.3,Slightly irregular,5,Software/IT,Office,Unmarried,25-34,Low,88
478,5.0,7.4,70.0,1.9,Irregular,4,Teacher,Office,Married,25-34,Moderate,75
479,6.4,10.3,0.0,2.6,Slightly irregular,2,Self-employed,Hybrid,Married,45-54,High,59
480,9.5,9.5,26.0,1.6,Slightly irregular,2,Healthcare,Hybrid,Unmarried,25-34,Moderate,73
481,6.7,9.1,20.0,2.3,Irregular,4,Government,Remote,Unmarried,25-34,Low,78
482,8.1,8.5,27.0,1.2,Slightly irregular,4,Banking/Finance,Remote,Unmarried,35-44,Low,85
483,6.5,9.6,29.0,2.5,Regular,5,Banking/Finance,Remote,Married,35-44,Low,91
484,7.1,9.1,50.0,2.2,Slightly irregular,4,Software/IT,Office,Unmarried,18-24,Low,89
485,6.3,8.7,27.0,1.2,Regular,4,Teacher,Hybrid,Married,35-44,Low,84
486,6.2,7.1,53.0,1.8,Regular,4,Banking/Finance,Remote,Married,18-24,Low,90
487,5.5,12.5,22.0,2.7,Slightly irregular,4,Software/IT,Hybrid,Prefer not to say,25-34,High,65
488,6.9,6.2,17.0,1.1,Regular,4,Software/IT,Hybrid,Married,25-34,Low,85
489,5.4,9.6,,1.3,Regular,1,Teacher,Hybrid,Married,35-44,High,56
490,7.2,7.9,0.0,2.0,Slightly irregular,3,Government,Office,Married,35-44,Moderate,74
491,7.7,12.6,31.0,3.5,Regular,4,Healthcare,Office,Unmarried,35-44,Moderate,82
492,6.8,6.5,70.0,1.5,Slightly irregular,3,Government,Office,Married,25-34,Low,85
493,6.1,6.9,35.0,2.3,Regular,3,Government,Office,Married,25-34,Low,87
494,6.9,6.4,40.0,2.2,Slightly irregular,5,Software/IT,Remote,Married,35-44,Low,95
495,6.0,9.3,16.0,1.6,Irregular,2,Other,Office,Unmarried,25-34,Moderate,61
496,7.5,5.4,20.0,2.1,Regular,4,Self-employed,Office,Married,35-44,Low,91
497,4.2,7.5,47.0,1.7,Slightly irregular,3,Teacher,Hybrid,Unmarried,25-34,Moderate,70
498,6.0,3.6,69.0,1.7,Regular,2,Healthcare,Office,Unmarried,25-34,Low,81
499,4.0,9.2,58.0,0.8,Regular,1,Teacher,Office,Unmarried,35-44,High,56
500,4.6,7.4,43.0,2.0,Regular,1,Other,Office,Married,25-34,High,70
501,8.0,5.2,26.0,2.6,Regular,4,Teacher,Remote,Unmarried,45-54,Low,94
502,7.5,11.1,30.0,2.0,Regular,3,Healthcare,Hybrid,Married,35-44,Low,83
503,5.5,5.6,8.0,2.8,Slightly irregular,2,Other,Office,Married,25-34,High,64
504,4.6,10.4,0.0,2.4,Slightly irregular,1,Banking/Finance,Office,Unmarried,25-34,High,44
505,3.5,7.0,0.0,2.0,Irregular,2,Software/IT,Remote,Married,18-24,High,44
506,5.7,12.3,26.0,1.6,Irregular,3,Banking/Finance,Hybrid,Married,25-34,High,59
507,9.3,10.3,19.0,1.7,Regular,3,Self-employed,Remote,Married,25-34,Low,76
508,6.9,6.3,0.0,1.0,Regular,2,Teacher,Hybrid,Married,18-24,Moderate,68
509,5.7,6.5,24.0,1.8,Regular,3,Healthcare,Office,Married,35-44,Low,80
510,7.0,10.0,18.0,2.1,Slightly irregular,4,Banking/Finance,Hybrid,Married,25-34,Low,80
511,4.5,8.0,0.0,3.2,Irregular,2,Healthcare,Hybrid,Unmarried,18-24,High,50
512,6.0,8.2,17.0,2.4,Regular,2,Other,Office,Married,25-34,Moderate,75
513,6.5,11.5,18.0,1.4,Regular,3,Healthcare,Hybrid,Married,35-44,Moderate,69
514,6.3,6.9,11.0,1.0,Regular,4,Banking/Finance,Office,Unmarried,25-34,Low,77
515,7.3,8.8,45.0,1.9,Irregular,3,Self-employed,Remote,Unmarried,45-54,Low,82
516,6.8,10.8,0.0,2.6,Slightly irregular,3,Software/IT,Remote,Unmarried,45-54,High,64
517,7.2,10.5,0.0,1.8,Slightly irregular,3,Software/IT,Office,Married,45-54,High,65
518,5.6,8.2,25.0,2.4,Slightly irregular,2,Other,Hybrid,Married,35-44,Moderate,73
519,7.5,7.9,27.0,1.9,Regular,2,Government,Hybrid,Married,35-44,Low,87
520,8.4,4.6,34.0,2.5,Regular,2,Healthcare,Hybrid,Unmarried,25-34,Low,89
521,5.2,6.2,13.0,0.9,Slightly irregular,4,Software/IT,Office,Unmarried,35-44,Moderate,67
522,5.3,9.3,5.0,3.1,Slightly irregular,3,Software/IT,Remote,Married,25-34,High,61
523,,8.3,25.0,1.2,Regular,3,Software/IT,Hybrid,Married,25-34,Low,85
524,6.2,8.8,15.0,2.6,Regular,3,Healthcare,Remote,Married,45-54,Moderate,78
525,8.1,11.0,59.0,1.8,Regular,4,Banking/Finance,Office,Married,35-44,Low,86
526,5.9,5.9,18.0,1.9,Regular,2,Software/IT,Hybrid,Married,18-24,Moderate,75
527,8.1,8.1,24.0,1.8,Regular,3,Banking/Finance,Office,Prefer not to say,25-34,Low,88
528,6.6,9.0,79.0,2.2,Regular,3,Other,Office,Married,25-34,Low,87
529,6.7,7.0,21.0,2.3,Slightly irregular,5,Other,Office,Married,45-54,Low,90
530,8.3,11.9,37.0,2.7,Irregular,4,Self-employed,Hybrid,Unmarried,45-54,Moderate,76
531,6.0,10.7,39.0,3.0,Slightly irregular,3,Healthcare,Remote,Married,18-24,Moderate,74
532,5.3,9.3,41.0,2.2,Slightly irregular,4,Banking/Finance,Office,Prefer not to say,18-24,Moderate,78
533,5.9,12.7,31.0,3.2,Irregular,4,Healthcare,Office,Married,18-24,High,67
534,6.9,5.2,29.0,2.1,Irregular,2,Software/IT,Office,Unmarried,35-44,Moderate,80
535,4.5,8.6,27.0,2.8,Regular,2,Self-employed,Office,Married,35-44,Moderate,70
536,7.2,9.4,12.0,2.3,Regular,3,Government,Hybrid,Married,35-44,Low,79
537,5.8,6.5,32.0,1.6,Regular,3,Banking/Finance,Hybrid,Unmarried,35-44,Low,83
538,7.8,9.3,,2.1,Irregular,3,Teacher,Office,Unmarried,18-24,Low,80
539,3.5,6.1,52.0,2.4,Regular,2,Software/IT,Remote,Married,25-34,Moderate,67
540,5.5,10.2,32.0,2.0,Regular,2,Other,Office,Married,25-34,Moderate,72
541,4.4,11.0,44.0,2.3,Slightly irregular,3,Software/IT,Office,Married,35-44,High,63
542,5.4,9.2,6.0,2.6,Slightly irregular,1,Software/IT,Hybrid,Married,35-44,High,55
543,6.7,4.3,19.0,2.0,Slightly irregular,3,Banking/Finance,Hybrid,Unmarried,45-54,Low,81
544,6.2,6.4,46.0,0.3,Slightly irregular,1,Government,Office,Unmarried,18-24,Moderate,68
545,6.1,9.9,58.0,3.2,Slightly irregular,2,Software/IT,Office,Unmarried,45-54,Moderate,73
546,6.2,8.6,8.0,1.8,Irregular,3,Software/IT,Remote,Married,25-34,Moderate,66
547,6.6,2.4,14.0,1.4,Regular,3,Self-employed,Hybrid,Unmarried,25-34,Low,79
548,5.2,11.5,73.0,1.2,Irregular,2,Other,Office,Unmarried,18-24,High,55
549,7.2,8.9,27.0,1.8,Slightly irregular,4,Healthcare,Office,Married,25-34,Low,87
550,7.2,6.7,65.0,1.6,Regular,4,Self-employed,Office,Married,25-34,Low,94
551,6.9,10.9,30.0,1.5,Irregular,3,Teacher,Hybrid,Unmarried,25-34,Moderate,72
552,7.1,7.0,30.0,1.5,Irregular,3,Government,Remote,Unmarried,35-44,Low,82
553,6.8,7.0,18.0,2.4,Irregular,3,Banking/Finance,Hybrid,Married,35-44,Moderate,77
554,8.8,9.4,46.0,3.4,Irregular,4,Self-employed,Office,Unmarried,35-44,Low,84
555,6.3,12.7,55.0,2.6,Regular,2,Self-employed,Hybrid,Unmarried,45-54,Moderate,70
556,6.0,12.3,2.0,2.8,Regular,4,Teacher,Hybrid,Unmarried,35-44,High,63
557,5.5,9.4,17.0,,Regular,4,Software/IT,Hybrid,Prefer not to say,55+,Moderate,74
558,5.2,9.7,45.0,2.1,Irregular,2,Self-employed,Hybrid,Married,18-24,High,64
559,4.9,10.4,22.0,2.3,Irregular,2,Software/IT,Hybrid,Married,55+,High,56
560,5.3,5.7,14.0,1.5,Irregular,3,Government,Office,Unmarried,25-34,Moderate,63
561,6.3,10.1,47.0,1.7,Irregular,3,Healthcare,Hybrid,Unmarried,25-34,Moderate,72
562,6.8,6.9,49.0,2.6,Slightly irregular,4,Software/IT,Office,Married,35-44,Low,91
563,6.5,9.3,15.0,2.8,Regular,3,Government,Hybrid,Unmarried,18-24,Low,78
564,5.5,8.1,30.0,2.0,Regular,4,Healthcare,Office,Unmarried,25-34,Low,87
565,7.5,9.8,0.0,1.2,Slightly irregular,3,Other,Remote,Married,25-34,High,64
566,7.3,8.9,5.0,1.8,Slightly irregular,5,Software/IT,Remote,Married,35-44,Low,80
567,6.2,1.5,28.0,1.0,Regular,3,Software/IT,Hybrid,Married,45-54,Low,82
568,5.6,9.0,26.0,2.1,Irregular,1,Software/IT,Office,Married,18-24,High,63
569,7.1,10.1,4.0,2.2,Slightly irregular,5,Teacher,Office,Unmarried,25-34,Moderate,76
570,6.6,9.6,9.0,1.8,Regular,4,Banking/Finance,Office,Married,35-44,Moderate,77
571,4.7,8.4,2.0,2.2,Irregular,3,Teacher,Hybrid,Unmarried,25-34,High,55
572,6.3,12.4,35.0,2.3,Slightly irregular,3,Software/IT,Hybrid,Married,25-34,Moderate,70
573,6.7,9.3,0.0,2.2,Slightly irregular,2,Other,Office,Unmarried,25-34,High,64
574,5.3,9.6,3.0,1.2,Regular,1,Software/IT,Hybrid,Married,35-44,High,52
575,6.6,11.0,0.0,1.8,Regular,3,Teacher,Office,Unmarried,25-34,High,65
576,4.7,9.4,34.0,2.3,Regular,4,Other,Office,Married,18-24,Moderate,78
577,8.0,6.5,0.0,3.1,Slightly irregular,4,Banking/Finance,Office,Unmarried,18-24,Low,77
578,7.9,3.0,26.0,1.8,Slightly irregular,5,Teacher,Remote,Married,25-34,Low,93
579,6.1,7.5,61.0,2.4,Irregular,4,Other,Hybrid,Unmarried,25-34,Low,83
580,6.8,10.4,62.0,2.6,Irregular,3,Healthcare,Remote,Married,35-44,Low,76
581,3.5,7.8,0.0,1.9,Regular,3,Software/IT,Office,Married,45-54,High,55
582,5.0,10.4,32.0,2.8,Irregular,4,Software/IT,Office,Unmarried,25-34,High,68
583,6.0,8.9,3.0,2.8,Regular,3,Other,Hybrid,Married,25-34,Moderate,70
584,5.1,11.6,0.0,3.0,Regular,2,Teacher,Office,Unmarried,18-24,High,51
585,7.3,7.9,23.0,2.3,Slightly irregular,3,Self-employed,Remote,Unmarried,55+,Low,85
586,8.8,9.7,52.0,3.7,Irregular,1,Software/IT,Remote,Married,25-34,Moderate,72
587,5.0,9.8,38.0,1.6,Irregular,3,Software/IT,Remote,Unmarried,35-44,High,64
588,5.4,12.1,9.0,3.5,Irregular,3,Self-employed,Office,Married,45-54,High,51
589,6.7,4.7,41.0,2.5,Regular,3,Other,Remote,Unmarried,55+,Low,91
590,8.3,7.5,0.0,2.9,Regular,4,Software/IT,Remote,Married,45-54,Low,81
591,4.9,10.6,8.0,1.8,Regular,2,Software/IT,Remote,Unmarried,25-34,High,56
592,6.7,12.2,7.0,2.6,Slightly irregular,1,Government,Hybrid,Unmarried,35-44,High,54
593,8.6,9.2,27.0,3.0,Slightly irregular,5,Healthcare,Hybrid,Married,55+,Low,91
594,4.4,7.9,21.0,1.2,Regular,2,Healthcare,Remote,Unmarried,35-44,High,64
595,4.9,10.3,22.0,1.9,Slightly irregular,2,Software/IT,Office,Married,35-44,High,60
596,5.9,10.6,21.0,0.5,Slightly irregular,4,Other,Office,Unmarried,45-54,Moderate,65
597,5.8,7.8,25.0,1.9,Slightly irregular,4,Software/IT,Hybrid,Married,35-44,Low,82
598,7.4,9.4,37.0,1.4,Regular,3,Teacher,Office,Married,35-44,Moderate,85
599,6.7,11.3,28.0,1.8,Regular,4,Teacher,Office,Married,35-44,Low,82
600,4.3,12.9,19.0,4.0,Slightly irregular,1,Software/IT,Office,Unmarried,25-34,High,43
601,7.0,10.3,34.0,3.2,Slightly irregular,3,Healthcare,Remote,Prefer not to say,25-34,Low,81
602,5.7,8.7,43.0,,Regular,4,Teacher,Office,Prefer not to say,35-44,Low,81
603,7.9,8.5,13.0,2.4,Regular,3,Banking/Finance,Hybrid,Unmarried,55+,Low,82
604,,9.9,24.0,2.6,Irregular,2,Teacher,Remote,Unmarried,45-54,High,63
605,5.6,8.3,51.0,1.8,Slightly irregular,3,Software/IT,Office,Unmarried,25-34,Moderate,78
606,7.0,9.0,1.0,2.1,Regular,3,Other,Remote,Unmarried,45-54,Low,75
607,7.3,6.2,65.0,2.2,Slightly irregular,4,Healthcare,Office,Married,18-24,Low,92
608,6.9,11.6,0.0,1.1,Slightly irregular,2,Teacher,Office,Unmarried,35-44,High,53
609,4.4,6.0,17.0,1.3,Regular,1,Software/IT,Hybrid,Married,45-54,High,59
610,7.0,7.6,,2.1,Regular,4,Banking/Finance,Remote,Unmarried,55+,Low,83
611,5.2,8.8,73.0,2.1,Irregular,2,Self-employed,Office,Married,35-44,Moderate,67
612,6.7,13.2,14.0,1.5,Slightly irregular,2,Banking/Finance,Remote,Married,35-44,High,56
613,4.7,7.6,14.0,1.4,Regular,1,Self-employed,Office,Unmarried,25-34,High,60
614,6.9,7.1,17.0,1.9,Slightly irregular,4,Software/IT,Office,Married,35-44,Low,85
615,5.4,7.3,27.0,2.6,Slightly irregular,3,Other,Remote,Prefer not to say,25-34,Moderate,77
616,4.9,12.4,18.0,1.9,Slightly irregular,3,Software/IT,Hybrid,Prefer not to say,18-24,High,55
617,7.3,2.1,22.0,3.1,Regular,3,Teacher,Office,Unmarried,45-54,Low,88
618,6.7,6.3,0.0,1.5,Regular,1,Healthcare,Office,Unmarried,18-24,Moderate,66
619,5.7,14.0,26.0,2.1,Regular,2,Software/IT,Remote,Married,35-44,High,60
620,8.1,10.0,25.0,1.8,Irregular,3,Healthcare,Remote,Married,25-34,Moderate,75
621,5.9,6.1,48.0,2.4,Slightly irregular,2,Software/IT,Remote,Unmarried,18-24,Moderate,78
622,6.4,8.5,54.0,1.5,Irregular,3,Government,Office,Married,25-34,Moderate,77
623,6.7,8.8,21.0,3.3,Regular,3,Government,Remote,Married,18-24,Low,84
624,5.7,10.5,43.0,0.8,Slightly irregular,4,Banking/Finance,Remote,Married,25-34,Moderate,70
625,7.0,12.8,1.0,3.2,Slightly irregular,2,Healthcare,Hybrid,Unmarried,35-44,High,55
626,5.8,9.5,42.0,2.1,Slightly irregular,3,Teacher,Office,Unmarried,35-44,Moderate,76
627,5.9,7.4,12.0,2.4,Regular,3,Self-employed,Hybrid,Married,25-34,Moderate,77
628,8.0,10.4,0.0,2.9,Slightly irregular,3,Healthcare,Office,Married,45-54,High,66
629,5.2,7.0,21.0,2.6,Regular,2,Healthcare,Remote,Unmarried,35-44,Moderate,73
630,3.5,6.2,56.0,1.5,Regular,2,Software/IT,Office,Married,35-44,High,64
631,8.3,4.6,29.0,2.4,Slightly irregular,4,Software/IT,Hybrid,Married,35-44,Low,92
632,9.5,5.0,58.0,3.3,Regular,4,Teacher,Office,Married,35-44,Low,93
633,5.9,6.5,9.0,1.4,Regular,3,Government,Office,Unmarried,25-34,Moderate,72
634,4.1,5.9,48.0,3.5,Irregular,2,Self-employed,Remote,Married,25-34,High,63
635,6.0,9.3,11.0,2.3,Regular,2,Other,Hybrid,Married,25-34,Moderate,69
636,6.1,5.8,30.0,1.7,Slightly irregular,3,Healthcare,Remote,Unmarried,35-44,Low,81
637,6.2,1.4,30.0,1.4,Irregular,3,Healthcare,Remote,Married,25-34,Moderate,76
638,5.1,6.2,40.0,1.8,Slightly irregular,2,Self-employed,Office,Prefer not to say,55+,Moderate,72
639,7.1,7.5,31.0,,Regular,4,Teacher,Hybrid,Unmarried,18-24,Low,89
640,7.0,7.2,9.0,1.7,Slightly irregular,4,Banking/Finance,Office,Unmarried,25-34,Low,80
641,4.6,12.1,44.0,1.8,Slightly irregular,2,Government,Remote,Married,25-34,High,56
642,7.2,7.2,63.0,1.2,Regular,3,Teacher,Office,Married,45-54,Low,88
643,8.9,10.6,12.0,2.5,Slightly irregular,3,Teacher,Office,Unmarried,25-34,Moderate,71
644,6.6,8.6,0.0,1.8,Irregular,1,Teacher,Office,Married,35-44,High,57
645,6.0,8.5,36.0,1.6,Regular,5,Banking/Finance,Remote,Unmarried,35-44,Low,90
646,6.2,6.7,18.0,1.8,Regular,2,Teacher,Office,Married,18-24,Low,77
647,7.1,8.5,22.0,2.2,Slightly irregular,2,Software/IT,Office,Unmarried,35-44,Low,79
648,4.3,6.8,37.0,2.1,Slightly irregular,1,Software/IT,Remote,Married,45-54,High,64
649,6.6,9.0,15.0,1.5,Slightly irregular,3,Self-employed,Office,Unmarried,35-44,Moderate,73
650,5.9,8.1,19.0,2.1,Regular,2,Other,Office,Married,25-34,Moderate,76
651,8.6,6.4,23.0,2.0,Regular,5,Other,Remote,Married,35-44,Low,96
652,6.2,10.9,57.0,1.2,Slightly irregular,2,Self-employed,Hybrid,Married,35-44,High,67
653,8.4,9.6,26.0,1.8,Irregular,2,Software/IT,Hybrid,Married,45-54,Moderate,73
654,5.1,7.6,0.0,2.4,Regular,3,Software/IT,Hybrid,Prefer not to say,18-24,Moderate,66
655,7.1,8.9,0.0,2.4,Irregular,3,Healthcare,Office,Married,45-54,Moderate,67
656,6.8,8.4,28.0,1.8,Regular,3,Healthcare,Office,Married,45-54,Low,88
657,5.4,6.6,0.0,2.5,Regular,3,Government,Remote,Unmarried,25-34,Moderate,68
658,6.6,8.8,0.0,1.3,Slightly irregular,3,Teacher,Hybrid,Married,35-44,High,65
659,7.9,7.2,39.0,1.3,Regular,3,Other,Hybrid,Unmarried,25-34,Low,89
660,6.0,6.4,40.0,1.8,Slightly irregular,2,Teacher,Hybrid,Married,25-34,Moderate,78
661,4.4,4.9,17.0,3.0,Regular,1,Banking/Finance,Office,Unmarried,35-44,High,62
662,6.4,7.8,31.0,2.1,Slightly irregular,2,Other,Office,Unmarried,18-24,Moderate,81
663,5.3,9.9,29.0,1.8,Regular,2,Healthcare,Hybrid,Married,18-24,Moderate,71
664,6.0,7.0,38.0,3.1,Irregular,3,Government,Hybrid,Married,35-44,Moderate,78
665,6.3,14.0,38.0,1.8,Irregular,1,Government,Office,Married,55+,High,53
666,4.4,10.6,0.0,3.6,Regular,2,Self-employed,Hybrid,Unmarried,18-24,High,49
667,4.5,11.6,20.0,1.6,Regular,2,Self-employed,Hybrid,Married,18-24,High,55
668,7.0,10.4,36.0,1.3,Irregular,3,Healthcare,Office,Unmarried,18-24,Moderate,74
669,5.8,12.9,16.0,1.9,Regular,3,Teacher,Office,Unmarried,18-24,High,62
670,3.5,6.8,26.0,1.8,Irregular,2,Self-employed,Office,Unmarried,45-54,High,56
671,7.3,2.7,42.0,1.4,Slightly irregular,3,Banking/Finance,Hybrid,Unmarried,25-34,Low,86
672,,7.6,27.0,3.8,Irregular,4,Banking/Finance,Office,Unmarried,35-44,Low,85
673,5.5,9.9,58.0,2.2,Regular,2,Healthcare,Office,Married,25-34,Moderate,73
674,4.8,8.9,50.0,2.3,Regular,4,Software/IT,Hybrid,Married,55+,Moderate,80
675,7.4,9.2,22.0,1.7,Regular,3,Healthcare,Remote,Married,25-34,Low,83
676,6.8,11.6,21.0,1.6,Regular,3,Other,Hybrid,Married,45-54,Moderate,74
677,9.3,9.5,0.0,2.7,Regular,4,Teacher,Hybrid,Married,35-44,Low,75
678,6.9,10.4,18.0,0.8,Irregular,3,Teacher,Office,Married,45-54,High,64
679,6.9,6.4,0.0,1.2,Regular,3,Software/IT,Office,Unmarried,25-34,Moderate,73
680,6.2,6.1,30.0,1.8,Regular,3,Healthcare,Remote,Married,45-54,Low,86
681,7.4,12.3,28.0,2.9,Regular,5,Teacher,Hybrid,Unmarried,25-34,Low,86
682,7.2,8.8,40.0,1.7,Regular,4,Government,Hybrid,Married,35-44,Low,92
683,7.9,7.2,56.0,2.3,Slightly irregular,4,Software/IT,Hybrid,Married,35-44,Low,92
684,5.8,7.2,24.0,2.0,Regular,2,Teacher,Remote,Married,25-34,Moderate,78
685,5.9,7.1,75.0,2.9,Slightly irregular,2,Software/IT,Office,Married,25-34,Moderate,78
686,5.8,7.0,30.0,0.9,Irregular,3,Software/IT,Office,Married,25-34,Moderate,72
687,7.3,5.6,0.0,2.5,Regular,4,Self-employed,Office,Married,45-54,Low,81
688,8.2,5.1,13.0,1.9,Slightly irregular,3,Other,Hybrid,Unmarried,25-34,Low,80
689,5.8,8.2,17.0,2.6,Regular,2,Self-employed,Office,Married,25-34,Moderate,74
690,5.9,7.2,38.0,1.4,Regular,4,Other,Office,Married,35-44,Low,86
691,6.8,11.1,4.0,2.0,Irregular,4,Software/IT,Hybrid,Married,35-44,Moderate,64
692,6.1,9.3,18.0,1.9,Irregular,4,Other,Remote,Married,18-24,Moderate,72
693,7.5,9.2,21.0,1.3,Regular,3,Healthcare,Remote,Married,25-34,Low,81
694,3.7,6.9,15.0,,Slightly irregular,2,Self-employed,Remote,Married,35-44,High,52
695,5.4,8.3,43.0,1.6,Regular,3,Banking/Finance,Office,Unmarried,45-54,Low,80
696,5.5,9.4,39.0,2.1,Slightly irregular,2,Teacher,Office,Unmarried,25-34,High,71
697,3.6,10.2,51.0,1.5,Slightly irregular,2,Teacher,Office,Unmarried,25-34,High,54
698,5.2,8.4,18.0,1.8,Regular,2,Software/IT,Hybrid,Unmarried,35-44,Moderate,69
699,5.3,11.1,51.0,0.7,Irregular,2,Healthcare,Remote,Married,25-34,High,54
700,6.2,8.6,0.0,1.7,Slightly irregular,4,Healthcare,Hybrid,Married,45-54,Moderate,69
701,7.7,10.4,0.0,2.7,Regular,2,Other,Remote,Unmarried,35-44,High,66
702,6.1,7.5,0.0,2.5,Irregular,3,Software/IT,Office,Married,45-54,High,64
703,5.2,4.4,25.0,1.9,Slightly irregular,2,Banking/Finance,Hybrid,Married,25-34,Moderate,70
704,6.3,9.2,51.0,2.2,Regular,3,Healthcare,Remote,Unmarried,25-34,Low,84
705,7.7,10.3,12.0,1.4,Slightly irregular,3,Software/IT,Hybrid,Unmarried,35-44,Moderate,69
706,5.2,9.9,15.0,3.1,Irregular,2,Teacher,Office,Married,25-34,High,56
707,5.3,9.6,20.0,3.4,Irregular,2,Healthcare,Hybrid,Married,25-34,High,60
708,7.1,7.8,38.0,2.1,Regular,3,Healthcare,Remote,Married,25-34,Low,92
709,6.1,6.7,14.0,3.8,Slightly irregular,2,Teacher,Office,Married,25-34,Moderate,71
710,7.2,9.9,13.0,1.5,Irregular,4,Software/IT,Remote,Married,25-34,Moderate,71
711,6.4,9.6,0.0,1.1,Irregular,3,Teacher,Office,Unmarried,25-34,High,56
712,7.2,7.3,12.0,1.5,Regular,3,Self-employed,Office,Married,25-34,Low,81
713,5.2,11.2,51.0,1.8,Slightly irregular,2,Self-employed,Remote,Married,35-44,High,62
714,6.4,6.6,27.0,3.6,Irregular,3,Software/IT,Hybrid,Married,25-34,Low,79
715,6.1,7.3,9.0,1.8,Regular,2,Banking/Finance,Remote,Prefer not to say,35-44,Moderate,72
716,4.9,12.4,52.0,1.4,Regular,3,Other,Hybrid,Married,35-44,High,63
717,4.5,10.6,12.0,1.4,Slightly irregular,2,Software/IT,Office,Married,35-44,High,49
718,7.2,7.8,,2.8,Slightly irregular,1,Software/IT,Hybrid,Unmarried,45-54,Low,81
719,6.0,9.3,56.0,2.7,Slightly irregular,3,Software/IT,Remote,Married,55+,Moderate,78
720,5.2,9.0,26.0,1.7,Regular,2,Software/IT,Office,Married,18-24,Moderate,71
721,6.3,2.3,0.0,0.7,Slightly irregular,2,Self-employed,Office,Married,25-34,High,59
722,7.8,6.5,75.0,1.2,Regular,4,Self-employed,Office,Prefer not to say,35-44,Low,92
723,3.7,8.5,34.0,3.2,Irregular,1,Banking/Finance,Office,Unmarried,35-44,High,55
724,4.6,7.8,18.0,2.5,Regular,4,Teacher,Hybrid,Unmarried,18-24,Low,75
725,5.3,9.2,46.0,2.0,Regular,4,Self-employed,Hybrid,Unmarried,55+,Low,82
726,8.2,11.2,40.0,3.3,Irregular,3,Software/IT,Hybrid,Unmarried,45-54,Moderate,74
727,6.7,7.9,54.0,3.4,Slightly irregular,3,Software/IT,Office,Married,45-54,Low,87
728,7.3,6.2,10.0,2.0,Regular,4,Software/IT,Hybrid,Married,25-34,Low,86
729,5.0,9.3,32.0,2.0,Regular,3,Self-employed,Office,Married,25-34,Moderate,76
730,5.1,7.8,0.0,1.6,Slightly irregular,2,Government,Office,Married,25-34,High,56
731,6.9,8.2,40.0,,Irregular,2,Banking/Finance,Hybrid,Unmarried,25-34,Moderate,78
732,6.5,7.9,24.0,1.0,Regular,5,Government,Office,Married,25-34,Low,89
733,7.1,13.8,31.0,1.0,Irregular,4,Software/IT,Remote,Married,18-24,High,65
734,6.2,3.4,22.0,0.8,Regular,3,Teacher,Office,Married,45-54,Low,78
735,6.7,7.7,19.0,2.8,Slightly irregular,3,Self-employed,Hybrid,Married,35-44,Low,81
736,6.6,8.6,6.0,0.9,Regular,4,Other,Office,Prefer not to say,35-44,Moderate,74
737,7.3,6.8,42.0,3.4,Regular,4,Healthcare,Office,Married,25-34,Low,96
738,7.4,10.7,58.0,1.5,Irregular,1,Software/IT,Remote,Married,45-54,High,66
739,4.5,10.5,13.0,3.2,Regular,2,Other,Office,Unmarried,45-54,High,57
740,3.7,8.5,37.0,1.7,Irregular,2,Healthcare,Hybrid,Unmarried,35-44,High,57
741,7.6,8.0,35.0,0.9,Regular,3,Teacher,Hybrid,Married,25-34,Low,87
742,7.8,8.3,25.0,2.9,Regular,4,Software/IT,Remote,Married,25-34,Low,93
743,5.2,8.4,0.0,3.0,Irregular,1,Software/IT,Office,Unmarried,35-44,High,50
744,4.2,8.4,0.0,1.4,Slightly irregular,1,Banking/Finance,Office,Married,45-54,High,44
745,6.5,8.2,8.0,1.8,Regular,2,Banking/Finance,Remote,Unmarried,55+,Moderate,73
746,,9.2,0.0,1.4,Slightly irregular,3,Teacher,Office,Unmarried,18-24,Moderate,67
747,8.6,10.3,56.0,1.9,Regular,4,Software/IT,Office,Unmarried,25-34,Low,89
748,7.0,5.8,33.0,2.1,Irregular,5,Healthcare,Remote,Unmarried,25-34,Low,92
749,6.0,6.2,24.0,1.8,Regular,3,Healthcare,Office,Unmarried,25-34,Low,82
750,5.3,4.6,0.0,0.7,Slightly irregular,3,Teacher,Remote,Married,35-44,High,56
751,6.4,10.6,0.0,1.6,Regular,4,Software/IT,Office,Unmarried,35-44,Moderate,67
752,,9.2,25.0,2.5,Slightly irregular,3,Self-employed,Hybrid,Unmarried,45-54,Moderate,76
753,5.2,9.8,68.0,1.9,Irregular,3,Other,Office,Married,25-34,High,67
754,8.9,5.3,10.0,1.8,Irregular,3,Teacher,Hybrid,Unmarried,25-34,Low,74
755,8.5,12.7,44.0,1.3,Regular,3,Government,Hybrid,Unmarried,35-44,Moderate,74
756,7.8,7.2,14.0,1.6,Regular,2,Other,Office,Unmarried,45-54,Low,79
757,5.3,9.0,26.0,3.0,Regular,3,Software/IT,Office,Married,45-54,Low,77
758,7.4,10.6,52.0,1.2,Irregular,3,Other,Office,Married,45-54,Moderate,72
759,7.2,6.3,17.0,2.5,Regular,3,Healthcare,Office,Unmarried,25-34,Low,86
760,6.9,7.3,10.0,2.0,Slightly irregular,4,Banking/Finance,Office,Prefer not to say,25-34,Low,82
761,7.9,9.0,56.0,2.2,Regular,3,Healthcare,Remote,Married,35-44,Low,89
762,7.2,14.0,26.0,1.5,Irregular,2,Teacher,Remote,Married,55+,High,58
763,7.3,9.3,49.0,1.8,Slightly irregular,3,Self-employed,Remote,Unmarried,25-34,Low,83
764,7.2,12.3,10.0,2.0,Slightly irregular,4,Government,Remote,Married,25-34,Moderate,69
765,6.8,11.4,56.0,1.6,Irregular,2,Software/IT,Office,Unmarried,18-24,Moderate,67
766,4.3,9.4,31.0,2.2,Irregular,2,Banking/Finance,Hybrid,Prefer not to say,35-44,High,60
767,6.5,6.3,35.0,2.3,Slightly irregular,3,Other,Hybrid,Married,35-44,Low,85
768,5.7,11.0,28.0,3.5,Slightly irregular,2,Other,Remote,Unmarried,18-24,High,66
769,4.9,5.2,14.0,2.2,Slightly irregular,2,Banking/Finance,Office,Unmarried,25-34,High,64
770,8.4,12.3,25.0,0.7,Regular,2,Software/IT,Remote,Married,35-44,Moderate,66
771,,9.1,15.0,2.8,Regular,4,Teacher,Remote,Married,25-34,Low,85
772,8.0,2.5,46.0,1.9,Slightly irregular,2,Software/IT,Office,Unmarried,25-34,Low,84
773,6.7,7.8,21.0,3.4,Slightly irregular,4,Self-employed,Remote,Unmarried,35-44,Low,86
774,8.0,10.1,0.0,3.0,Regular,3,Self-employed,Office,Unmarried,18-24,Moderate,71
775,6.4,8.1,0.0,1.6,Regular,2,Other,Hybrid,Unmarried,18-24,Moderate,68
776,6.6,10.2,0.0,2.5,Slightly irregular,4,Software/IT,Office,Married,25-34,Moderate,68
777,5.1,6.6,39.0,1.6,Regular,2,Other,Remote,Prefer not to say,25-34,Moderate,75
778,6.9,5.6,0.0,2.0,Slightly irregular,2,Other,Hybrid,Unmarried,18-24,High,69
779,6.5,8.4,32.0,2.5,Slightly irregular,1,Government,Hybrid,Married,18-24,Moderate,77
780,4.8,8.7,28.0,2.8,Regular,4,Other,Office,Married,25-34,Moderate,79
781,6.3,7.8,24.0,2.6,Regular,5,Healthcare,Office,Married,35-44,Low,93
782,6.3,11.4,35.0,2.1,Regular,1,Teacher,Remote,Married,35-44,High,70
783,8.6,6.6,28.0,3.7,Regular,3,Software/IT,Office,Unmarried,25-34,Low,92
784,7.5,9.3,0.0,1.7,Slightly irregular,3,Software/IT,Remote,Unmarried,35-44,Moderate,68
785,6.4,8.8,18.0,0.9,Slightly irregular,2,Software/IT,Office,Married,25-34,Moderate,67
786,6.7,5.0,34.0,1.0,Irregular,3,Government,Office,Married,45-54,Moderate,78
787,6.5,5.6,61.0,3.0,Regular,3,Teacher,Remote,Married,25-34,Low,89
788,6.2,8.6,62.0,1.9,Slightly irregular,3,Software/IT,Remote,Unmarried,18-24,Low,81
789,5.1,13.2,0.0,2.1,Regular,2,Software/IT,Office,Unmarried,25-34,High,46
790,6.2,9.9,17.0,1.6,Irregular,3,Government,Office,Married,25-34,Moderate,65
791,5.5,4.6,0.0,1.7,Regular,2,Other,Office,Married,25-34,Moderate,63
792,4.9,1.4,58.0,1.4,Slightly irregular,2,Healthcare,Hybrid,Married,25-34,Moderate,69
793,7.0,10.3,47.0,,Slightly irregular,2,Self-employed,Office,Unmarried,35-44,Moderate,78
794,6.9,8.4,33.0,1.9,Regular,3,Other,Hybrid,Married,18-24,Low,90
795,4.3,11.2,29.0,2.3,Irregular,2,Government,Office,Married,25-34,High,53
796,6.3,6.6,55.0,2.2,Regular,4,Government,Office,Unmarried,45-54,Low,92
797,7.6,9.4,52.0,1.7,Regular,3,Banking/Finance,Office,Married,25-34,Low,87
798,7.7,10.5,50.0,1.0,Slightly irregular,3,Other,Office,Prefer not to say,25-34,Low,76
799,7.6,7.6,35.0,,Slightly irregular,3,Teacher,Office,Unmarried,35-44,Low,83
800,6.4,7.6,17.0,4.1,Regular,1,Self-employed,Remote,Married,18-24,Moderate,75
801,5.4,8.7,42.0,3.0,Regular,1,Healthcare,Office,Married,35-44,Moderate,73
802,5.1,9.8,43.0,2.9,Regular,2,Software/IT,Remote,Unmarried,25-34,Moderate,71
803,6.8,8.6,21.0,1.5,Irregular,3,Government,Hybrid,Unmarried,18-24,Moderate,74
804,6.9,10.8,17.0,2.0,Slightly irregular,3,Self-employed,Hybrid,Married,35-44,Moderate,73
805,7.9,7.5,50.0,1.4,Regular,3,Other,Remote,Unmarried,45-54,Low,90
806,7.7,5.5,62.0,1.1,Regular,3,Other,Hybrid,Unmarried,35-44,Low,88
807,6.2,13.1,9.0,1.6,Irregular,3,Government,Hybrid,Unmarried,25-34,High,51
808,4.9,7.2,19.0,2.9,Irregular,3,Healthcare,Remote,Married,25-34,Moderate,66
809,6.0,7.3,33.0,2.6,Regular,3,Other,Hybrid,Married,55+,Low,86
810,6.7,8.4,36.0,1.3,Slightly irregular,3,Software/IT,Hybrid,Married,25-34,Low,82
811,6.2,8.8,14.0,1.8,Regular,3,Software/IT,Office,Married,45-54,Moderate,76
812,5.7,7.7,66.0,2.5,Regular,3,Healthcare,Hybrid,Unmarried,35-44,Low,84
813,6.7,8.6,34.0,1.6,Irregular,3,Banking/Finance,Office,Married,45-54,Low,79
814,5.8,8.5,37.0,2.1,Irregular,4,Government,Office,Married,25-34,Moderate,79
815,5.6,9.0,64.0,2.3,Regular,3,Self-employed,Office,Unmarried,45-54,Low,81
816,6.8,3.2,,2.3,Irregular,4,Software/IT,Remote,Unmarried,45-54,Low,80
817,5.9,12.9,23.0,2.2,Slightly irregular,2,Self-employed,Hybrid,Married,35-44,High,59
818,6.7,8.3,0.0,1.5,Slightly irregular,2,Banking/Finance,Hybrid,Unmarried,45-54,Moderate,64
819,6.7,9.9,21.0,1.6,Slightly irregular,1,Other,Remote,Unmarried,35-44,Moderate,67
820,5.0,5.4,0.0,1.2,Slightly irregular,3,Teacher,Office,Married,35-44,High,57
821,5.8,7.5,41.0,0.9,Irregular,3,Banking/Finance,Remote,Married,35-44,Moderate,72
822,8.1,7.1,34.0,1.9,Regular,1,Self-employed,Office,Unmarried,45-54,Low,84
823,5.0,12.0,19.0,2.6,Slightly irregular,3,Healthcare,Remote,Unmarried,35-44,High,58
824,3.9,7.3,23.0,1.0,Regular,3,Software/IT,Office,Married,35-44,High,65
825,4.2,10.3,42.0,2.2,Irregular,3,Software/IT,Hybrid,Married,35-44,High,60
826,6.4,7.1,0.0,2.5,Regular,2,Software/IT,Office,Unmarried,45-54,Moderate,70
827,6.4,7.6,29.0,0.7,Regular,4,Healthcare,Office,Married,18-24,Low,86
828,6.3,8.0,40.0,1.8,Slightly irregular,3,Banking/Finance,Remote,Prefer not to say,35-44,Low,83
829,7.9,11.6,0.0,3.2,Regular,4,Banking/Finance,Remote,Married,35-44,Moderate,70
830,3.5,4.3,40.0,2.4,Regular,2,Government,Office,Unmarried,45-54,High,67
831,6.9,5.6,0.0,0.7,Regular,3,Software/IT,Remote,Prefer not to say,25-34,Moderate,70
832,8.3,4.1,22.0,2.5,Slightly irregular,5,Software/IT,Remote,Married,25-34,Low,92
833,5.0,6.1,0.0,1.5,Regular,2,Self-employed,Office,Unmarried,18-24,High,59
834,5.9,6.7,56.0,2.5,Regular,3,Self-employed,Office,Married,35-44,Low,86
835,5.5,4.9,0.0,1.5,Slightly irregular,4,Government,Remote,Unmarried,35-44,Moderate,65
836,5.3,6.9,0.0,2.0,Irregular,2,Government,Hybrid,Prefer not to say,35-44,High,55
837,6.0,4.0,28.0,1.6,Slightly irregular,2,Other,Remote,Prefer not to say,35-44,Moderate,76
838,8.1,6.3,16.0,2.0,Regular,4,Other,Office,Married,25-34,Low,89
839,8.6,11.4,0.0,1.6,Irregular,5,Banking/Finance,Remote,Unmarried,35-44,Moderate,64
840,6.0,9.5,37.0,1.8,Irregular,4,Teacher,Hybrid,Unmarried,45-54,Moderate,76
841,8.7,9.0,0.0,1.2,Slightly irregular,4,Software/IT,Remote,Married,35-44,Moderate,70
842,6.4,6.3,2.0,2.3,Slightly irregular,1,Banking/Finance,Office,Unmarried,18-24,High,63
843,8.5,5.1,12.0,2.1,Regular,3,Healthcare,Remote,Married,25-34,Low,84
844,6.3,6.0,43.0,0.9,Slightly irregular,2,Software/IT,Office,Prefer not to say,35-44,Moderate,75
845,6.6,8.5,54.0,2.7,Slightly irregular,3,Software/IT,Hybrid,Unmarried,25-34,Low,84
846,6.8,10.6,49.0,1.9,Regular,5,Other,Office,Unmarried,35-44,Low,90
847,10.0,10.7,22.0,2.1,Regular,3,Software/IT,Remote,Married,45-54,Low,74
848,7.4,10.1,0.0,2.5,Regular,5,Self-employed,Office,Unmarried,45-54,Low,78
849,5.6,6.9,34.0,2.2,Slightly irregular,2,Other,Office,Married,18-24,Moderate,76
850,7.6,8.7,57.0,2.8,Regular,3,Government,Remote,Married,25-34,Low,90
851,6.0,7.9,52.0,1.8,Slightly irregular,4,Software/IT,Remote,Married,35-44,Low,85
852,5.8,8.1,35.0,2.7,Irregular,4,Self-employed,Office,Married,45-54,Moderate,80
853,7.5,13.3,0.0,2.1,Regular,4,Banking/Finance,Hybrid,Married,25-34,Moderate,65
854,,4.5,13.0,2.4,Regular,2,Teacher,Office,Married,18-24,Low,76
855,6.7,8.1,68.0,2.3,Regular,3,Banking/Finance,Office,Prefer not to say,35-44,Low,90
856,6.4,11.4,0.0,2.9,Regular,2,Software/IT,Hybrid,Unmarried,25-34,High,59
857,6.8,5.2,0.0,2.5,Irregular,2,Government,Remote,Unmarried,25-34,Moderate,64
858,6.9,7.1,46.0,1.7,Slightly irregular,3,Other,Hybrid,Unmarried,45-54,Low,86
859,4.1,7.4,16.0,1.6,Irregular,2,Healthcare,Hybrid,Unmarried,25-34,High,54
860,7.2,8.1,0.0,,Irregular,4,Other,Hybrid,Unmarried,18-24,Moderate,73
861,5.2,4.9,59.0,1.5,Regular,2,Healthcare,Office,Unmarried,18-24,Moderate,75
862,4.7,10.0,35.0,1.3,Slightly irregular,2,Self-employed,Hybrid,Unmarried,25-34,High,61
863,6.3,10.1,17.0,0.5,Slightly irregular,2,Self-employed,Office,Married,18-24,High,60
864,6.5,9.8,0.0,0.9,Slightly irregular,4,Software/IT,Remote,Prefer not to say,25-34,High,63
865,5.6,6.6,70.0,3.4,Regular,2,Other,Hybrid,Unmarried,18-24,Low,80
866,7.4,8.8,24.0,1.5,Regular,4,Other,Remote,Married,35-44,Low,88
867,4.8,6.5,56.0,3.3,Slightly irregular,3,Teacher,Remote,Prefer not to say,25-34,Moderate,75
868,5.9,7.8,45.0,2.3,Slightly irregular,2,Self-employed,Hybrid,Unmarried,35-44,Moderate,78
869,5.7,13.6,14.0,2.0,Regular,3,Teacher,Office,Married,55+,High,59
870,6.3,8.8,14.0,0.9,Regular,2,Software/IT,Hybrid,Married,55+,Moderate,68
871,6.7,5.9,57.0,2.0,Slightly irregular,4,Software/IT,Hybrid,Unmarried,25-34,Low,90
872,5.2,9.0,57.0,3.3,Slightly irregular,2,Healthcare,Office,Unmarried,25-34,Moderate,70
873,7.3,5.5,0.0,3.1,Slightly irregular,3,Software/IT,Office,Married,35-44,Low,74
874,6.5,5.8,37.0,2.2,Regular,3,Software/IT,Hybrid,Married,25-34,Low,89
875,4.1,6.2,22.0,1.2,Regular,1,Other,Hybrid,Unmarried,35-44,High,59
876,4.0,7.6,2.0,1.3,Slightly irregular,2,Healthcare,Hybrid,Married,35-44,High,48
877,6.4,10.8,31.0,1.4,Slightly irregular,4,Self-employed,Remote,Married,25-34,Moderate,77
878,6.1,9.9,0.0,2.9,Regular,3,Software/IT,Hybrid,Married,25-34,High,66
879,6.3,9.8,15.0,3.1,Slightly irregular,4,Software/IT,Remote,Unmarried,45-54,Low,75
880,6.4,6.1,7.0,2.1,Regular,3,Self-employed,Office,Married,35-44,Moderate,77
881,6.7,7.4,14.0,1.8,Slightly irregular,3,Teacher,Office,Unmarried,35-44,Low,78
882,7.5,9.2,23.0,3.1,Regular,2,Healthcare,Hybrid,Unmarried,35-44,Low,82
883,5.1,7.2,3.0,1.3,Slightly irregular,2,Other,Remote,Prefer not to say,25-34,High,56
884,5.0,8.0,60.0,2.0,Irregular,4,Teacher,Office,Prefer not to say,25-34,Moderate,76
885,5.1,9.6,36.0,2.3,Regular,3,Healthcare,Hybrid,Unmarried,35-44,Moderate,76
886,6.7,7.8,64.0,1.4,Regular,3,Banking/Finance,Office,Unmarried,18-24,Low,88
887,7.9,9.1,21.0,1.6,Regular,2,Software/IT,Office,Married,35-44,Low,79
888,5.9,12.3,13.0,1.5,Regular,1,Government,Office,Married,18-24,High,54
889,3.5,8.2,64.0,3.0,Irregular,1,Healthcare,Office,Married,45-54,High,54
890,4.4,11.3,12.0,3.3,Irregular,3,Software/IT,Hybrid,Married,35-44,High,49
891,5.4,9.9,21.0,2.1,Regular,2,Healthcare,Office,Married,25-34,High,68
892,5.7,5.2,41.0,1.8,Irregular,2,Healthcare,Office,Married,35-44,High,72
893,5.9,6.1,0.0,1.6,Regular,2,Banking/Finance,Remote,Married,35-44,Moderate,65
894,6.4,6.7,,2.0,Slightly irregular,4,Other,Hybrid,Unmarried,35-44,Low,88
895,6.0,6.6,38.0,1.6,Slightly irregular,3,Self-employed,Remote,Unmarried,25-34,Moderate,80
896,7.7,8.4,53.0,1.9,Regular,3,Teacher,Hybrid,Married,25-34,Low,91
897,5.6,10.0,45.0,2.3,Slightly irregular,2,Other,Remote,Married,35-44,High,70
898,5.4,11.5,54.0,1.7,Slightly irregular,5,Self-employed,Office,Unmarried,25-34,Moderate,74
899,7.0,9.3,23.0,1.9,Regular,4,Software/IT,Hybrid,Married,35-44,Low,88
900,4.6,7.6,6.0,1.9,Irregular,4,Software/IT,Hybrid,Unmarried,25-34,High,61
901,6.9,3.8,71.0,1.8,Regular,2,Software/IT,Office,Married,45-54,Low,87
902,6.5,8.8,0.0,1.7,Regular,3,Software/IT,Hybrid,Married,55+,Moderate,70
903,6.2,8.7,0.0,2.5,Irregular,2,Healthcare,Hybrid,Unmarried,25-34,High,59
904,8.3,9.0,37.0,0.8,Regular,4,Teacher,Hybrid,Married,25-34,Low,87
905,5.7,13.4,61.0,3.1,Regular,4,Other,Hybrid,Unmarried,25-34,Moderate,71
906,8.9,11.5,29.0,2.1,Regular,4,Healthcare,Office,Married,45-54,Low,85
907,6.1,10.4,47.0,2.4,Regular,2,Software/IT,Hybrid,Married,25-34,Moderate,76
908,4.9,6.4,0.0,2.5,Regular,2,Other,Hybrid,Married,35-44,High,61
909,6.5,7.4,14.0,1.5,Regular,4,Healthcare,Office,Unmarried,45-54,Low,83
910,5.1,8.4,0.0,1.4,Slightly irregular,3,Software/IT,Office,Married,25-34,High,57
911,5.5,6.8,42.0,1.3,Slightly irregular,3,Software/IT,Hybrid,Married,35-44,Moderate,76
912,6.9,9.8,0.0,1.8,Irregular,3,Government,Hybrid,Unmarried,25-34,High,62
913,7.1,9.4,0.0,2.5,Irregular,3,Healthcare,Office,Unmarried,25-34,High,65
914,5.7,6.1,36.0,1.6,Regular,3,Banking/Finance,Hybrid,Married,45-54,Low,82
915,7.6,11.4,48.0,2.4,Irregular,4,Self-employed,Hybrid,Prefer not to say,25-34,Moderate,78
916,7.8,8.8,22.0,0.3,Irregular,4,Government,Hybrid,Unmarried,18-24,Low,73
917,8.1,4.6,38.0,1.7,Irregular,3,Other,Remote,Unmarried,35-44,Low,83
918,7.0,8.5,37.0,2.8,Slightly irregular,3,Government,Hybrid,Married,35-44,Low,87
919,8.0,9.2,20.0,1.9,Regular,3,Government,Office,Unmarried,35-44,Low,83
920,4.1,10.8,1.0,1.4,Regular,2,Software/IT,Office,Married,25-34,High,44
921,6.0,7.8,37.0,1.5,Irregular,2,Healthcare,Office,Married,35-44,Moderate,72
922,5.4,10.5,38.0,0.3,Slightly irregular,3,Healthcare,Office,Married,25-34,High,62
923,6.5,9.0,45.0,1.3,Irregular,2,Banking/Finance,Office,Married,25-34,High,71
924,5.7,5.6,32.0,2.7,Slightly irregular,3,Healthcare,Office,Unmarried,25-34,Moderate,80
925,6.2,5.3,0.0,1.6,Regular,3,Banking/Finance,Office,Unmarried,35-44,Moderate,70
926,8.7,11.2,40.0,1.7,Regular,4,Healthcare,Office,Married,45-54,Low,85
927,6.2,11.4,25.0,0.4,Irregular,3,Banking/Finance,Remote,Married,18-24,High,58
928,,9.3,14.0,0.9,Regular,4,Healthcare,Remote,Married,18-24,Low,78
929,6.1,12.0,19.0,2.8,Slightly irregular,2,Other,Remote,Unmarried,35-44,High,61
930,6.5,11.0,10.0,2.4,Irregular,3,Teacher,Office,Married,25-34,High,62
931,6.4,10.2,45.0,1.1,Regular,4,Government,Office,Unmarried,25-34,Low,81
932,6.9,6.5,0.0,1.6,Regular,2,Banking/Finance,Office,Married,35-44,Moderate,71
933,7.8,12.6,3.0,2.0,Slightly irregular,5,Teacher,Office,Unmarried,25-34,Moderate,68
934,8.4,9.8,18.0,1.2,Irregular,5,Self-employed,Office,Unmarried,18-24,Moderate,76
935,6.8,7.7,61.0,0.6,Slightly irregular,4,Other,Hybrid,Married,35-44,Low,84
936,7.1,7.1,48.0,1.9,Regular,4,Self-employed,Hybrid,Unmarried,25-34,Low,96
937,5.0,9.2,0.0,2.4,Regular,3,Other,Office,Unmarried,45-54,High,61
938,6.3,4.8,55.0,2.4,Regular,3,Healthcare,Remote,Unmarried,35-44,Low,88
939,7.5,10.2,55.0,2.6,Regular,3,Other,Office,Married,25-34,Low,86
940,7.4,6.4,0.0,0.9,Regular,4,Other,Office,Unmarried,35-44,Moderate,76
941,6.7,9.5,0.0,2.0,Irregular,2,Self-employed,Remote,Married,35-44,High,59
942,7.5,7.4,23.0,1.8,Regular,2,Self-employed,Office,Unmarried,55+,Low,84
943,7.0,8.0,50.0,1.9,Irregular,3,Government,Hybrid,Unmarried,35-44,Low,84
944,7.8,6.9,60.0,1.9,Irregular,4,Healthcare,Office,Unmarried,25-34,Low,88
945,6.7,8.2,6.0,1.5,Slightly irregular,2,Banking/Finance,Office,Unmarried,35-44,Moderate,68
946,6.0,12.9,64.0,0.3,Slightly irregular,3,Healthcare,Hybrid,Married,35-44,Moderate,58
947,6.8,11.8,0.0,2.8,Regular,3,Government,Office,Unmarried,35-44,High,64
948,3.5,9.4,17.0,2.2,Slightly irregular,1,Teacher,Remote,Unmarried,25-34,High,48
949,6.9,8.5,16.0,1.0,Regular,1,Government,Hybrid,Married,45-54,Moderate,71
950,3.5,10.5,50.0,2.3,Regular,1,Healthcare,Hybrid,Married,25-34,High,55
951,4.3,11.2,54.0,1.7,Slightly irregular,3,Teacher,Office,Prefer not to say,55+,High,60
952,6.9,6.7,46.0,1.7,Regular,4,Software/IT,Office,Married,25-34,Low,94
953,7.0,8.4,0.0,1.5,Regular,4,Teacher,Remote,Unmarried,18-24,Low,78
954,5.0,4.4,44.0,2.4,Slightly irregular,3,Banking/Finance,Office,Married,25-34,Moderate,76
955,5.5,11.2,36.0,1.4,Slightly irregular,2,Teacher,Office,Unmarried,45-54,High,62
956,8.0,13.3,0.0,1.2,Regular,3,Software/IT,Office,Unmarried,35-44,High,57
957,5.8,8.8,0.0,2.8,Regular,3,Teacher,Hybrid,Married,25-34,Moderate,68
958,9.1,3.7,48.0,1.9,Regular,4,Teacher,Remote,Married,45-54,Low,95
959,6.4,10.0,21.0,1.9,Slightly irregular,4,Teacher,Hybrid,Married,25-34,Low,77
960,6.9,6.5,0.0,2.5,Slightly irregular,3,Teacher,Office,Unmarried,25-34,Moderate,73
961,8.3,7.1,20.0,1.5,Regular,5,Government,Hybrid,Married,18-24,Low,92
962,6.6,10.0,33.0,1.7,Slightly irregular,3,Government,Hybrid,Married,25-34,Low,78
963,5.2,9.2,23.0,2.2,Irregular,4,Other,Office,Unmarried,25-34,Moderate,70
964,6.3,7.5,0.0,0.9,Slightly irregular,5,Software/IT,Hybrid,Prefer not to say,18-24,Moderate,71
965,6.4,7.1,66.0,2.2,Slightly irregular,3,Teacher,Office,Married,18-24,Low,85
966,4.8,8.9,47.0,1.5,Slightly irregular,3,Software/IT,Office,Unmarried,25-34,Moderate,69
967,6.1,7.7,18.0,2.6,Irregular,2,Banking/Finance,Hybrid,Unmarried,25-34,Moderate,69
968,5.5,6.0,19.0,2.4,Irregular,3,Software/IT,Hybrid,Unmarried,35-44,Moderate,70
969,7.5,7.8,33.0,2.3,Regular,4,Software/IT,Hybrid,Prefer not to say,25-34,Low,96
970,6.4,9.4,0.0,0.9,Regular,2,Banking/Finance,Office,Unmarried,25-34,High,60
971,6.1,8.2,32.0,1.9,Regular,3,Teacher,Remote,Unmarried,18-24,Low,86
972,6.3,5.3,0.0,1.2,Slightly irregular,3,Banking/Finance,Remote,Unmarried,35-44,Moderate,65
973,6.7,10.9,23.0,2.0,Regular,3,Banking/Finance,Hybrid,Married,35-44,Low,78
974,7.1,2.3,0.0,,Irregular,4,Self-employed,Hybrid,Unmarried,25-34,Moderate,65
975,5.2,7.6,0.0,0.9,Regular,3,Healthcare,Office,Unmarried,35-44,Moderate,61
976,5.2,7.2,61.0,2.8,Slightly irregular,2,Teacher,Hybrid,Married,55+,Moderate,74
977,7.7,8.9,26.0,2.3,Regular,4,Healthcare,Office,Married,35-44,Low,91
978,5.9,9.9,30.0,1.8,Slightly irregular,4,Software/IT,Office,Unmarried,25-34,Moderate,78
979,4.7,11.2,0.0,1.4,Regular,2,Software/IT,Office,Married,45-54,High,46
980,6.9,7.0,12.0,1.2,Slightly irregular,3,Healthcare,Office,Married,35-44,Low,75
981,7.0,9.9,35.0,2.1,Slightly irregular,2,Software/IT,Remote,Married,25-34,Moderate,79
982,4.6,9.1,29.0,1.8,Regular,3,Software/IT,Hybrid,Married,35-44,Moderate,73
983,6.7,4.7,0.0,3.1,Slightly irregular,4,Government,Hybrid,Unmarried,25-34,Moderate,75
984,7.3,13.0,30.0,1.9,Irregular,3,Self-employed,Hybrid,Married,45-54,High,68
985,6.8,5.3,33.0,2.0,Slightly irregular,3,Software/IT,Office,Married,25-34,Low,87
986,7.2,9.6,53.0,1.0,Slightly irregular,3,Banking/Finance,Hybrid,Married,25-34,Moderate,78
987,4.7,9.5,11.0,1.7,Slightly irregular,2,Other,Remote,Unmarried,18-24,High,55
988,6.8,9.2,0.0,2.1,Irregular,3,Teacher,Office,Unmarried,35-44,Moderate,64
989,6.0,7.5,3.0,1.7,Slightly irregular,2,Government,Office,Married,25-34,Moderate,64
990,5.8,10.5,1.0,1.7,Irregular,3,Software/IT,Office,Married,25-34,High,53
991,7.4,5.0,41.0,2.2,Irregular,2,Other,Remote,Married,45-54,Low,81
992,8.2,8.4,0.0,3.1,Regular,4,Software/IT,Hybrid,Married,25-34,Low,80
993,8.6,7.3,15.0,2.1,Regular,4,Teacher,Hybrid,Unmarried,18-24,Low,89
994,8.0,7.0,56.0,2.8,Slightly irregular,3,Other,Office,Unmarried,35-44,Low,88
995,6.3,9.6,25.0,2.4,Slightly irregular,3,Government,Office,Unmarried,25-34,Moderate,77
996,6.8,11.1,45.0,2.8,Slightly irregular,3,Software/IT,Office,Unmarried,18-24,Moderate,78
997,7.3,7.8,0.0,1.6,Irregular,4,Self-employed,Remote,Unmarried,25-34,Moderate,71
998,6.5,10.4,0.0,,Slightly irregular,3,Other,Office,Married,25-34,High,62
999,6.6,8.7,57.0,1.9,Regular,4,Healthcare,Remote,Unmarried,25-34,Low,91
1000,7.4,6.5,27.0,2.4,Slightly irregular,3,Software/IT,Remote,Married,35-44,Low,87
1001,6.3,8.0,27.0,2.6,Regular,4,Teacher,Office,Unmarried,25-34,Low,90
1002,5.5,7.9,0.0,2.1,Slightly irregular,4,Other,Hybrid,Married,25-34,Moderate,68
1003,5.9,7.0,27.0,2.6,Irregular,4,Software/IT,Hybrid,Married,25-34,Low,80
1004,7.2,9.6,0.0,1.6,Regular,5,Teacher,Hybrid,Married,55+,Low,78
1005,6.4,9.1,51.0,2.6,Irregular,3,Software/IT,Remote,Married,35-44,Moderate,77
1006,,4.9,85.0,2.7,Irregular,4,Software/IT,Remote,Married,25-34,Low,87
1007,7.2,4.8,36.0,2.5,Regular,5,Healthcare,Office,Unmarried,35-44,Low,100
1008,6.0,9.6,11.0,2.1,Irregular,2,Healthcare,Remote,Married,25-34,High,60
1009,7.3,6.7,0.0,2.5,Slightly irregular,3,Software/IT,Office,Prefer not to say,18-24,Low,74
1010,6.9,9.3,0.0,1.4,Slightly irregular,2,Software/IT,Office,Married,25-34,High,62
1011,4.9,10.4,59.0,2.1,Regular,3,Software/IT,Office,Unmarried,35-44,Moderate,72
1012,8.1,5.7,2.0,2.2,Regular,2,Software/IT,Office,Married,25-34,Moderate,75
1013,5.8,5.4,17.0,1.1,Slightly irregular,1,Software/IT,Office,Married,25-34,High,62
1014,4.4,12.5,39.0,2.3,Regular,1,Government,Hybrid,Married,35-44,High,55
1015,5.1,9.4,58.0,1.1,Regular,1,Software/IT,Office,Married,45-54,High,64
1016,5.2,7.6,21.0,1.7,Irregular,3,Teacher,Hybrid,Married,45-54,Moderate,67
1017,6.5,6.5,16.0,2.0,Slightly irregular,2,Banking/Finance,Remote,Unmarried,35-44,Moderate,75
1018,6.1,7.4,27.0,1.5,Slightly irregular,1,Government,Hybrid,Married,35-44,Moderate,71
1019,6.0,5.9,11.0,2.1,Irregular,3,Government,Remote,Married,35-44,Moderate,69
1020,7.1,10.6,12.0,2.0,Regular,3,Other,Office,Married,25-34,Low,75
1021,6.8,6.8,34.0,1.4,Regular,1,Teacher,Office,Unmarried,35-44,Low,81
1022,6.8,11.1,29.0,2.4,Slightly irregular,2,Software/IT,Office,Married,18-24,Moderate,73
1023,6.9,7.7,72.0,1.5,Regular,3,Software/IT,Remote,Married,45-54,Low,89
1024,7.1,6.2,35.0,3.6,Regular,3,Software/IT,Remote,Married,25-34,Low,92
1025,3.9,7.6,50.0,1.9,Slightly irregular,2,Other,Hybrid,Unmarried,25-34,High,65
1026,6.0,2.6,1.0,1.2,Regular,4,Banking/Finance,Remote,Unmarried,25-34,Moderate,72
1027,3.8,8.3,37.0,1.3,Slightly irregular,4,Self-employed,Hybrid,Married,45-54,Moderate,68
1028,6.4,8.2,9.0,2.8,Slightly irregular,3,Other,Office,Unmarried,25-34,Moderate,74
1029,6.4,10.5,34.0,1.7,Slightly irregular,2,Self-employed,Office,Married,35-44,Moderate,72
1030,7.7,4.3,40.0,1.0,Regular,3,Healthcare,Office,Married,25-34,Low,88
1031,7.8,11.3,26.0,2.6,Regular,4,Other,Hybrid,Unmarried,35-44,Low,84
1032,6.6,10.5,78.0,1.7,Irregular,3,Healthcare,Remote,Unmarried,35-44,Moderate,73
1033,,11.5,56.0,2.5,Irregular,3,Software/IT,Office,Married,55+,High,66
1034,7.0,8.5,51.0,2.7,Slightly irregular,5,Banking/Finance,Hybrid,Unmarried,25-34,Low,94
1035,5.8,10.9,42.0,2.2,Regular,1,Other,Hybrid,Married,25-34,High,68
1036,6.4,5.2,64.0,3.7,Slightly irregular,2,Self-employed,Office,Unmarried,25-34,Low,81
1037,7.6,10.2,0.0,0.8,Regular,5,Healthcare,Hybrid,Unmarried,25-34,Moderate,72
1038,5.7,6.8,55.0,1.4,Regular,2,Self-employed,Remote,Unmarried,45-54,Moderate,78
1039,7.4,4.8,3.0,1.8,Regular,4,Healthcare,Hybrid,Married,25-34,Low,82
1040,7.2,6.0,13.0,3.6,Regular,4,Government,Hybrid,Married,55+,Low,88
1041,5.3,8.6,37.0,,Regular,4,Teacher,Office,Married,18-24,Low,84
1042,7.6,6.7,52.0,2.9,Regular,5,Software/IT,Remote,Married,35-44,Low,100
1043,7.2,9.5,0.0,1.4,Irregular,3,Teacher,Office,Married,35-44,High,62
1044,6.5,4.4,14.0,1.5,Slightly irregular,1,Other,Hybrid,Unmarried,45-54,Moderate,67
1045,5.5,3.7,27.0,1.4,Regular,2,Other,Remote,Unmarried,25-34,Moderate,75
1046,5.4,11.8,21.0,1.5,Regular,5,Teacher,Remote,Unmarried,35-44,Moderate,71
1047,5.8,10.7,44.0,3.0,Irregular,1,Software/IT,Office,Unmarried,18-24,High,61
1048,7.1,6.2,101.0,1.8,Regular,4,Software/IT,Hybrid,Married,25-34,Low,95
1049,5.3,8.6,34.0,1.9,Regular,1,Government,Office,Married,35-44,Moderate,72
1050,6.9,10.9,9.0,2.5,Slightly irregular,2,Healthcare,Office,Married,18-24,High,65
1051,4.9,9.6,0.0,0.8,Slightly irregular,3,Banking/Finance,Hybrid,Unmarried,35-44,High,49
1052,6.2,8.9,18.0,2.0,Irregular,3,Software/IT,Hybrid,Married,25-34,Moderate,71
1053,6.5,11.1,4.0,1.2,Regular,3,Software/IT,Office,Married,25-34,High,63
1054,9.3,6.9,35.0,1.8,Regular,3,Other,Office,Married,35-44,Low,90
1055,4.7,8.7,35.0,1.6,Regular,1,Banking/Finance,Hybrid,Unmarried,18-24,High,66
1056,8.2,8.6,15.0,1.6,Slightly irregular,4,Software/IT,Office,Unmarried,35-44,Low,81
1057,6.6,8.0,69.0,2.2,Regular,3,Software/IT,Office,Unmarried,45-54,Low,90
1058,6.9,7.7,9.0,2.2,Regular,2,Teacher,Office,Married,18-24,Moderate,78
1059,6.5,8.8,22.0,1.8,Regular,3,Software/IT,Remote,Unmarried,25-34,Low,82
1060,6.9,8.7,39.0,2.3,Irregular,4,Software/IT,Hybrid,Married,18-24,Low,85
1061,6.2,6.2,45.0,1.4,Regular,3,Government,Remote,Unmarried,25-34,Low,84
1062,8.1,10.4,53.0,2.5,Regular,4,Teacher,Office,Married,35-44,Low,89
1063,5.9,6.4,34.0,1.9,Irregular,3,Teacher,Remote,Married,45-54,Moderate,77
1064,7.8,8.1,48.0,1.7,Slightly irregular,3,Healthcare,Office,Married,25-34,Low,87
1065,5.6,7.9,10.0,1.4,Slightly irregular,3,Teacher,Remote,Married,18-24,Moderate,67
1066,6.3,9.4,45.0,1.8,Slightly irregular,4,Healthcare,Remote,Unmarried,18-24,Low,82
1067,5.1,3.7,45.0,3.3,Regular,3,Other,Hybrid,Married,25-34,Low,81
1068,6.9,10.6,58.0,2.0,Irregular,4,Teacher,Office,Unmarried,25-34,Moderate,80
1069,8.1,7.0,0.0,1.2,Regular,3,Self-employed,Hybrid,Married,45-54,Moderate,74
1070,6.3,11.4,5.0,2.6,Irregular,3,Teacher,Office,Married,25-34,High,57
1071,6.2,7.5,43.0,1.7,Regular,3,Software/IT,Office,Unmarried,35-44,Low,86
1072,5.1,8.5,0.0,2.2,Slightly irregular,2,Software/IT,Office,Unmarried,25-34,High,56
1073,6.1,13.0,36.0,1.6,Slightly irregular,2,Government,Office,Unmarried,45-54,High,62
1074,4.5,8.0,48.0,2.9,Regular,3,Healthcare,Office,Unmarried,45-54,Moderate,77
1075,5.3,11.4,12.0,1.6,Regular,4,Self-employed,Office,Unmarried,45-54,Moderate,64
1076,6.7,8.7,16.0,3.0,Slightly irregular,1,Software/IT,Remote,Married,25-34,Moderate,70
1077,8.0,9.6,1.0,1.3,Regular,5,Banking/Finance,Hybrid,Unmarried,25-34,Low,77
1078,9.8,8.8,14.0,1.8,Irregular,5,Software/IT,Office,Unmarried,25-34,Low,76
1079,5.7,10.6,14.0,3.0,Regular,3,Teacher,Remote,Unmarried,25-34,Moderate,68
1080,8.1,7.0,10.0,2.1,Slightly irregular,3,Banking/Finance,Remote,Unmarried,35-44,Low,78
1081,6.7,6.3,9.0,3.6,Slightly irregular,3,Software/IT,Office,Married,55+,Moderate,76
1082,6.2,7.1,19.0,1.8,Slightly irregular,2,Teacher,Office,Unmarried,35-44,Moderate,73
1083,6.9,8.8,19.0,2.2,Slightly irregular,3,Banking/Finance,Hybrid,Unmarried,25-34,Low,80
1084,6.5,8.1,66.0,3.3,Slightly irregular,2,Government,Office,Unmarried,25-34,Low,81
1085,6.5,10.2,16.0,0.9,Slightly irregular,1,Government,Hybrid,Unmarried,35-44,High,58
1086,5.9,11.6,33.0,0.9,Slightly irregular,5,Software/IT,Hybrid,Married,25-34,Moderate,72
1087,4.7,6.4,12.0,1.4,Slightly irregular,2,Software/IT,Office,Unmarried,18-24,High,58
1088,4.5,6.9,12.0,2.6,Regular,3,Teacher,Hybrid,Unmarried,18-24,Moderate,68
1089,7.2,5.3,0.0,0.9,Regular,3,Teacher,Hybrid,Married,45-54,Moderate,72
1090,6.1,13.3,0.0,2.4,Regular,2,Teacher,Office,Unmarried,25-34,High,52
1091,5.7,9.3,0.0,2.4,Slightly irregular,2,Teacher,Hybrid,Unmarried,45-54,High,58
1092,6.4,9.7,29.0,3.4,Irregular,3,Healthcare,Remote,Unmarried,25-34,Moderate,75
1093,7.4,5.5,49.0,2.7,Regular,3,Healthcare,Office,Unmarried,35-44,Low,92
1094,6.6,8.6,0.0,2.3,Slightly irregular,2,Software/IT,Hybrid,Married,45-54,Moderate,65
1095,5.6,9.8,13.0,3.0,Regular,3,Teacher,Office,Married,45-54,Moderate,70
1096,7.9,8.0,0.0,2.4,Slightly irregular,4,Teacher,Office,Married,25-34,Moderate,77
1097,8.3,11.1,19.0,1.7,Slightly irregular,4,Teacher,Hybrid,Unmarried,25-34,Moderate,76
1098,7.0,13.9,49.0,1.2,Slightly irregular,4,Self-employed,Hybrid,Unmarried,25-34,High,70
1099,7.6,6.4,15.0,1.6,Slightly irregular,3,Teacher,Hybrid,Unmarried,25-34,Low,79
1100,7.9,6.2,24.0,2.0,Slightly irregular,3,Software/IT,Remote,Unmarried,25-34,Low,86
1101,7.8,6.6,57.0,2.1,Regular,5,Self-employed,Hybrid,Unmarried,35-44,Low,100
1102,7.1,12.3,35.0,0.5,Slightly irregular,2,Teacher,Office,Unmarried,25-34,Moderate,64
1103,7.1,11.0,8.0,1.8,Regular,1,Software/IT,Office,Prefer not to say,55+,High,64
1104,7.0,8.3,28.0,2.0,Irregular,4,Government,Office,Married,45-54,Low,86
1105,5.1,8.7,7.0,2.4,Slightly irregular,2,Banking/Finance,Office,Married,35-44,High,59
1106,7.2,6.7,34.0,3.1,Regular,2,Other,Remote,Married,35-44,Low,89
1107,4.8,10.6,36.0,2.1,Regular,3,Other,Hybrid,Married,18-24,Moderate,71
1108,5.4,7.7,0.0,1.4,Slightly irregular,3,Government,Remote,Unmarried,18-24,High,60
1109,8.0,8.0,29.0,0.7,Irregular,2,Software/IT,Office,Married,25-34,Moderate,74
1110,7.4,10.0,22.0,2.5,Regular,5,Healthcare,Office,Married,45-54,Low,90
1111,8.2,8.2,,1.4,Slightly irregular,2,Software/IT,Office,Married,18-24,Low,81
1112,6.1,8.1,43.0,2.6,Regular,3,Banking/Finance,Office,Married,25-34,Low,87
1113,5.0,8.6,36.0,3.0,Slightly irregular,1,Other,Hybrid,Married,35-44,High,67
1114,6.1,10.4,18.0,0.9,Slightly irregular,3,Software/IT,Hybrid,Unmarried,25-34,High,64
1115,6.5,12.4,46.0,2.4,Regular,2,Other,Hybrid,Unmarried,45-54,Moderate,72
1116,6.5,9.9,6.0,2.9,Slightly irregular,4,Healthcare,Hybrid,Unmarried,45-54,Moderate,71
1117,7.8,10.4,0.0,2.7,Regular,3,Software/IT,Hybrid,Married,18-24,Moderate,70
1118,6.0,8.1,0.0,0.5,Irregular,4,Self-employed,Office,Married,35-44,High,59
1119,6.8,7.0,23.0,1.4,Regular,3,Healthcare,Hybrid,Unmarried,18-24,Low,85
1120,5.2,10.1,7.0,1.1,Slightly irregular,1,Healthcare,Office,Married,25-34,High,47
1121,,9.0,34.0,,Regular,3,Healthcare,Office,Married,45-54,Low,89
1122,6.4,5.3,0.0,2.3,Slightly irregular,3,Software/IT,Hybrid,Unmarried,18-24,Moderate,70
1123,5.5,7.8,11.0,0.3,Regular,1,Software/IT,Office,Unmarried,45-54,Moderate,58
1124,6.1,8.4,35.0,1.8,Slightly irregular,2,Government,Office,Unmarried,55+,Moderate,77
1125,6.2,7.4,2.0,2.6,Regular,2,Other,Office,Married,35-44,Moderate,70
1126,6.1,12.0,34.0,2.1,Regular,4,Government,Remote,Unmarried,25-34,Moderate,78
1127,8.5,9.7,13.0,2.1,Irregular,4,Self-employed,Office,Married,25-34,Moderate,74
1128,6.3,11.8,24.0,1.7,Slightly irregular,3,Self-employed,Hybrid,Unmarried,25-34,High,68
1129,6.1,9.2,,1.3,Slightly irregular,3,Software/IT,Hybrid,Unmarried,25-34,Moderate,76
1130,3.9,8.8,46.0,2.0,Slightly irregular,1,Self-employed,Remote,Unmarried,18-24,High,59
1131,,6.4,27.0,2.0,Regular,2,Self-employed,Hybrid,Married,18-24,Moderate,77
1132,6.1,8.6,7.0,2.4,Irregular,3,Teacher,Hybrid,Unmarried,35-44,High,66
1133,5.6,8.6,15.0,2.5,Regular,3,Healthcare,Office,Unmarried,18-24,Moderate,74
1134,8.1,5.5,39.0,2.1,Irregular,3,Government,Hybrid,Unmarried,25-34,Low,84
1135,6.2,7.4,3.0,2.8,Irregular,3,Other,Remote,Unmarried,35-44,Moderate,66
1136,7.9,7.9,21.0,1.7,Regular,4,Other,Office,Unmarried,25-34,Low,90
1137,6.5,9.6,17.0,1.0,Regular,3,Healthcare,Remote,Married,25-34,Moderate,73
1138,6.4,9.7,23.0,2.3,Slightly irregular,4,Self-employed,Hybrid,Unmarried,18-24,Low,80
1139,6.3,7.3,3.0,2.1,Slightly irregular,3,Healthcare,Remote,Married,18-24,Moderate,71
1140,6.4,9.7,0.0,2.3,Regular,3,Other,Hybrid,Unmarried,25-34,High,68
1141,8.5,8.2,36.0,1.1,Regular,5,Banking/Finance,Hybrid,Unmarried,18-24,Low,95
1142,3.6,2.0,46.0,3.3,Regular,3,Other,Office,Unmarried,25-34,Moderate,71
1143,4.0,7.5,0.0,2.5,Slightly irregular,4,Other,Office,Unmarried,18-24,High,58
1144,5.7,11.1,33.0,1.8,Slightly irregular,2,Teacher,Remote,Married,25-34,High,66
1145,6.4,4.7,49.0,1.3,Regular,2,Other,Remote,Married,35-44,Low,82
1146,7.2,8.9,38.0,2.8,Slightly irregular,3,Government,Office,Unmarried,35-44,Low,86
1147,7.0,12.2,16.0,1.2,Slightly irregular,3,Teacher,Remote,Married,25-34,High,64
1148,5.9,6.9,4.0,3.6,Irregular,4,Software/IT,Remote,Married,45-54,Moderate,68
1149,7.6,8.6,27.0,1.6,Regular,2,Government,Remote,Unmarried,35-44,Low,83
1150,7.6,5.6,30.0,3.2,Regular,3,Teacher,Office,Unmarried,35-44,Low,92
1151,6.6,12.3,27.0,1.9,Regular,3,Teacher,Office,Married,25-34,Moderate,75
1152,7.6,8.4,21.0,3.1,Slightly irregular,3,Banking/Finance,Hybrid,Married,18-24,Low,83
1153,6.7,8.7,1.0,1.5,Regular,3,Software/IT,Remote,Married,25-34,Moderate,71
1154,5.7,11.7,34.0,2.0,Regular,3,Healthcare,Office,Unmarried,35-44,Moderate,73
1155,7.2,10.1,35.0,2.6,Slightly irregular,4,Self-employed,Remote,Unmarried,55+,Low,86
1156,6.5,6.6,29.0,2.5,Slightly irregular,4,Software/IT,Hybrid,Married,55+,Low,89
1157,6.4,7.1,27.0,2.8,Regular,3,Banking/Finance,Office,Married,18-24,Low,87
1158,8.2,9.7,,1.7,Regular,3,Software/IT,Remote,Unmarried,55+,Low,86
1159,3.5,7.2,11.0,2.1,Regular,3,Other,Hybrid,Married,35-44,High,61
1160,4.7,3.7,53.0,2.9,Regular,1,Healthcare,Office,Unmarried,35-44,Moderate,71
1161,5.0,8.5,9.0,1.5,Regular,4,Self-employed,Office,Married,45-54,Moderate,69
1162,6.0,5.2,49.0,2.4,Regular,4,Government,Hybrid,Unmarried,25-34,Low,90
1163,6.1,12.3,52.0,1.8,Regular,4,Other,Hybrid,Unmarried,25-34,Moderate,76
1164,4.6,9.0,19.0,2.1,Irregular,3,Healthcare,Hybrid,Married,45-54,High,61
1165,5.2,6.5,62.0,,Irregular,1,Healthcare,Hybrid,Married,18-24,High,66
1166,5.4,7.0,35.0,1.4,Regular,2,Software/IT,Hybrid,Married,35-44,Moderate,76
1167,9.3,4.3,6.0,1.8,Slightly irregular,4,Healthcare,Hybrid,Married,35-44,Low,77
1168,8.6,6.1,17.0,2.1,Regular,3,Healthcare,Hybrid,Married,45-54,Low,86
1169,5.9,10.9,50.0,1.9,Irregular,3,Banking/Finance,Hybrid,Unmarried,25-34,Moderate,68
1170,6.0,13.7,45.0,3.1,Irregular,3,Software/IT,Hybrid,Unmarried,35-44,High,60
1171,5.0,10.3,2.0,2.7,Slightly irregular,2,Healthcare,Hybrid,Married,18-24,High,51
1172,4.1,8.4,22.0,2.2,Slightly irregular,1,Healthcare,Office,Married,45-54,High,58
1173,6.3,7.6,29.0,1.5,Regular,4,Banking/Finance,Office,Unmarried,25-34,Low,89
1174,5.2,6.4,14.0,1.4,Regular,3,Government,Office,Married,35-44,Moderate,70
1175,6.3,13.3,77.0,3.4,Slightly irregular,3,Teacher,Office,Unmarried,45-54,High,68
1176,4.5,8.2,30.0,1.3,Regular,3,Healthcare,Remote,Unmarried,25-34,Moderate,73
1177,5.5,13.5,24.0,2.1,Slightly irregular,3,Healthcare,Office,Unmarried,25-34,High,59
1178,6.6,11.8,51.0,2.3,Slightly irregular,4,Self-employed,Hybrid,Unmarried,25-34,Moderate,78
1179,6.8,4.6,17.0,1.8,Regular,3,Self-employed,Office,Prefer not to say,35-44,Low,84
1180,6.9,7.1,47.0,1.3,Slightly irregular,4,Teacher,Office,Married,35-44,Low,88
1181,,7.1,0.0,1.5,Slightly irregular,1,Teacher,Remote,Married,35-44,High,50
1182,7.4,8.4,15.0,1.6,Slightly irregular,4,Government,Office,Married,18-24,Low,82
1183,5.4,8.5,48.0,1.5,Slightly irregular,2,Self-employed,Office,Married,25-34,Moderate,71
1184,7.2,14.0,60.0,2.9,Irregular,2,Software/IT,Office,Married,25-34,High,62
1185,6.4,6.1,8.0,2.0,Regular,4,Healthcare,Hybrid,Married,18-24,Low,82
1186,4.7,9.1,5.0,1.6,Slightly irregular,3,Teacher,Hybrid,Unmarried,35-44,High,56
1187,6.0,10.0,37.0,2.1,Regular,1,Self-employed,Office,Married,25-34,Moderate,72
1188,6.8,8.6,11.0,2.5,Regular,4,Software/IT,Remote,Unmarried,18-24,Low,84
1189,7.1,8.9,19.0,1.8,Irregular,4,Self-employed,Hybrid,Married,35-44,Low,79
1190,6.2,6.2,44.0,2.6,Regular,2,Government,Remote,Unmarried,25-34,Low,84
1191,8.2,8.8,13.0,1.1,Regular,3,Self-employed,Hybrid,Married,35-44,Low,77
1192,7.6,9.8,0.0,2.8,Regular,2,Other,Office,Married,25-34,Moderate,68
1193,6.1,9.4,0.0,2.0,Irregular,3,Healthcare,Office,Unmarried,18-24,High,60
1194,7.3,9.9,25.0,2.0,Irregular,3,Government,Office,Married,18-24,Moderate,76
1195,8.7,11.8,0.0,1.5,Regular,4,Government,Office,Unmarried,25-34,Moderate,67
1196,,10.8,18.0,1.1,Slightly irregular,4,Self-employed,Office,Unmarried,35-44,Moderate,73
1197,4.9,8.8,0.0,0.8,Regular,2,Healthcare,Office,Unmarried,35-44,High,52
1198,5.3,5.9,61.0,1.5,Slightly irregular,3,Software/IT,Hybrid,Unmarried,18-24,Low,75
1199,8.2,7.2,73.0,2.4,Slightly irregular,3,Other,Office,Unmarried,35-44,Low,88
1200,5.1,8.1,2.0,1.3,Regular,2,Software/IT,Office,Married,25-34,High,59
1201,4.8,9.2,31.0,0.9,Slightly irregular,1,Other,Office,Unmarried,35-44,High,58
1202,5.8,7.5,4.0,1.4,Irregular,3,Teacher,Office,Married,25-34,High,61
1203,6.9,6.4,18.0,1.7,Regular,3,Healthcare,Hybrid,Married,35-44,Low,84
1204,6.3,5.9,65.0,1.8,Regular,3,Other,Hybrid,Unmarried,35-44,Low,87
1205,5.6,4.8,15.0,1.9,Irregular,2,Government,Office,Married,35-44,Moderate,64
1206,5.6,8.1,19.0,2.7,Regular,3,Banking/Finance,Office,Unmarried,25-34,Moderate,78
1207,5.5,5.2,4.0,2.9,Slightly irregular,1,Teacher,Hybrid,Unmarried,18-24,High,59
1208,5.3,6.3,50.0,3.4,Slightly irregular,2,Teacher,Remote,Unmarried,25-34,Moderate,74
1209,9.1,7.7,0.0,0.9,Regular,4,Software/IT,Remote,Married,45-54,Low,75
1210,6.8,5.5,15.0,1.4,Regular,3,Banking/Finance,Hybrid,Unmarried,35-44,Low,81
1211,7.5,9.5,24.0,2.5,Regular,2,Healthcare,Remote,Married,35-44,Moderate,81
1212,5.8,10.3,10.0,1.7,Regular,2,Teacher,Hybrid,Married,25-34,High,63
1213,,7.3,44.0,2.6,Slightly irregular,3,Teacher,Remote,Unmarried,18-24,Low,84
1214,5.5,7.6,51.0,2.1,Irregular,4,Other,Remote,Unmarried,25-34,Low,79
1215,3.5,9.8,0.0,3.1,Regular,1,Self-employed,Office,Unmarried,35-44,High,42
1216,4.7,7.0,71.0,2.7,Slightly irregular,3,Healthcare,Hybrid,Unmarried,18-24,Moderate,74
1217,4.2,6.8,0.0,2.7,Regular,3,Other,Office,Unmarried,45-54,High,60
1218,3.7,11.4,53.0,1.7,Regular,2,Healthcare,Remote,Married,18-24,High,56
1219,5.0,10.6,28.0,1.9,Slightly irregular,3,Teacher,Hybrid,Married,35-44,High,66
1220,8.0,10.0,14.0,1.8,Regular,2,Teacher,Remote,Unmarried,25-34,Moderate,74
1221,6.3,10.7,16.0,0.9,Slightly irregular,2,Other,Remote,Unmarried,45-54,High,59
1222,7.9,4.1,24.0,3.0,Regular,5,Teacher,Remote,Married,45-54,Low,97
1223,6.9,11.7,30.0,2.5,Slightly irregular,4,Teacher,Hybrid,Married,25-34,Low,80
1224,7.3,9.5,5.0,1.8,Irregular,4,Other,Remote,Married,25-34,Moderate,70
1225,5.3,10.9,20.0,2.9,Regular,4,Government,Office,Unmarried,55+,Moderate,72
1226,7.0,9.5,8.0,1.6,Irregular,1,Self-employed,Hybrid,Married,35-44,High,59
1227,7.3,8.7,0.0,0.7,Regular,2,Government,Remote,Unmarried,18-24,Moderate,65
1228,5.7,8.0,7.0,2.7,Regular,2,Government,Office,Unmarried,35-44,Moderate,69
1229,7.1,9.4,0.0,1.1,Regular,5,Software/IT,Hybrid,Prefer not to say,25-34,Low,76
1230,7.1,7.9,16.0,1.9,Irregular,3,Government,Hybrid,Married,25-34,Low,77
1231,5.7,10.6,35.0,2.1,Slightly irregular,3,Teacher,Hybrid,Unmarried,45-54,Moderate,72
1232,5.1,5.0,28.0,2.3,Irregular,3,Software/IT,Office,Unmarried,55+,Moderate,72
1233,5.0,7.4,68.0,2.6,Slightly irregular,3,Other,Hybrid,Married,18-24,Moderate,76
1234,6.5,13.3,0.0,2.4,Regular,3,Software/IT,Office,Married,25-34,High,58
1235,6.8,7.2,35.0,,Irregular,2,Software/IT,Hybrid,Married,25-34,Low,80
1236,5.4,8.1,25.0,1.4,Irregular,1,Teacher,Hybrid,Married,45-54,High,61
1237,6.4,6.6,43.0,2.2,Slightly irregular,4,Self-employed,Office,Married,45-54,Low,88
1238,7.1,9.4,41.0,0.9,Slightly irregular,3,Other,Office,Married,45-54,Moderate,79
1239,7.1,6.9,21.0,3.1,Irregular,1,Software/IT,Office,Unmarried,18-24,Moderate,72
1240,8.3,8.2,29.0,1.0,Regular,4,Healthcare,Office,Married,18-24,Low,90
1241,7.9,10.6,9.0,1.8,Irregular,4,Government,Hybrid,Married,35-44,Moderate,69
1242,5.2,7.0,39.0,1.1,Irregular,3,Banking/Finance,Office,Unmarried,25-34,Moderate,69
1243,8.4,10.4,0.0,1.5,Slightly irregular,5,Teacher,Hybrid,Unmarried,18-24,Low,71
1244,5.8,10.5,42.0,2.0,Regular,2,Teacher,Remote,Unmarried,25-34,Moderate,73
1245,7.7,11.0,24.0,1.6,Regular,3,Banking/Finance,Hybrid,Unmarried,35-44,Moderate,78
1246,6.5,8.9,14.0,2.8,Irregular,3,Software/IT,Hybrid,Unmarried,35-44,Moderate,71
1247,5.9,14.0,20.0,2.2,Irregular,4,Government,Office,Married,35-44,High,58
1248,4.2,11.0,21.0,1.7,Slightly irregular,1,Teacher,Office,Unmarried,18-24,High,48
1249,6.2,9.3,54.0,1.9,Irregular,3,Self-employed,Office,Married,35-44,Moderate,75
1250,4.5,6.6,96.0,2.9,Slightly irregular,3,Government,Remote,Unmarried,25-34,Moderate,73
1251,7.6,8.4,52.0,2.6,Irregular,4,Banking/Finance,Hybrid,Married,25-34,Low,87
1252,8.2,11.9,13.0,1.2,Regular,4,Self-employed,Hybrid,Unmarried,35-44,Moderate,72
1253,5.4,12.5,39.0,1.5,Regular,4,Software/IT,Hybrid,Married,35-44,Moderate,70
1254,6.8,12.0,40.0,2.3,Slightly irregular,1,Teacher,Remote,Unmarried,18-24,High,67
1255,5.5,10.4,5.0,2.2,Regular,4,Healthcare,Hybrid,Married,35-44,High,67
1256,,5.7,0.0,1.3,Regular,3,Self-employed,Office,Unmarried,35-44,High,65
1257,7.3,9.7,24.0,2.5,Slightly irregular,4,Self-employed,Hybrid,Unmarried,35-44,Low,84
1258,6.4,5.7,43.0,1.4,Regular,2,Teacher,Office,Married,45-54,Low,82
1259,8.5,5.2,0.0,2.9,Slightly irregular,2,Self-employed,Hybrid,Unmarried,35-44,Moderate,70
1260,5.8,9.2,9.0,2.4,Regular,4,Teacher,Hybrid,Married,35-44,Moderate,74
1261,7.6,9.8,38.0,,Irregular,2,Software/IT,Office,Married,25-34,Moderate,71
1262,6.5,10.7,26.0,1.6,Regular,3,Teacher,Remote,Married,25-34,Moderate,77
1263,7.4,9.7,56.0,1.6,Slightly irregular,4,Other,Hybrid,Unmarried,45-54,Low,85
1264,5.9,9.8,0.0,2.1,Slightly irregular,3,Banking/Finance,Office,Married,55+,High,61
1265,6.3,6.3,77.0,1.9,Regular,4,Healthcare,Remote,Unmarried,35-44,Low,91
1266,6.3,8.4,0.0,1.2,Regular,3,Government,Hybrid,Unmarried,35-44,Moderate,68
1267,5.4,5.1,0.0,1.0,Regular,2,Software/IT,Hybrid,Married,35-44,High,59
1268,7.2,4.0,24.0,2.4,Regular,4,Software/IT,Office,Married,35-44,Low,93
1269,7.2,10.3,0.0,2.2,Regular,4,Software/IT,Office,Married,25-34,Low,74
1270,7.1,6.9,24.0,2.1,Regular,2,Software/IT,Office,Married,25-34,Low,86
1271,8.2,10.6,23.0,2.2,Slightly irregular,5,Healthcare,Office,Prefer not to say,35-44,Low,84
1272,8.1,11.1,21.0,1.6,Regular,1,Teacher,Hybrid,Married,35-44,Moderate,69
1273,6.0,7.2,6.0,2.1,Regular,4,Self-employed,Hybrid,Unmarried,35-44,Low,78
1274,6.8,10.0,35.0,3.8,Regular,2,Self-employed,Office,Unmarried,55+,Low,81
1275,5.7,7.1,18.0,2.8,Slightly irregular,3,Other,Remote,Married,45-54,Moderate,74
1276,6.4,4.4,49.0,1.8,Slightly irregular,3,Software/IT,Office,Unmarried,45-54,Low,84
1277,5.7,8.9,21.0,1.6,Slightly irregular,3,Healthcare,Office,Unmarried,45-54,Moderate,71
1278,8.3,7.5,4.0,0.3,Slightly irregular,4,Software/IT,Office,Unmarried,35-44,Low,71
1279,6.8,7.6,0.0,2.7,Slightly irregular,3,Teacher,Remote,Married,35-44,Moderate,72
1280,6.1,13.1,21.0,2.6,Regular,3,Banking/Finance,Hybrid,Unmarried,25-34,High,66
1281,7.8,5.1,0.0,1.6,Regular,5,Healthcare,Office,Unmarried,45-54,Low,83
1282,3.8,9.5,0.0,1.0,Slightly irregular,1,Government,Hybrid,Unmarried,25-34,High,36
1283,4.0,6.3,37.0,1.2,Regular,1,Self-employed,Hybrid,Unmarried,35-44,High,62
1284,7.4,10.7,0.0,2.3,Irregular,3,Software/IT,Hybrid,Unmarried,18-24,High,61
1285,6.5,9.3,56.0,1.9,Slightly irregular,3,Other,Remote,Unmarried,35-44,Low,81
1286,6.7,9.5,29.0,2.5,Slightly irregular,3,Software/IT,Office,Married,25-34,Moderate,81
1287,4.8,6.4,24.0,2.1,Slightly irregular,2,Other,Office,Unmarried,35-44,High,68
1288,6.4,6.8,2.0,2.7,Irregular,4,Banking/Finance,Remote,Married,45-54,Moderate,70
1289,8.8,10.7,42.0,2.3,Regular,2,Software/IT,Remote,Unmarried,18-24,Low,80
1290,7.4,12.7,25.0,2.6,Regular,4,Healthcare,Hybrid,Married,18-24,Moderate,79
1291,6.6,9.7,10.0,0.5,Irregular,4,Teacher,Remote,Unmarried,45-54,Moderate,63
1292,5.9,6.5,29.0,1.1,Slightly irregular,3,Self-employed,Office,Unmarried,25-34,Moderate,77
1293,5.9,9.4,0.0,1.7,Regular,3,Teacher,Office,Unmarried,35-44,Moderate,65
1294,3.8,14.0,0.0,2.8,Regular,3,Self-employed,Hybrid,Married,45-54,High,39
1295,6.7,8.8,0.0,3.3,Regular,3,Teacher,Office,Unmarried,35-44,Moderate,73
1296,7.4,12.0,33.0,1.9,Irregular,3,Other,Remote,Married,18-24,High,72
1297,4.5,6.9,25.0,1.6,Regular,3,Teacher,Hybrid,Married,35-44,Moderate,72
1298,5.6,8.5,48.0,0.6,Regular,3,Government,Office,Unmarried,55+,Moderate,75
1299,5.0,10.0,5.0,2.6,Regular,3,Self-employed,Remote,Prefer not to say,25-34,High,61
1300,5.2,9.5,38.0,1.6,Irregular,1,Software/IT,Hybrid,Prefer not to say,35-44,High,59
1301,6.5,6.8,22.0,4.1,Slightly irregular,3,Software/IT,Office,Unmarried,25-34,Moderate,81
1302,3.9,6.7,4.0,1.5,Slightly irregular,1,Banking/Finance,Remote,Unmarried,55+,High,46
1303,7.1,10.9,33.0,3.5,Irregular,4,Government,Hybrid,Married,25-34,Low,79
1304,7.3,11.3,24.0,2.5,Regular,4,Self-employed,Office,Married,25-34,Low,83
1305,6.1,12.1,11.0,1.3,Slightly irregular,3,Teacher,Hybrid,Unmarried,25-34,High,57
1306,3.5,12.7,26.0,2.2,Slightly irregular,1,Other,Hybrid,Unmarried,55+,High,42
1307,5.2,8.9,22.0,2.5,Slightly irregular,3,Other,Remote,Unmarried,35-44,Moderate,70
1308,7.9,7.9,22.0,1.8,Slightly irregular,3,Self-employed,Office,Married,25-34,Low,84
1309,3.5,11.7,16.0,2.6,Irregular,3,Software/IT,Hybrid,Married,18-24,High,44
1310,6.0,10.2,0.0,2.6,Regular,4,Software/IT,Office,Married,45-54,Moderate,68
1311,5.0,6.3,27.0,2.4,Regular,3,Other,Remote,Unmarried,18-24,Moderate,78
1312,7.4,6.2,7.0,2.0,Irregular,3,Government,Office,Married,35-44,Moderate,73
1313,5.6,9.7,3.0,1.2,Regular,4,Banking/Finance,Office,Married,35-44,Moderate,65
1314,6.9,8.2,20.0,1.9,Slightly irregular,3,Other,Office,Unmarried,35-44,Low,82
1315,7.1,8.5,41.0,2.1,Regular,3,Software/IT,Office,Married,35-44,Low,91
1316,8.6,11.1,29.0,0.7,Irregular,3,Government,Remote,Married,45-54,High,68
1317,6.2,10.3,13.0,2.1,Slightly irregular,2,Banking/Finance,Hybrid,Unmarried,18-24,High,64
1318,6.9,11.7,12.0,1.9,Irregular,3,Self-employed,Hybrid,Married,25-34,High,63
1319,4.6,4.2,39.0,1.1,Slightly irregular,3,Self-employed,Remote,Unmarried,18-24,Moderate,69
1320,7.8,9.2,0.0,1.8,Irregular,2,Healthcare,Hybrid,Prefer not to say,25-34,High,61
1321,5.5,10.2,43.0,1.8,Slightly irregular,2,Software/IT,Office,Married,35-44,Moderate,68
1322,5.7,5.1,0.0,3.4,Slightly irregular,3,Other,Hybrid,Married,35-44,Moderate,65
1323,6.4,7.1,0.0,2.2,Slightly irregular,4,Self-employed,Office,Unmarried,45-54,Moderate,74
1324,,6.7,14.0,2.7,Slightly irregular,2,Teacher,Office,Unmarried,45-54,High,61
1325,6.7,8.6,73.0,1.9,Slightly irregular,3,Other,Hybrid,Prefer not to say,25-34,Low,84
1326,7.6,12.3,62.0,0.7,Regular,2,Teacher,Hybrid,Married,35-44,Moderate,69
1327,6.8,13.3,41.0,2.5,Regular,2,Teacher,Hybrid,Unmarried,35-44,Moderate,71
1328,4.5,6.7,33.0,1.5,Slightly irregular,2,Other,Hybrid,Married,55+,High,67
1329,6.3,9.8,0.0,1.8,Regular,3,Government,Remote,Married,18-24,Moderate,66
1330,7.3,9.9,28.0,1.3,Slightly irregular,3,Other,Hybrid,Unmarried,35-44,Moderate,78
1331,4.1,9.5,13.0,2.1,Regular,1,Other,Office,Married,25-34,High,54
1332,5.1,9.5,7.0,2.7,Regular,2,Healthcare,Hybrid,Married,25-34,High,61
1333,7.5,9.3,28.0,2.7,Slightly irregular,5,Teacher,Hybrid,Married,35-44,Low,91
1334,6.7,12.5,15.0,3.1,Regular,4,Self-employed,Remote,Married,25-34,Moderate,73
1335,6.9,11.1,44.0,3.2,Irregular,3,Healthcare,Hybrid,Unmarried,18-24,Moderate,74
1336,8.6,6.2,0.0,0.6,Irregular,3,Banking/Finance,Remote,Married,35-44,Moderate,62
1337,7.0,10.4,27.0,1.2,Slightly irregular,2,Banking/Finance,Office,Married,18-24,Moderate,72
1338,7.2,10.7,6.0,0.7,Regular,3,Software/IT,Office,Married,25-34,Moderate,66
1339,9.7,9.3,16.0,2.4,Regular,4,Software/IT,Hybrid,Unmarried,35-44,Low,81
1340,6.1,11.2,32.0,1.5,Slightly irregular,3,Banking/Finance,Office,Prefer not to say,35-44,High,70
1341,5.4,9.0,0.0,,Regular,3,Self-employed,Office,Married,35-44,High,63
1342,6.9,9.1,29.0,1.8,Irregular,3,Healthcare,Remote,Prefer not to say,55+,Low,79
1343,6.9,8.9,20.0,2.3,Irregular,3,Software/IT,Office,Unmarried,25-34,Low,76
1344,5.8,4.0,10.0,1.0,Regular,5,Healthcare,Office,Unmarried,18-24,Low,78
1345,5.2,8.4,15.0,1.1,Slightly irregular,2,Self-employed,Hybrid,Unmarried,18-24,Moderate,60
1346,9.2,7.1,22.0,2.0,Slightly irregular,3,Software/IT,Remote,Married,25-34,Low,83
1347,6.8,5.9,8.0,2.8,Slightly irregular,2,Banking/Finance,Office,Unmarried,25-34,Moderate,72
1348,5.5,11.9,25.0,2.0,Regular,2,Government,Remote,Unmarried,45-54,High,65
1349,7.5,9.8,19.0,1.4,Slightly irregular,4,Healthcare,Hybrid,Unmarried,25-34,Moderate,78
1350,6.3,8.5,12.0,0.5,Regular,2,Banking/Finance,Office,Unmarried,25-34,Moderate,66
1351,6.1,7.3,60.0,2.7,Irregular,4,Other,Office,Unmarried,45-54,Low,83
1352,7.1,9.3,34.0,1.5,Slightly irregular,3,Software/IT,Office,Unmarried,35-44,Low,82
1353,4.8,10.9,17.0,1.2,Slightly irregular,3,Software/IT,Remote,Married,35-44,High,55
1354,6.8,6.7,28.0,0.8,Irregular,2,Software/IT,Hybrid,Unmarried,25-34,Moderate,72
1355,8.7,8.6,2.0,1.0,Slightly irregular,3,Government,Office,Unmarried,25-34,High,68
1356,7.0,10.6,15.0,1.3,Slightly irregular,3,Other,Office,Unmarried,35-44,Moderate,69
1357,5.9,4.1,18.0,1.8,Regular,3,Government,Office,Married,18-24,Low,79
1358,5.8,8.5,0.0,1.2,Slightly irregular,3,Other,Remote,Prefer not to say,35-44,High,60
1359,5.9,7.6,34.0,2.1,Regular,3,Government,Office,Married,45-54,Low,86
1360,6.1,8.3,14.0,1.8,Irregular,3,Teacher,Remote,Married,25-34,Moderate,69
1361,5.9,7.4,17.0,3.6,Regular,2,Teacher,Hybrid,Married,18-24,Moderate,75
1362,7.5,8.9,12.0,0.8,Regular,3,Government,Office,Married,18-24,Moderate,75
1363,4.3,13.0,,2.1,Slightly irregular,2,Government,Hybrid,Married,45-54,High,52
1364,7.4,7.9,10.0,2.1,Regular,3,Healthcare,Office,Married,25-34,Low,82
1365,5.9,9.3,0.0,1.3,Irregular,3,Healthcare,Hybrid,Married,25-34,High,55
1366,6.9,13.2,0.0,2.1,Regular,3,Healthcare,Office,Married,35-44,High,61
1367,5.0,7.3,42.0,2.5,Regular,1,Teacher,Remote,Married,25-34,Moderate,72
1368,8.0,12.8,54.0,2.1,Slightly irregular,3,Banking/Finance,Remote,Prefer not to say,35-44,Moderate,74
1369,7.9,8.6,10.0,3.0,Slightly irregular,2,Government,Office,Unmarried,18-24,Moderate,73
1370,7.6,12.7,53.0,0.5,Irregular,4,Self-employed,Office,Married,35-44,Moderate,66
1371,4.6,10.3,41.0,1.4,Regular,3,Teacher,Office,Unmarried,18-24,High,67
1372,7.4,9.3,21.0,3.0,Regular,1,Self-employed,Hybrid,Unmarried,25-34,Moderate,76
1373,6.9,8.4,19.0,2.6,Regular,2,Teacher,Office,Unmarried,25-34,Low,81
1374,4.5,7.2,29.0,2.4,Regular,3,Teacher,Hybrid,Married,45-54,Moderate,76
1375,6.4,8.8,44.0,2.9,Slightly irregular,2,Self-employed,Hybrid,Unmarried,35-44,Moderate,78
1376,6.8,10.7,34.0,0.7,Regular,4,Other,Remote,Married,45-54,Low,80
1377,7.1,8.6,10.0,2.6,Slightly irregular,4,Other,Hybrid,Married,35-44,Low,80
1378,6.6,7.9,21.0,2.7,Irregular,3,Software/IT,Remote,Prefer not to say,35-44,Moderate,78
1379,6.7,8.0,69.0,1.5,Regular,2,Teacher,Hybrid,Married,35-44,Low,84
1380,8.2,10.9,31.0,3.8,Slightly irregular,1,Government,Hybrid,Married,25-34,Moderate,72
1381,7.9,11.4,44.0,2.1,Regular,4,Self-employed,Office,Married,35-44,Low,86
1382,3.5,7.1,37.0,0.5,Irregular,4,Healthcare,Remote,Unmarried,25-34,High,59
1383,6.0,7.1,31.0,2.3,Regular,4,Software/IT,Office,Married,45-54,Low,90
1384,6.2,9.5,27.0,1.5,Slightly irregular,3,Healthcare,Office,Married,45-54,Moderate,75
1385,4.3,12.1,45.0,,Regular,1,Software/IT,Hybrid,Married,18-24,High,55
1386,6.5,11.2,41.0,2.4,Regular,4,Teacher,Office,Married,45-54,Low,83
1387,7.9,5.7,31.0,1.6,Regular,3,Banking/Finance,Hybrid,Married,25-34,Low,90
1388,5.1,8.0,10.0,3.1,Regular,3,Software/IT,Remote,Married,35-44,Moderate,71
1389,6.8,6.5,33.0,2.7,Irregular,3,Government,Office,Married,45-54,Low,83
1390,5.3,8.0,24.0,1.4,Regular,3,Banking/Finance,Office,Married,25-34,Low,76
1391,5.6,12.3,18.0,1.9,Irregular,4,Healthcare,Hybrid,Prefer not to say,18-24,High,60
1392,8.2,5.3,84.0,2.4,Slightly irregular,4,Teacher,Office,Unmarried,35-44,Low,92
1393,5.7,4.9,0.0,1.7,Regular,2,Other,Office,Married,25-34,High,64
1394,,6.7,46.0,1.8,Regular,2,Banking/Finance,Hybrid,Married,25-34,Low,88
1395,4.2,9.3,6.0,2.0,Regular,1,Other,Remote,Unmarried,35-44,High,51
1396,8.6,10.0,28.0,1.3,Irregular,3,Healthcare,Office,Unmarried,25-34,Moderate,74
1397,7.1,9.6,82.0,0.4,Regular,2,Banking/Finance,Office,Married,18-24,Low,76
1398,6.2,11.3,4.0,2.2,Irregular,3,Other,Office,Married,55+,High,56
1399,7.1,4.5,9.0,0.6,Regular,3,Software/IT,Office,Unmarried,35-44,Moderate,75
1400,4.7,11.3,25.0,1.3,Regular,2,Teacher,Hybrid,Married,35-44,High,58
1401,7.8,7.9,6.0,0.8,Regular,4,Other,Remote,Married,25-34,Low,78
1402,6.0,10.3,44.0,0.8,Slightly irregular,3,Healthcare,Office,Married,55+,Moderate,69
1403,6.2,5.6,13.0,2.3,Slightly irregular,3,Teacher,Office,Unmarried,25-34,Moderate,75
1404,5.8,8.6,39.0,1.8,Irregular,4,Other,Hybrid,Married,25-34,Moderate,78
1405,5.7,9.1,0.0,1.8,Regular,3,Software/IT,Office,Married,25-34,Moderate,65
1406,7.2,11.3,0.0,1.1,Regular,3,Banking/Finance,Hybrid,Married,35-44,Moderate,63
1407,6.7,5.0,20.0,1.5,Slightly irregular,3,Self-employed,Remote,Unmarried,25-34,Low,79
1408,7.2,8.7,0.0,,Slightly irregular,4,Self-employed,Office,Unmarried,25-34,Moderate,75
1409,6.4,6.1,58.0,2.0,Irregular,3,Healthcare,Remote,Unmarried,25-34,Low,81
1410,7.0,9.8,0.0,2.6,Regular,2,Software/IT,Remote,Unmarried,35-44,Moderate,68
1411,5.9,10.4,2.0,2.7,Slightly irregular,4,Self-employed,Remote,Married,18-24,High,64
1412,9.1,11.6,34.0,1.8,Regular,5,Self-employed,Hybrid,Married,35-44,Low,87
1413,4.5,7.4,12.0,0.7,Irregular,3,Teacher,Office,Prefer not to say,25-34,High,53
1414,7.9,10.7,0.0,1.5,Regular,5,Teacher,Remote,Unmarried,25-34,Moderate,74
1415,8.0,11.7,70.0,1.9,Irregular,5,Healthcare,Hybrid,Married,18-24,Low,80
1416,,4.8,3.0,1.5,Regular,4,Software/IT,Office,Unmarried,55+,Moderate,70
1417,9.1,10.0,21.0,1.3,Slightly irregular,4,Self-employed,Office,Married,35-44,Moderate,77
1418,7.6,10.8,20.0,2.0,Irregular,3,Other,Office,Married,18-24,Moderate,71
1419,7.6,8.0,41.0,3.7,Irregular,2,Teacher,Office,Married,25-34,Low,81
1420,6.4,5.8,35.0,1.7,Slightly irregular,3,Other,Office,Unmarried,18-24,Low,83
1421,6.1,10.8,7.0,2.0,Regular,3,Self-employed,Office,Unmarried,35-44,High,67
1422,6.1,5.8,18.0,1.1,Irregular,3,Government,Hybrid,Unmarried,35-44,High,68
1423,6.9,8.2,20.0,2.9,Slightly irregular,1,Other,Hybrid,Unmarried,18-24,Moderate,75
1424,8.1,8.5,41.0,2.6,Slightly irregular,3,Teacher,Hybrid,Married,45-54,Low,87
1425,6.6,10.2,0.0,,Regular,4,Other,Office,Unmarried,25-34,Moderate,72
1426,5.3,7.2,69.0,3.0,Regular,2,Software/IT,Office,Married,25-34,Low,78
1427,7.4,7.0,8.0,1.7,Regular,3,Healthcare,Office,Unmarried,18-24,Low,80
1428,7.5,8.8,25.0,1.8,Slightly irregular,4,Banking/Finance,Office,Married,18-24,Low,86
1429,7.2,10.9,0.0,3.2,Regular,4,Software/IT,Office,Married,45-54,Moderate,72
1430,7.3,13.9,0.0,2.4,Regular,5,Government,Remote,Unmarried,25-34,Moderate,67
1431,6.1,5.1,6.0,0.4,Irregular,3,Healthcare,Hybrid,Married,35-44,High,59
1432,5.3,9.3,4.0,2.3,Slightly irregular,3,Healthcare,Hybrid,Married,25-34,High,61
1433,5.4,6.1,16.0,1.6,Irregular,3,Banking/Finance,Remote,Unmarried,25-34,Moderate,66
1434,4.4,10.9,3.0,2.6,Regular,3,Software/IT,Office,Unmarried,25-34,High,54
1435,6.7,6.4,40.0,2.3,Regular,4,Software/IT,Remote,Married,25-34,Low,94
1436,6.3,7.0,8.0,0.8,Slightly irregular,4,Software/IT,Remote,Unmarried,18-24,Moderate,71
1437,5.9,7.2,5.0,2.2,Regular,1,Other,Office,Unmarried,18-24,Moderate,66
1438,3.5,8.4,16.0,2.1,Slightly irregular,2,Self-employed,Remote,Married,55+,High,55
1439,4.9,9.3,47.0,2.3,Regular,3,Healthcare,Hybrid,Married,35-44,Moderate,75
1440,7.7,9.7,30.0,2.4,Slightly irregular,3,Banking/Finance,Remote,Unmarried,18-24,Low,83
1441,5.6,8.6,23.0,3.0,Regular,1,Banking/Finance,Remote,Unmarried,35-44,Moderate,71
1442,6.8,5.5,0.0,2.3,Slightly irregular,3,Teacher,Office,Married,25-34,Moderate,72
1443,4.7,10.3,0.0,2.0,Irregular,2,Software/IT,Hybrid,Unmarried,35-44,High,44
1444,8.1,8.5,0.0,2.8,Regular,5,Banking/Finance,Hybrid,Unmarried,45-54,Low,83
1445,6.2,11.3,54.0,3.6,Slightly irregular,3,Teacher,Remote,Unmarried,18-24,Moderate,73
1446,6.7,7.0,37.0,2.6,Slightly irregular,2,Other,Hybrid,Unmarried,55+,Low,83
1447,9.2,4.9,6.0,2.1,Slightly irregular,2,Teacher,Hybrid,Unmarried,25-34,Moderate,72
1448,8.2,8.5,13.0,2.3,Regular,4,Banking/Finance,Remote,Married,25-34,Low,86
1449,6.0,11.6,7.0,2.2,Regular,3,Healthcare,Office,Unmarried,35-44,High,64
1450,5.7,9.0,6.0,2.0,Slightly irregular,3,Government,Hybrid,Unmarried,35-44,High,65
1451,6.0,8.1,35.0,3.5,Slightly irregular,3,Other,Office,Unmarried,25-34,Low,82
1452,7.0,6.6,19.0,1.5,Slightly irregular,3,Healthcare,Office,Unmarried,18-24,Low,80
1453,6.3,12.6,71.0,2.8,Regular,4,Software/IT,Hybrid,Married,25-34,Moderate,78
1454,5.9,6.2,53.0,1.9,Irregular,4,Government,Remote,Married,25-34,Low,81
1455,8.2,6.9,54.0,1.0,Regular,2,Software/IT,Office,Unmarried,25-34,Low,84
1456,6.3,9.9,40.0,1.9,Regular,2,Software/IT,Hybrid,Married,25-34,Moderate,78
1457,9.2,4.3,16.0,1.6,Slightly irregular,5,Government,Office,Married,55+,Low,86
1458,6.5,11.5,38.0,2.4,Slightly irregular,4,Software/IT,Hybrid,Unmarried,35-44,Moderate,78
1459,8.5,10.0,17.0,2.1,Slightly irregular,2,Software/IT,Remote,Married,55+,Moderate,72
1460,6.8,10.7,61.0,1.3,Regular,2,Healthcare,Office,Unmarried,18-24,Moderate,76
1461,7.6,9.9,34.0,3.0,Regular,3,Healthcare,Office,Married,18-24,Low,87
1462,5.5,8.2,31.0,2.8,Slightly irregular,2,Other,Remote,Unmarried,35-44,Moderate,75
1463,5.4,6.2,28.0,3.1,Regular,2,Teacher,Office,Married,35-44,Moderate,78
1464,7.0,8.3,63.0,2.2,Slightly irregular,3,Healthcare,Hybrid,Unmarried,35-44,Low,88
1465,7.6,6.4,0.0,2.0,Slightly irregular,3,Government,Hybrid,Unmarried,18-24,Moderate,74
1466,6.4,9.7,65.0,2.5,Regular,4,Self-employed,Office,Married,45-54,Low,87
1467,4.9,10.5,21.0,1.6,Slightly irregular,4,Teacher,Remote,Prefer not to say,25-34,Moderate,65
1468,4.8,12.0,0.0,2.1,Irregular,2,Banking/Finance,Remote,Married,25-34,High,40
1469,4.7,9.5,8.0,1.9,Irregular,1,Banking/Finance,Remote,Married,25-34,High,46
1470,4.3,10.7,0.0,1.0,Regular,3,Teacher,Office,Unmarried,18-24,High,47
1471,6.5,7.9,39.0,2.1,Slightly irregular,4,Software/IT,Remote,Unmarried,25-34,Low,89
1472,7.8,7.5,2.0,1.7,Irregular,3,Government,Office,Unmarried,55+,Moderate,69
1473,6.4,9.7,29.0,1.8,Slightly irregular,4,Teacher,Office,Prefer not to say,35-44,Low,82
1474,3.7,7.7,50.0,2.3,Regular,1,Teacher,Office,Unmarried,18-24,High,64
1475,6.2,9.2,10.0,2.9,Regular,3,Banking/Finance,Remote,Married,25-34,Moderate,74
1476,6.2,6.2,19.0,1.4,Slightly irregular,2,Software/IT,Remote,Married,25-34,Moderate,71
1477,8.9,6.6,0.0,1.8,Slightly irregular,4,Teacher,Office,Unmarried,45-54,Low,76
1478,4.7,10.1,16.0,1.5,Irregular,2,Healthcare,Hybrid,Married,35-44,High,50
1479,5.9,10.6,82.0,1.4,Irregular,3,Other,Remote,Unmarried,35-44,Moderate,66
1480,8.4,6.3,42.0,1.6,Regular,5,Self-employed,Remote,Unmarried,55+,Low,98
1481,6.9,10.1,19.0,1.9,Slightly irregular,3,Teacher,Office,Unmarried,25-34,Moderate,75
1482,7.1,7.4,12.0,2.4,Regular,1,Teacher,Office,Married,45-54,Low,76
1483,6.5,8.6,24.0,2.2,Regular,3,Other,Hybrid,Unmarried,25-34,Low,84
1484,6.8,11.9,28.0,1.3,Regular,3,Banking/Finance,Hybrid,Married,45-54,Moderate,75
1485,7.3,10.5,16.0,2.9,Irregular,3,Government,Office,Unmarried,45-54,Moderate,70
1486,5.4,10.4,37.0,2.7,Regular,2,Software/IT,Remote,Unmarried,25-34,High,71
1487,7.5,13.0,4.0,1.4,Slightly irregular,5,Software/IT,Office,Unmarried,25-34,Moderate,64
1488,4.8,7.0,4.0,2.9,Regular,3,Teacher,Hybrid,Married,25-34,High,66
1489,6.8,6.3,33.0,2.2,Regular,3,Self-employed,Remote,Married,25-34,Low,91
1490,6.6,6.9,0.0,1.9,Slightly irregular,2,Other,Hybrid,Married,25-34,Moderate,67
1491,5.7,8.0,41.0,2.3,Regular,1,Software/IT,Remote,Unmarried,25-34,Moderate,77
1492,6.4,3.2,25.0,2.0,Regular,3,Government,Hybrid,Unmarried,25-34,Low,86
1493,5.7,8.1,0.0,2.4,Slightly irregular,3,Other,Office,Unmarried,18-24,High,65
1494,5.1,7.3,27.0,2.1,Irregular,2,Other,Hybrid,Married,45-54,High,67
1495,6.0,10.4,0.0,,Slightly irregular,3,Healthcare,Office,Married,18-24,High,59
1496,5.1,9.4,40.0,0.6,Irregular,2,Teacher,Remote,Unmarried,18-24,High,58
1497,6.8,7.2,20.0,2.4,Regular,2,Other,Hybrid,Unmarried,18-24,Low,82
1498,5.0,10.0,66.0,1.7,Regular,2,Teacher,Hybrid,Unmarried,55+,Moderate,68
1499,7.3,10.3,49.0,2.5,Regular,4,Teacher,Hybrid,Married,25-34,Low,89
1500,5.0,6.8,2.0,2.3,Irregular,2,Software/IT,Remote,Married,25-34,High,54
1501,5.7,7.5,0.0,1.8,Regular,2,Healthcare,Office,Unmarried,18-24,Moderate,65
1502,5.7,3.5,8.0,2.7,Regular,2,Software/IT,Remote,Unmarried,25-34,Moderate,70
1503,8.0,6.1,0.0,2.1,Irregular,3,Banking/Finance,Remote,Unmarried,55+,Moderate,70
1504,6.8,6.9,65.0,2.1,Irregular,4,Other,Remote,Unmarried,35-44,Low,87
1505,6.1,8.8,25.0,1.9,Regular,3,Healthcare,Office,Unmarried,25-34,Low,81
1506,7.0,6.4,46.0,3.2,Slightly irregular,3,Other,Remote,Unmarried,25-34,Low,88
1507,3.9,7.4,19.0,1.5,Regular,2,Other,Remote,Unmarried,18-24,High,61
1508,6.3,5.8,21.0,1.8,Slightly irregular,4,Self-employed,Hybrid,Married,25-34,Low,82
1509,8.8,9.0,24.0,1.1,Slightly irregular,4,Banking/Finance,Hybrid,Married,25-34,Low,82
1510,6.6,9.6,49.0,2.5,Irregular,3,Other,Remote,Unmarried,35-44,Moderate,77
1511,6.5,9.5,32.0,1.6,Regular,4,Banking/Finance,Office,Unmarried,25-34,Low,86
1512,7.1,8.6,2.0,1.7,Slightly irregular,3,Software/IT,Office,Unmarried,18-24,Moderate,71
1513,7.5,5.1,61.0,1.6,Regular,3,Other,Remote,Married,35-44,Low,90
1514,4.0,7.2,19.0,2.0,Slightly irregular,2,Healthcare,Remote,Unmarried,35-44,High,60
1515,4.4,7.7,15.0,1.1,Slightly irregular,1,Other,Hybrid,Married,25-34,High,53
1516,6.7,7.7,0.0,0.4,Slightly irregular,3,Healthcare,Office,Married,35-44,Moderate,64
1517,5.5,8.8,39.0,2.3,Irregular,3,Teacher,Office,Unmarried,45-54,Moderate,73
1518,8.0,11.9,27.0,0.5,Slightly irregular,3,Self-employed,Hybrid,Unmarried,45-54,Moderate,67
1519,6.0,10.5,27.0,2.6,Slightly irregular,4,Banking/Finance,Office,Married,25-34,Moderate,77
1520,4.1,6.3,16.0,3.1,Regular,2,Healthcare,Hybrid,Unmarried,45-54,High,64
1521,4.9,10.2,12.0,1.9,Irregular,1,Other,Hybrid,Unmarried,35-44,High,48
1522,3.5,10.1,17.0,2.9,Slightly irregular,1,Healthcare,Office,Married,35-44,High,46
1523,6.1,6.7,35.0,2.0,Regular,1,Software/IT,Office,Married,35-44,Low,79
1524,6.2,10.6,39.0,3.1,Slightly irregular,3,Government,Hybrid,Unmarried,18-24,Moderate,75
1525,5.9,8.2,20.0,1.7,Regular,2,Software/IT,Office,Unmarried,35-44,Low,75
1526,7.7,5.4,46.0,0.3,Slightly irregular,4,Healthcare,Office,Unmarried,35-44,Low,84
1527,7.8,9.6,23.0,1.9,Regular,4,Software/IT,Remote,Married,55+,Low,87
1528,6.2,9.1,14.0,3.2,Regular,2,Teacher,Hybrid,Unmarried,25-34,Moderate,72
1529,3.8,8.1,29.0,2.4,Irregular,1,Other,Hybrid,Unmarried,55+,High,56
1530,7.1,8.5,0.0,,Irregular,4,Software/IT,Office,Married,25-34,Moderate,70
1531,7.1,6.9,30.0,2.2,Slightly irregular,4,Government,Remote,Unmarried,55+,Low,92
1532,6.8,10.0,0.0,2.7,Irregular,1,Banking/Finance,Remote,Married,35-44,High,54
1533,7.6,8.5,2.0,1.9,Regular,4,Software/IT,Hybrid,Unmarried,35-44,Low,80
1534,5.0,9.0,0.0,3.8,Regular,1,Other,Remote,Married,35-44,High,54
1535,8.8,9.4,21.0,1.6,Irregular,3,Software/IT,Office,Married,55+,Moderate,74
1536,5.2,5.9,60.0,2.7,Slightly irregular,4,Healthcare,Hybrid,Married,18-24,Low,81
1537,7.3,6.5,22.0,2.5,Slightly irregular,5,Self-employed,Office,Married,25-34,Low,92
1538,4.4,3.5,39.0,1.5,Regular,2,Self-employed,Office,Married,45-54,Moderate,70
1539,5.3,9.9,77.0,1.7,Regular,1,Teacher,Hybrid,Married,25-34,Moderate,67
1540,8.2,5.8,34.0,2.7,Regular,3,Self-employed,Office,Unmarried,35-44,Low,92
1541,6.1,8.9,8.0,,Irregular,3,Other,Remote,Married,25-34,High,65
1542,7.4,9.5,11.0,2.2,Regular,3,Healthcare,Hybrid,Married,35-44,Low,78
1543,6.7,10.0,25.0,0.9,Slightly irregular,2,Banking/Finance,Office,Married,45-54,Moderate,69
1544,6.3,5.8,11.0,2.5,Regular,3,Teacher,Remote,Prefer not to say,25-34,Low,79
1545,8.0,8.5,13.0,2.2,Slightly irregular,4,Teacher,Remote,Married,35-44,Low,82
1546,6.1,12.4,47.0,2.0,Regular,3,Healthcare,Hybrid,Unmarried,35-44,Moderate,73
1547,4.3,12.5,48.0,2.3,Slightly irregular,2,Software/IT,Hybrid,Married,35-44,High,54
1548,5.4,10.9,0.0,1.7,Slightly irregular,2,Government,Office,Married,25-34,High,49
1549,7.1,9.4,7.0,1.6,Regular,3,Software/IT,Remote,Unmarried,25-34,Moderate,75
1550,6.9,6.3,15.0,1.8,Regular,2,Software/IT,Remote,Unmarried,35-44,Low,80
1551,4.5,10.3,38.0,1.7,Regular,2,Healthcare,Office,Unmarried,18-24,High,64
1552,5.5,8.2,50.0,3.5,Slightly irregular,3,Software/IT,Remote,Married,35-44,Moderate,78
1553,5.7,9.9,84.0,2.6,Irregular,3,Banking/Finance,Office,Married,25-34,Moderate,70
1554,6.0,7.1,15.0,1.3,Regular,1,Healthcare,Office,Married,45-54,Moderate,68
1555,4.7,8.2,16.0,3.4,Slightly irregular,3,Software/IT,Office,Married,45-54,Moderate,66
1556,5.6,9.0,38.0,1.7,Regular,3,Teacher,Hybrid,Unmarried,35-44,Moderate,79
1557,5.5,9.2,10.0,2.0,Irregular,1,Software/IT,Office,Married,45-54,High,54
1558,7.3,9.7,22.0,2.6,Irregular,3,Banking/Finance,Office,Married,55+,Low,75
1559,7.4,7.3,16.0,0.6,Slightly irregular,3,Teacher,Office,Married,35-44,Low,74
1560,6.2,5.5,0.0,1.8,Regular,3,Government,Office,Married,35-44,Moderate,72
1561,5.9,12.3,28.0,,Regular,2,Banking/Finance,Hybrid,Married,25-34,High,65
1562,6.6,14.0,21.0,2.1,Irregular,3,Teacher,Remote,Married,45-54,High,59
1563,5.4,9.6,53.0,2.3,Regular,2,Software/IT,Office,Prefer not to say,35-44,Moderate,74
1564,5.0,5.6,25.0,1.9,Slightly irregular,1,Teacher,Remote,Unmarried,25-34,High,66
1565,5.3,6.8,0.0,1.9,Irregular,4,Teacher,Hybrid,Married,25-34,High,62
1566,5.6,9.8,19.0,2.7,Slightly irregular,3,Teacher,Hybrid,Married,25-34,Moderate,69
1567,5.0,11.7,0.0,2.2,Slightly irregular,2,Other,Office,Unmarried,35-44,High,46
1568,6.6,5.8,0.0,2.0,Slightly irregular,3,Software/IT,Office,Married,45-54,Moderate,71
1569,7.3,8.3,39.0,2.1,Irregular,4,Teacher,Office,Unmarried,18-24,Low,87
1570,4.5,9.1,20.0,3.3,Regular,2,Self-employed,Remote,Unmarried,18-24,High,65
1571,6.4,10.6,45.0,2.1,Irregular,4,Other,Remote,Married,55+,Moderate,76
1572,6.1,7.8,0.0,1.6,Regular,5,Healthcare,Remote,Unmarried,25-34,Low,77
1573,6.8,5.0,20.0,0.7,Slightly irregular,3,Banking/Finance,Office,Married,35-44,Low,76
1574,6.4,10.0,15.0,1.0,Irregular,2,Software/IT,Remote,Married,25-34,High,58
1575,4.7,11.2,46.0,1.7,Slightly irregular,2,Self-employed,Office,Unmarried,25-34,High,59
1576,4.9,8.4,40.0,1.9,Regular,1,Banking/Finance,Remote,Married,18-24,Moderate,70
1577,6.4,9.5,39.0,1.6,Regular,4,Healthcare,Office,Married,18-24,Low,86
1578,7.6,7.5,59.0,2.2,Irregular,3,Teacher,Hybrid,Unmarried,35-44,Low,84
1579,3.7,6.7,17.0,1.6,Slightly irregular,3,Healthcare,Office,Unmarried,25-34,High,59
1580,6.8,11.0,54.0,1.4,Regular,4,Government,Office,Married,35-44,Low,83
1581,7.8,9.5,2.0,2.4,Irregular,2,Software/IT,Office,Unmarried,55+,High,62
1582,6.2,9.7,1.0,3.0,Irregular,2,Healthcare,Office,Married,45-54,High,56
1583,7.1,12.1,42.0,1.2,Irregular,5,Software/IT,Hybrid,Unmarried,25-34,Moderate,75
1584,5.6,6.2,0.0,2.2,Slightly irregular,3,Self-employed,Office,Married,25-34,Moderate,65
1585,6.3,7.3,38.0,0.7,Irregular,2,Software/IT,Office,Unmarried,25-34,Moderate,70
1586,4.5,9.0,27.0,1.0,Irregular,1,Other,Remote,Unmarried,35-44,High,52
1587,3.6,7.3,49.0,1.6,Regular,2,Healthcare,Hybrid,Married,25-34,High,66
1588,7.5,10.4,24.0,2.8,Irregular,5,Healthcare,Hybrid,Unmarried,45-54,Low,82
1589,5.2,8.2,26.0,1.5,Slightly irregular,3,Teacher,Office,Married,35-44,Moderate,72
1590,5.9,6.3,36.0,1.4,Irregular,3,Healthcare,Office,Unmarried,25-34,Moderate,75
1591,4.7,8.8,10.0,2.0,Slightly irregular,4,Teacher,Hybrid,Married,25-34,Moderate,65
1592,4.7,9.0,9.0,2.0,Slightly irregular,4,Teacher,Office,Married,35-44,Moderate,64
1593,6.2,10.7,35.0,1.5,Regular,3,Software/IT,Remote,Married,45-54,Moderate,77
1594,5.5,9.5,24.0,3.4,Regular,5,Teacher,Hybrid,Married,25-34,Low,83
1595,6.9,9.7,16.0,,Regular,3,Self-employed,Office,Unmarried,35-44,Low,79
1596,6.9,9.3,23.0,2.1,Slightly irregular,4,Teacher,Remote,Unmarried,25-34,Low,84
1597,6.8,8.2,60.0,1.7,Irregular,3,Self-employed,Hybrid,Unmarried,45-54,Low,81
1598,6.7,7.0,15.0,2.3,Regular,4,Other,Remote,Unmarried,35-44,Low,87
1599,8.3,9.3,15.0,2.9,Regular,3,Government,Remote,Unmarried,35-44,Low,81
1600,5.1,7.8,0.0,3.2,Slightly irregular,3,Software/IT,Remote,Married,25-34,High,62
1601,6.3,12.5,24.0,,Regular,5,Banking/Finance,Remote,Unmarried,45-54,Moderate,76
1602,7.8,11.7,39.0,2.8,Regular,4,Self-employed,Hybrid,Unmarried,35-44,Low,85
1603,7.9,10.1,43.0,2.4,Regular,4,Teacher,Office,Married,25-34,Low,90
1604,4.7,9.5,27.0,2.7,Slightly irregular,2,Teacher,Remote,Married,35-44,High,64
1605,6.0,8.4,46.0,1.9,Slightly irregular,3,Teacher,Office,Married,25-34,Moderate,80
1606,8.0,5.7,41.0,1.9,Irregular,3,Healthcare,Office,Married,45-54,Low,84
1607,7.0,8.1,49.0,2.7,Regular,4,Software/IT,Remote,Unmarried,35-44,Low,96
1608,6.6,8.8,,2.7,Regular,4,Teacher,Hybrid,Married,25-34,Low,91
1609,6.1,9.1,60.0,3.1,Slightly irregular,3,Banking/Finance,Remote,Unmarried,25-34,Low,79
1610,5.9,9.7,21.0,2.1,Irregular,4,Healthcare,Office,Married,45-54,Moderate,72
1611,6.7,10.7,0.0,1.9,Regular,4,Teacher,Office,Married,45-54,Moderate,70
1612,6.1,7.0,40.0,0.3,Irregular,3,Other,Hybrid,Married,25-34,Moderate,70
1613,6.3,7.0,42.0,0.9,Slightly irregular,3,Teacher,Remote,Married,35-44,Low,79
1614,6.5,11.9,60.0,1.7,Irregular,2,Software/IT,Remote,Unmarried,25-34,High,64
1615,5.6,10.4,53.0,1.2,Regular,2,Software/IT,Office,Unmarried,25-34,High,68
1616,7.0,7.7,68.0,2.6,Regular,2,Teacher,Remote,Married,45-54,Low,89
1617,9.9,8.4,39.0,1.1,Regular,4,Healthcare,Hybrid,Married,35-44,Low,85
1618,4.3,8.4,30.0,1.6,Slightly irregular,2,Software/IT,Office,Unmarried,18-24,High,65
1619,6.8,8.7,0.0,1.7,Irregular,2,Self-employed,Office,Unmarried,25-34,High,61
1620,5.5,9.7,32.0,2.8,Slightly irregular,3,Other,Remote,Unmarried,25-34,Moderate,74
1621,7.1,14.0,13.0,1.6,Regular,4,Teacher,Hybrid,Married,25-34,Moderate,67
1622,6.5,9.0,30.0,2.3,Regular,3,Self-employed,Hybrid,Unmarried,55+,Low,86
1623,7.3,10.1,26.0,2.1,Slightly irregular,1,Banking/Finance,Office,Married,18-24,Moderate,72
1624,7.8,4.7,35.0,2.6,Irregular,3,Self-employed,Hybrid,Married,25-34,Low,84
1625,6.6,7.5,23.0,2.6,Regular,2,Teacher,Hybrid,Unmarried,45-54,Low,83
1626,7.8,11.4,46.0,2.0,Slightly irregular,3,Banking/Finance,Remote,Married,18-24,Moderate,78
1627,3.6,9.5,0.0,0.8,Slightly irregular,3,Software/IT,Office,Married,25-34,High,42
1628,8.3,0.0,29.0,1.8,Irregular,1,Software/IT,Office,Married,35-44,Moderate,76
1629,6.9,10.2,51.0,2.0,Irregular,2,Other,Office,Married,25-34,Moderate,73
1630,7.7,13.0,66.0,2.2,Regular,4,Teacher,Office,Unmarried,25-34,Low,81
1631,4.9,4.0,41.0,1.5,Slightly irregular,2,Healthcare,Office,Married,35-44,Moderate,69
1632,5.4,12.1,62.0,2.8,Irregular,2,Teacher,Office,Married,55+,High,58
1633,6.6,2.2,29.0,2.0,Irregular,5,Other,Hybrid,Unmarried,45-54,Low,89
1634,6.4,10.8,25.0,1.4,Slightly irregular,3,Teacher,Remote,Married,18-24,High,70
1635,6.7,8.6,37.0,1.7,Regular,4,Software/IT,Office,Married,35-44,Low,91
1636,7.7,3.2,25.0,3.3,Slightly irregular,4,Banking/Finance,Office,Married,35-44,Low,90
1637,4.3,9.6,8.0,2.5,Slightly irregular,2,Software/IT,Office,Married,25-34,High,52
1638,7.6,11.2,14.0,2.7,Regular,4,Teacher,Hybrid,Married,25-34,Low,78
1639,6.4,9.4,1.0,1.3,Irregular,5,Government,Office,Unmarried,35-44,Moderate,66
1640,6.2,9.9,37.0,1.5,Regular,1,Other,Remote,Married,25-34,Moderate,72
1641,4.6,7.7,25.0,1.5,Irregular,2,Government,Hybrid,Unmarried,45-54,High,61
1642,7.0,4.3,17.0,2.1,Regular,3,Software/IT,Hybrid,Unmarried,25-34,Low,86
1643,3.5,10.2,13.0,1.9,Regular,2,Teacher,Remote,Married,18-24,High,51
1644,7.2,12.6,36.0,1.7,Slightly irregular,4,Self-employed,Remote,Married,45-54,Moderate,76
1645,4.6,11.2,42.0,,Slightly irregular,3,Teacher,Remote,Married,45-54,High,62
1646,6.5,4.0,0.0,1.4,Irregular,5,Government,Remote,Married,25-34,Moderate,71
1647,6.3,5.1,0.0,1.9,Slightly irregular,4,Healthcare,Office,Married,35-44,Moderate,72
1648,7.8,6.7,46.0,2.8,Regular,5,Other,Office,Married,45-54,Low,100
1649,6.2,4.9,0.0,0.9,Irregular,2,Teacher,Office,Married,25-34,High,55
1650,5.6,8.7,37.0,2.2,Slightly irregular,2,Other,Office,Married,35-44,Moderate,74
1651,5.8,9.5,61.0,,Regular,2,Healthcare,Office,Married,35-44,Moderate,77
1652,7.9,5.3,61.0,1.9,Irregular,5,Government,Office,Unmarried,25-34,Low,92
1653,7.0,10.4,41.0,1.6,Regular,2,Software/IT,Remote,Married,45-54,Low,79
1654,5.9,10.0,41.0,2.6,Regular,2,Healthcare,Hybrid,Unmarried,55+,Moderate,76
1655,6.1,7.3,75.0,1.3,Slightly irregular,2,Teacher,Office,Unmarried,25-34,Low,76
1656,4.5,8.2,0.0,2.0,Slightly irregular,5,Software/IT,Hybrid,Married,18-24,High,65
1657,6.9,4.1,15.0,1.3,Slightly irregular,3,Healthcare,Office,Unmarried,45-54,Low,77
1658,4.3,7.8,44.0,0.7,Irregular,3,Software/IT,Hybrid,Married,25-34,High,61
1659,7.3,8.6,18.0,1.9,Regular,2,Other,Hybrid,Unmarried,18-24,Low,80
1660,6.6,9.0,52.0,1.1,Irregular,4,Self-employed,Hybrid,Married,35-44,Low,78
1661,9.3,9.5,24.0,2.0,Regular,2,Government,Office,Unmarried,35-44,Low,79
1662,5.1,9.2,28.0,2.8,Regular,2,Healthcare,Hybrid,Unmarried,18-24,Moderate,72
1663,6.3,8.0,19.0,3.3,Regular,2,Teacher,Hybrid,Unmarried,25-34,Moderate,79
1664,8.6,9.3,14.0,2.1,Regular,4,Teacher,Office,Unmarried,45-54,Low,84
1665,7.8,10.9,13.0,2.7,Regular,3,Software/IT,Hybrid,Married,55+,Low,75
1666,5.6,8.4,31.0,2.3,Irregular,4,Banking/Finance,Hybrid,Married,25-34,Low,78
1667,6.7,9.3,8.0,1.7,Irregular,3,Self-employed,Office,Married,18-24,Moderate,66
1668,6.4,8.2,46.0,0.7,Slightly irregular,2,Software/IT,Hybrid,Married,25-34,Moderate,74
1669,6.7,7.1,39.0,,Regular,4,Software/IT,Office,Married,25-34,Low,94
1670,5.6,9.8,49.0,1.3,Irregular,2,Software/IT,Hybrid,Unmarried,25-34,High,63
1671,6.3,7.3,0.0,3.0,Regular,2,Healthcare,Office,Unmarried,35-44,Moderate,69
1672,4.5,9.5,0.0,2.4,Slightly irregular,3,Software/IT,Office,Unmarried,18-24,High,53
1673,6.6,8.7,25.0,1.3,Slightly irregular,1,Healthcare,Office,Unmarried,45-54,Moderate,70
1674,6.9,7.9,89.0,2.2,Regular,4,Software/IT,Office,Unmarried,45-54,Low,96
1675,6.1,7.8,53.0,3.5,Slightly irregular,2,Software/IT,Office,Unmarried,35-44,Low,79
1676,4.5,7.4,13.0,3.1,Irregular,2,Government,Hybrid,Married,25-34,High,57
1677,7.6,4.8,34.0,1.6,Regular,5,Other,Hybrid,Unmarried,35-44,Low,98
1678,6.8,9.5,41.0,1.5,Slightly irregular,3,Software/IT,Remote,Married,25-34,Low,80
1679,5.5,9.1,0.0,,Irregular,4,Teacher,Remote,Married,25-34,High,60
1680,6.1,10.6,55.0,1.9,Regular,3,Teacher,Remote,Prefer not to say,35-44,Moderate,78
1681,4.6,7.4,21.0,2.8,Regular,3,Self-employed,Office,Married,45-54,Moderate,73
1682,5.2,13.0,,2.5,Slightly irregular,2,Healthcare,Remote,Unmarried,45-54,High,54
1683,5.8,7.7,26.0,0.8,Irregular,2,Banking/Finance,Hybrid,Unmarried,25-34,High,65
1684,7.9,6.6,50.0,2.3,Regular,5,Banking/Finance,Remote,Unmarried,35-44,Low,100
1685,5.6,6.3,8.0,1.9,Slightly irregular,4,Other,Remote,Unmarried,25-34,Moderate,72
1686,7.2,4.6,0.0,2.0,Regular,3,Software/IT,Hybrid,Unmarried,35-44,Low,78
1687,5.8,12.1,32.0,2.2,Irregular,2,Software/IT,Office,Married,25-34,High,60
1688,6.7,11.8,0.0,2.8,Irregular,3,Teacher,Hybrid,Married,35-44,High,56
1689,6.2,10.0,18.0,2.7,Slightly irregular,4,Healthcare,Office,Unmarried,45-54,Moderate,75
1690,7.4,6.5,51.0,,Irregular,4,Software/IT,Remote,Married,25-34,Low,86
1691,5.8,12.8,,2.0,Slightly irregular,3,Other,Hybrid,Married,45-54,High,66
1692,4.5,7.8,48.0,1.7,Irregular,1,Government,Remote,Prefer not to say,35-44,High,60
1693,4.7,8.0,39.0,0.8,Regular,3,Other,Hybrid,Married,35-44,Moderate,72
1694,5.8,11.9,78.0,1.9,Regular,4,Other,Remote,Unmarried,25-34,Moderate,76
1695,4.9,10.1,12.0,3.3,Irregular,3,Healthcare,Remote,Married,25-34,High,56
1696,6.9,13.7,34.0,0.8,Regular,5,Self-employed,Office,Married,25-34,Moderate,76
1697,5.8,9.2,15.0,2.0,Regular,2,Government,Office,Unmarried,18-24,Moderate,70
1698,9.2,7.7,46.0,2.0,Slightly irregular,4,Teacher,Remote,Married,35-44,Low,91
1699,4.3,7.2,24.0,2.2,Slightly irregular,1,Banking/Finance,Office,Unmarried,25-34,High,61
1700,6.6,4.4,63.0,1.3,Regular,4,Other,Office,Married,25-34,Low,90
1701,5.0,8.0,13.0,1.0,Regular,3,Self-employed,Hybrid,Married,45-54,Moderate,66
1702,5.8,11.2,56.0,1.0,Regular,4,Government,Hybrid,Unmarried,35-44,Moderate,74
1703,6.6,10.0,38.0,2.9,Regular,3,Teacher,Hybrid,Married,25-34,Low,84
1704,3.6,8.6,24.0,1.3,Regular,2,Self-employed,Office,Unmarried,35-44,High,59
1705,6.7,6.3,37.0,1.7,Slightly irregular,3,Teacher,Hybrid,Married,25-34,Low,85
1706,8.7,9.1,31.0,3.5,Slightly irregular,3,Banking/Finance,Remote,Unmarried,35-44,Low,85
1707,5.9,10.9,33.0,1.5,Regular,2,Government,Remote,Unmarried,18-24,Moderate,70
1708,6.7,9.6,20.0,2.2,Regular,4,Healthcare,Hybrid,Unmarried,18-24,Low,84
1709,7.6,9.0,10.0,2.7,Slightly irregular,4,Software/IT,Hybrid,Married,45-54,Low,79
1710,6.2,6.8,18.0,2.7,Regular,2,Government,Hybrid,Prefer not to say,25-34,Low,78
1711,5.7,10.6,0.0,1.1,Regular,3,Teacher,Office,Unmarried,25-34,High,57
1712,,1.4,44.0,1.5,Regular,2,Teacher,Hybrid,Unmarried,25-34,High,66
1713,7.2,9.5,0.0,2.2,Slightly irregular,2,Software/IT,Hybrid,Unmarried,25-34,Moderate,65
1714,6.3,14.0,20.0,3.4,Regular,3,Banking/Finance,Remote,Married,45-54,High,64
1715,5.2,5.1,39.0,1.5,Regular,4,Software/IT,Hybrid,Married,25-34,Low,82
1716,6.6,8.0,43.0,1.7,Slightly irregular,4,Teacher,Office,Unmarried,18-24,Low,88
1717,5.7,8.6,0.0,2.3,Irregular,4,Other,Office,Unmarried,45-54,High,63
1718,,7.5,23.0,2.4,Slightly irregular,2,Healthcare,Office,Unmarried,25-34,Moderate,74
1719,7.1,11.0,35.0,2.5,Irregular,3,Other,Remote,Unmarried,18-24,Moderate,75
1720,4.8,9.7,26.0,1.4,Slightly irregular,2,Healthcare,Office,Married,18-24,High,61
1721,7.7,9.0,55.0,1.6,Regular,4,Software/IT,Office,Unmarried,45-54,Low,91
1722,4.7,10.4,7.0,2.2,Regular,3,Government,Remote,Married,25-34,High,59
1723,5.6,8.6,0.0,2.9,Regular,4,Teacher,Office,Prefer not to say,35-44,Moderate,71
1724,8.7,14.0,43.0,1.8,Regular,5,Other,Office,Married,35-44,Low,80
1725,7.8,8.9,13.0,2.0,Regular,4,Teacher,Office,Married,25-34,Low,85
1726,6.5,9.0,0.0,1.3,Regular,2,Self-employed,Hybrid,Unmarried,35-44,High,64
1727,5.3,4.7,22.0,3.3,Slightly irregular,1,Healthcare,Remote,Married,45-54,High,66
1728,5.8,7.4,52.0,2.1,Slightly irregular,3,Self-employed,Office,Married,35-44,Low,81
1729,6.5,11.2,0.0,2.8,Regular,4,Software/IT,Hybrid,Unmarried,45-54,Moderate,68
1730,6.4,5.5,76.0,2.0,Slightly irregular,3,Banking/Finance,Office,Married,18-24,Low,85
1731,6.3,3.6,7.0,2.1,Regular,2,Software/IT,Remote,Unmarried,25-34,Moderate,73
1732,6.4,8.7,27.0,0.9,Slightly irregular,5,Self-employed,Hybrid,Married,35-44,Low,83
1733,6.1,11.8,0.0,0.5,Slightly irregular,3,Teacher,Office,Married,25-34,High,48
1734,4.7,8.7,26.0,2.9,Regular,3,Healthcare,Hybrid,Married,25-34,Moderate,74
1735,5.8,7.8,22.0,2.1,Regular,2,Banking/Finance,Hybrid,Married,18-24,Moderate,77
1736,7.5,4.3,0.0,2.1,Irregular,3,Healthcare,Office,Married,25-34,Moderate,70
1737,4.8,9.6,87.0,1.1,Slightly irregular,3,Self-employed,Office,Married,45-54,High,65
1738,6.2,10.1,14.0,1.4,Slightly irregular,3,Government,Hybrid,Married,18-24,High,66
1739,5.4,4.5,14.0,2.7,Regular,2,Software/IT,Hybrid,Married,35-44,Moderate,71
1740,6.5,11.2,46.0,3.2,Regular,3,Self-employed,Office,Unmarried,18-24,Moderate,79
1741,5.9,10.4,65.0,1.6,Regular,2,Healthcare,Hybrid,Married,35-44,Moderate,72
1742,8.2,11.2,50.0,2.5,Irregular,5,Banking/Finance,Office,Married,25-34,Low,82
1743,7.0,9.9,0.0,2.1,Regular,4,Software/IT,Office,Married,25-34,Moderate,75
1744,4.8,10.1,30.0,,Regular,2,Healthcare,Hybrid,Unmarried,25-34,High,68
1745,7.2,9.8,0.0,3.3,Irregular,2,Self-employed,Remote,Married,25-34,High,60
1746,5.5,10.6,45.0,1.7,Slightly irregular,3,Other,Remote,Unmarried,25-34,Moderate,70
1747,5.7,4.4,0.0,2.9,Regular,2,Other,Hybrid,Married,35-44,Moderate,66
1748,6.8,5.1,7.0,2.3,Slightly irregular,3,Government,Office,Prefer not to say,45-54,Moderate,76
1749,5.8,6.9,25.0,2.0,Slightly irregular,2,Software/IT,Office,Married,35-44,Moderate,75
1750,7.5,8.3,35.0,3.0,Irregular,2,Healthcare,Office,Unmarried,25-34,Moderate,80
1751,5.5,9.5,19.0,2.2,Regular,3,Software/IT,Hybrid,Married,35-44,Moderate,73
1752,5.7,9.3,58.0,1.9,Slightly irregular,2,Government,Office,Unmarried,25-34,Moderate,72
1753,5.6,11.2,41.0,3.0,Regular,5,Software/IT,Office,Married,35-44,Low,81
1754,5.7,11.2,39.0,2.9,Irregular,3,Other,Hybrid,Unmarried,35-44,High,66
1755,7.7,6.6,0.0,2.8,Irregular,2,Software/IT,Office,Married,25-34,Moderate,66
1756,7.2,9.1,62.0,0.3,Irregular,2,Software/IT,Hybrid,Unmarried,35-44,Moderate,69
1757,8.5,6.6,7.0,2.3,Irregular,4,Self-employed,Hybrid,Unmarried,25-34,Moderate,77
1758,9.1,8.2,63.0,2.1,Slightly irregular,3,Software/IT,Office,Married,18-24,Low,87
1759,,9.3,69.0,2.0,Regular,4,Software/IT,Hybrid,Unmarried,35-44,Low,81
1760,6.5,0.8,36.0,2.4,Regular,3,Banking/Finance,Remote,Unmarried,35-44,Low,89
1761,5.0,14.0,48.0,2.2,Regular,1,Other,Hybrid,Unmarried,35-44,High,54
1762,5.5,9.9,0.0,2.5,Slightly irregular,2,Teacher,Office,Married,25-34,High,54
1763,5.6,7.2,21.0,1.8,Regular,2,Healthcare,Remote,Married,35-44,Moderate,74
1764,5.1,13.0,49.0,3.0,Slightly irregular,3,Teacher,Office,Unmarried,55+,High,61
1765,5.1,7.8,45.0,2.5,Slightly irregular,2,Banking/Finance,Office,Married,18-24,Moderate,73
1766,6.2,8.9,0.0,2.4,Irregular,3,Teacher,Hybrid,Unmarried,25-34,High,62
1767,4.9,7.5,19.0,2.3,Regular,1,Banking/Finance,Hybrid,Married,25-34,High,66
1768,7.4,12.4,0.0,2.8,Slightly irregular,3,Healthcare,Remote,Unmarried,35-44,High,60
1769,5.3,8.4,34.0,2.7,Slightly irregular,3,Other,Remote,Unmarried,25-34,Moderate,77
1770,9.8,8.9,0.0,1.9,Irregular,5,Government,Hybrid,Married,35-44,Moderate,69
1771,5.9,11.4,50.0,2.7,Slightly irregular,3,Government,Office,Unmarried,25-34,Moderate,71
1772,6.5,9.9,51.0,2.1,Regular,2,Healthcare,Office,Unmarried,18-24,Moderate,80
1773,4.8,8.5,15.0,3.3,Regular,4,Teacher,Remote,Married,18-24,Moderate,73
1774,8.4,11.2,36.0,2.8,Irregular,3,Teacher,Hybrid,Married,25-34,Moderate,74
1775,7.7,14.0,20.0,1.6,Slightly irregular,4,Healthcare,Hybrid,Married,45-54,Moderate,66
1776,6.8,9.3,30.0,3.6,Irregular,3,Software/IT,Hybrid,Married,25-34,Moderate,79
1777,4.8,8.9,0.0,0.5,Slightly irregular,3,Software/IT,Hybrid,Married,18-24,High,49
1778,6.7,9.0,39.0,2.4,Slightly irregular,2,Teacher,Office,Married,45-54,Low,80
1779,5.1,11.6,0.0,1.5,Slightly irregular,3,Software/IT,Hybrid,Married,25-34,High,48
1780,8.2,7.2,0.0,3.3,Irregular,4,Teacher,Remote,Married,35-44,Moderate,73
1781,7.4,8.0,22.0,2.2,Irregular,3,Healthcare,Office,Married,18-24,Low,80
1782,6.5,5.1,20.0,1.4,Regular,2,Self-employed,Remote,Married,45-54,Moderate,78
1783,3.5,5.9,31.0,1.8,Regular,2,Teacher,Office,Unmarried,25-34,High,66
1784,5.2,7.4,11.0,1.5,Regular,2,Self-employed,Office,Married,18-24,Moderate,66
1785,7.2,8.5,66.0,1.8,Regular,2,Software/IT,Remote,Married,35-44,Low,86
1786,7.9,12.7,29.0,1.8,Irregular,4,Other,Hybrid,Unmarried,25-34,Moderate,72
1787,7.7,9.8,30.0,1.5,Irregular,3,Healthcare,Office,Unmarried,25-34,Moderate,76
1788,4.5,6.5,29.0,2.2,Regular,2,Healthcare,Hybrid,Unmarried,25-34,Moderate,73
1789,6.8,6.9,47.0,2.3,Regular,4,Banking/Finance,Hybrid,Prefer not to say,25-34,Low,95
1790,7.6,11.8,38.0,1.3,Slightly irregular,4,Healthcare,Office,Unmarried,35-44,Moderate,77
1791,4.4,11.2,35.0,0.8,Irregular,2,Healthcare,Remote,Unmarried,18-24,High,49
1792,6.4,8.7,41.0,2.2,Slightly irregular,2,Teacher,Hybrid,Married,35-44,Moderate,79
1793,6.7,7.6,0.0,2.4,Regular,2,Other,Remote,Unmarried,18-24,Moderate,72
1794,6.0,11.2,0.0,2.5,Regular,3,Other,Hybrid,Unmarried,35-44,Moderate,61
1795,4.2,6.3,23.0,2.4,Slightly irregular,2,Healthcare,Office,Unmarried,25-34,High,64
1796,6.0,9.5,21.0,3.1,Slightly irregular,2,Self-employed,Office,Married,25-34,Moderate,69
1797,6.0,13.8,38.0,2.7,Irregular,2,Software/IT,Office,Unmarried,35-44,High,56
1798,6.2,9.1,25.0,3.9,Irregular,3,Healthcare,Remote,Married,35-44,Moderate,74
1799,5.7,6.8,38.0,4.2,Regular,3,Healthcare,Office,Unmarried,35-44,Low,84
1800,5.9,9.5,0.0,0.8,Regular,3,Teacher,Hybrid,Prefer not to say,25-34,High,60
1801,6.4,7.5,25.0,0.5,Regular,4,Other,Hybrid,Unmarried,45-54,Low,82
1802,6.9,5.4,0.0,2.0,Regular,3,Self-employed,Remote,Married,55+,Low,77
1803,6.0,10.2,34.0,2.4,Regular,4,Other,Hybrid,Married,55+,Low,83
1804,5.9,11.2,0.0,1.9,Regular,3,Banking/Finance,Hybrid,Unmarried,25-34,High,60
1805,6.5,7.9,33.0,2.5,Regular,3,Teacher,Hybrid,Unmarried,18-24,Low,89
1806,4.1,7.7,0.0,1.8,Irregular,1,Government,Hybrid,Married,35-44,High,43
1807,7.0,6.4,17.0,1.5,Regular,2,Software/IT,Hybrid,Unmarried,25-34,Low,80
1808,6.4,8.3,45.0,1.6,Irregular,2,Self-employed,Office,Unmarried,35-44,Moderate,74
1809,6.4,7.3,30.0,1.9,Regular,3,Software/IT,Hybrid,Married,18-24,Low,88
1810,7.6,6.3,0.0,2.6,Regular,3,Self-employed,Office,Married,35-44,Low,78
1811,4.1,13.0,10.0,1.7,Regular,2,Government,Remote,Unmarried,18-24,High,44
1812,4.0,9.7,0.0,1.8,Regular,2,Software/IT,Remote,Unmarried,45-54,High,49
1813,6.7,9.9,0.0,2.4,Regular,2,Software/IT,Remote,Unmarried,35-44,High,66
1814,6.4,10.6,28.0,1.9,Irregular,4,Healthcare,Remote,Unmarried,25-34,Moderate,75
1815,6.6,10.4,37.0,2.8,Irregular,5,Teacher,Hybrid,Married,25-34,Low,82
1816,5.8,7.6,35.0,1.4,Regular,2,Other,Remote,Unmarried,25-34,Low,78
1817,7.2,9.2,38.0,1.2,Regular,3,Software/IT,Remote,Unmarried,45-54,Low,85
1818,7.5,8.0,25.0,2.2,Regular,3,Healthcare,Hybrid,Married,35-44,Low,90
1819,7.0,9.6,19.0,2.3,Slightly irregular,3,Teacher,Hybrid,Married,35-44,Low,78
1820,6.1,9.4,1.0,1.4,Regular,2,Software/IT,Office,Unmarried,25-34,High,61
1821,3.9,7.7,15.0,2.9,Regular,1,Teacher,Hybrid,Married,35-44,High,58
1822,7.3,5.5,0.0,3.3,Irregular,2,Self-employed,Office,Unmarried,18-24,Moderate,66
1823,7.9,8.9,6.0,1.6,Irregular,4,Government,Remote,Married,55+,Moderate,71
1824,7.2,8.1,27.0,3.0,Slightly irregular,4,Other,Hybrid,Married,35-44,Low,90
1825,5.3,4.3,22.0,0.3,Regular,4,Healthcare,Hybrid,Unmarried,45-54,Moderate,73
1826,7.2,9.8,92.0,2.8,Regular,3,Teacher,Office,Married,35-44,Low,87
1827,7.4,10.8,0.0,1.4,Regular,2,Software/IT,Remote,Married,25-34,High,62
1828,8.3,14.0,22.0,2.7,Slightly irregular,3,Healthcare,Office,Married,25-34,High,66
1829,5.3,7.7,0.0,1.3,Slightly irregular,1,Software/IT,Office,Prefer not to say,25-34,High,52
1830,6.1,7.4,16.0,2.0,Regular,1,Software/IT,Hybrid,Prefer not to say,25-34,Moderate,72
1831,7.3,6.0,17.0,1.4,Irregular,3,Banking/Finance,Hybrid,Married,18-24,Low,75
1832,6.5,9.1,44.0,1.9,Slightly irregular,3,Software/IT,Hybrid,Unmarried,45-54,Low,81
1833,5.1,9.1,15.0,3.3,Slightly irregular,4,Banking/Finance,Remote,Unmarried,35-44,Moderate,69
1834,6.9,6.7,21.0,1.9,Regular,3,Banking/Finance,Office,Married,35-44,Low,87
1835,7.1,8.2,16.0,3.5,Regular,2,Government,Office,Married,25-34,Moderate,81
1836,6.5,4.0,0.0,1.7,Regular,3,Teacher,Remote,Unmarried,18-24,Moderate,73
1837,6.7,10.7,11.0,3.0,Slightly irregular,3,Government,Remote,Married,25-34,Moderate,69
1838,6.1,6.8,17.0,0.9,Regular,2,Teacher,Hybrid,Unmarried,25-34,Low,71
1839,8.2,8.5,27.0,1.8,Regular,4,Software/IT,Office,Married,45-54,Low,92
1840,5.3,5.3,37.0,1.6,Slightly irregular,2,Teacher,Hybrid,Unmarried,35-44,Moderate,72
1841,5.7,7.3,20.0,3.1,Slightly irregular,3,Software/IT,Office,Married,25-34,Low,75
1842,6.4,8.0,19.0,2.1,Slightly irregular,4,Healthcare,Remote,Married,35-44,Low,83
1843,7.5,8.6,0.0,0.5,Slightly irregular,5,Government,Office,Married,35-44,Moderate,72
1844,4.6,9.7,37.0,1.1,Slightly irregular,3,Self-employed,Remote,Prefer not to say,18-24,High,64
1845,4.8,11.9,10.0,1.3,Slightly irregular,3,Teacher,Hybrid,Married,18-24,High,49
1846,4.0,10.3,41.0,2.7,Regular,2,Software/IT,Office,Married,18-24,High,63
1847,6.4,10.8,54.0,2.6,Regular,3,Software/IT,Office,Married,45-54,Low,80
1848,5.1,11.9,21.0,1.8,Regular,4,Other,Hybrid,Married,45-54,Moderate,67
1849,5.9,9.9,2.0,1.6,Regular,2,Teacher,Office,Unmarried,35-44,High,60
1850,7.2,8.5,25.0,2.5,Slightly irregular,3,Healthcare,Remote,Married,18-24,Low,84
1851,5.6,10.9,33.0,1.2,Slightly irregular,4,Software/IT,Remote,Unmarried,25-34,Moderate,70
1852,6.7,11.1,18.0,2.3,Regular,3,Self-employed,Remote,Unmarried,25-34,Moderate,75
1853,6.0,10.1,13.0,2.3,Slightly irregular,3,Healthcare,Hybrid,Unmarried,25-34,Moderate,67
1854,7.2,5.3,37.0,1.8,Slightly irregular,3,Software/IT,Office,Unmarried,35-44,Low,88
1855,7.0,6.7,36.0,2.3,Slightly irregular,3,Healthcare,Hybrid,Married,18-24,Low,88
1856,5.6,8.0,17.0,2.1,Irregular,4,Government,Hybrid,Unmarried,18-24,Moderate,73
1857,6.2,10.4,0.0,2.3,Regular,4,Healthcare,Office,Unmarried,35-44,Moderate,69
1858,7.7,8.6,35.0,,Regular,3,Other,Hybrid,Unmarried,25-34,Low,86
1859,6.9,11.2,8.0,2.4,Regular,4,Other,Remote,Prefer not to say,35-44,Moderate,75
1860,4.7,11.6,30.0,2.7,Slightly irregular,3,Healthcare,Hybrid,Unmarried,35-44,High,63
1861,7.2,11.4,28.0,2.2,Regular,4,Other,Office,Married,35-44,Low,85
1862,5.1,11.4,0.0,2.4,Irregular,2,Self-employed,Hybrid,Married,55+,High,43
1863,8.1,6.2,27.0,1.9,Regular,5,Teacher,Office,Unmarried,35-44,Low,98
1864,7.6,9.7,36.0,2.6,Slightly irregular,3,Self-employed,Office,Unmarried,35-44,Low,83
1865,6.7,7.2,39.0,2.0,Slightly irregular,1,Healthcare,Office,Married,35-44,Moderate,79
1866,6.6,4.8,28.0,1.2,Regular,4,Healthcare,Office,Unmarried,35-44,Low,89
1867,6.1,7.9,0.0,2.6,Slightly irregular,3,Healthcare,Hybrid,Married,25-34,Moderate,68
1868,7.2,11.6,53.0,0.9,Slightly irregular,3,Self-employed,Office,Married,25-34,Moderate,72
1869,6.0,9.7,34.0,2.2,Slightly irregular,2,Other,Hybrid,Married,25-34,Moderate,73
1870,6.7,13.2,0.0,1.7,Slightly irregular,3,Teacher,Hybrid,Married,35-44,High,54
1871,7.4,9.0,8.0,1.7,Slightly irregular,2,Banking/Finance,Remote,Unmarried,25-34,Moderate,69
1872,5.7,14.0,30.0,2.1,Regular,2,Banking/Finance,Office,Married,55+,High,62
1873,5.7,9.0,40.0,1.5,Slightly irregular,2,Other,Hybrid,Unmarried,35-44,Moderate,71
1874,5.0,8.7,14.0,2.4,Regular,2,Healthcare,Office,Unmarried,25-34,Moderate,66
1875,5.1,5.7,43.0,2.0,Regular,2,Software/IT,Office,Unmarried,25-34,Moderate,77
1876,4.2,11.2,0.0,1.6,Regular,3,Software/IT,Hybrid,Married,35-44,High,48
1877,7.3,7.4,2.0,2.9,Slightly irregular,3,Software/IT,Hybrid,Married,35-44,Moderate,74
1878,8.6,7.1,0.0,2.1,Regular,4,Software/IT,Remote,Unmarried,35-44,Low,81
1879,8.1,11.5,5.0,2.4,Irregular,4,Teacher,Hybrid,Unmarried,18-24,High,65
1880,4.4,11.3,58.0,3.0,Regular,2,Software/IT,Office,Married,45-54,High,62
1881,7.3,11.2,70.0,3.0,Regular,2,Other,Hybrid,Married,45-54,Low,79
1882,8.1,7.8,30.0,2.4,Regular,5,Teacher,Hybrid,Prefer not to say,45-54,Low,100
1883,5.9,8.5,11.0,1.8,Regular,4,Teacher,Hybrid,Married,35-44,Low,77
1884,6.5,8.5,20.0,1.0,Regular,4,Government,Hybrid,Married,18-24,Low,82
1885,4.0,10.4,35.0,2.1,Slightly irregular,3,Teacher,Remote,Prefer not to say,55+,High,62
1886,6.7,12.2,0.0,,Regular,3,Government,Remote,Unmarried,18-24,High,62
1887,5.1,9.4,12.0,2.2,Regular,1,Self-employed,Office,Married,18-24,High,60
1888,6.6,13.1,57.0,0.3,Regular,2,Teacher,Hybrid,Unmarried,35-44,High,62
1889,4.5,10.7,2.0,2.6,Regular,3,Healthcare,Remote,Married,25-34,High,54
1890,7.1,8.1,9.0,,Irregular,3,Teacher,Hybrid,Unmarried,35-44,Moderate,74
1891,7.6,10.5,25.0,1.8,Regular,3,Healthcare,Office,Unmarried,35-44,Low,81
1892,5.5,12.5,31.0,2.7,Slightly irregular,1,Banking/Finance,Office,Married,18-24,High,58
1893,5.0,13.2,11.0,2.4,Slightly irregular,3,Teacher,Hybrid,Unmarried,35-44,High,50
1894,3.8,11.3,27.0,1.5,Regular,1,Healthcare,Hybrid,Unmarried,45-54,High,51
1895,6.1,8.7,38.0,2.9,Irregular,2,Healthcare,Office,Married,45-54,Moderate,73
1896,5.7,8.1,68.0,1.1,Regular,3,Software/IT,Office,Unmarried,25-34,Low,80
1897,4.5,9.9,22.0,2.0,Irregular,1,Software/IT,Office,Unmarried,25-34,High,51
1898,6.9,12.5,24.0,1.9,Slightly irregular,2,Banking/Finance,Office,Unmarried,18-24,Moderate,67
1899,5.9,9.6,59.0,1.4,Regular,3,Software/IT,Remote,Married,35-44,Low,78
1900,5.1,9.6,13.0,2.2,Irregular,3,Government,Hybrid,Married,35-44,High,59
1901,5.7,8.7,0.0,2.9,Regular,2,Other,Office,Prefer not to say,25-34,Moderate,63
1902,7.7,7.8,31.0,2.9,Irregular,5,Government,Remote,Married,25-34,Low,92
1903,7.1,8.2,49.0,2.5,Irregular,2,Teacher,Hybrid,Unmarried,35-44,Low,80
1904,6.2,8.9,33.0,0.8,Regular,2,Healthcare,Office,Unmarried,35-44,Moderate,75
1905,,12.6,23.0,1.1,Regular,2,Banking/Finance,Office,Married,25-34,High,66
1906,5.0,8.0,0.0,2.1,Irregular,1,Government,Remote,Married,18-24,High,50
1907,6.4,8.7,24.0,2.0,Regular,3,Other,Office,Married,25-34,Low,84
1908,6.6,6.6,52.0,1.7,Slightly irregular,2,Healthcare,Remote,Married,45-54,Low,81
1909,5.8,10.2,0.0,3.3,Regular,1,Teacher,Office,Unmarried,35-44,High,56
1910,6.9,11.7,20.0,2.1,Regular,3,Teacher,Office,Married,35-44,Moderate,75
1911,5.5,12.3,16.0,2.4,Slightly irregular,3,Other,Office,Married,25-34,High,59
1912,7.0,9.1,10.0,2.7,Slightly irregular,4,Banking/Finance,Office,Unmarried,25-34,Low,79
1913,7.1,9.9,30.0,2.0,Slightly irregular,4,Other,Office,Unmarried,18-24,Low,86
1914,3.5,8.2,35.0,3.8,Slightly irregular,1,Government,Office,Married,25-34,High,58
1915,7.8,9.8,35.0,1.3,Regular,4,Other,Hybrid,Married,25-34,Low,87
1916,3.5,9.3,4.0,1.6,Regular,3,Healthcare,Hybrid,Unmarried,35-44,High,52
1917,5.7,8.7,0.0,1.3,Regular,2,Other,Remote,Unmarried,25-34,High,60
1918,7.6,8.9,31.0,3.1,Regular,3,Other,Remote,Unmarried,45-54,Low,90
1919,6.0,9.6,14.0,,Regular,2,Self-employed,Office,Married,25-34,Moderate,70
1920,4.6,7.9,65.0,1.6,Slightly irregular,2,Other,Remote,Unmarried,25-34,Moderate,68
1921,5.1,8.0,66.0,1.4,Regular,3,Healthcare,Office,Unmarried,18-24,Low,78
1922,7.6,12.5,69.0,3.0,Regular,5,Government,Remote,Unmarried,25-34,Low,86
1923,4.1,14.0,4.0,2.3,Slightly irregular,3,Banking/Finance,Remote,Prefer not to say,35-44,High,39
1924,7.8,5.8,38.0,3.0,Regular,4,Self-employed,Remote,Unmarried,35-44,Low,96
1925,6.3,5.7,44.0,2.0,Irregular,3,Self-employed,Remote,Married,35-44,Low,80
1926,5.0,6.4,42.0,2.4,Regular,2,Government,Remote,Unmarried,45-54,Moderate,76
1927,5.7,8.4,17.0,2.2,Regular,1,Healthcare,Hybrid,Unmarried,25-34,Moderate,69
1928,5.2,10.7,53.0,1.6,Irregular,2,Self-employed,Hybrid,Married,25-34,High,59
1929,7.4,10.0,25.0,1.9,Slightly irregular,3,Other,Office,Married,25-34,Low,79
1930,7.3,9.0,28.0,1.2,Irregular,4,Banking/Finance,Hybrid,Married,25-34,Low,80
1931,4.3,9.8,0.0,2.3,Regular,3,Healthcare,Office,Unmarried,25-34,High,55
1932,5.9,7.0,39.0,2.5,Regular,3,Self-employed,Office,Unmarried,35-44,Low,86
1933,5.4,8.0,19.0,2.7,Slightly irregular,4,Self-employed,Remote,Unmarried,45-54,Moderate,77
1934,8.0,8.6,35.0,2.5,Regular,3,Healthcare,Remote,Unmarried,25-34,Low,91
1935,4.8,5.0,30.0,1.9,Slightly irregular,2,Banking/Finance,Office,Unmarried,25-34,Moderate,70
1936,8.3,5.9,29.0,3.1,Regular,3,Government,Office,Unmarried,45-54,Low,92
1937,6.4,6.0,24.0,2.6,Regular,2,Government,Remote,Married,35-44,Moderate,82
1938,5.0,10.4,42.0,3.0,Regular,3,Teacher,Office,Married,35-44,Moderate,72
1939,5.6,9.2,21.0,3.0,Slightly irregular,2,Teacher,Hybrid,Unmarried,25-34,High,68
1940,5.4,10.0,0.0,1.9,Regular,3,Other,Remote,Unmarried,25-34,High,61
1941,4.9,4.4,38.0,2.3,Irregular,3,Other,Remote,Unmarried,35-44,Moderate,71
1942,6.5,5.2,7.0,2.5,Regular,2,Healthcare,Office,Prefer not to say,18-24,Moderate,74
1943,4.9,10.1,0.0,1.2,Slightly irregular,3,Other,Hybrid,Unmarried,35-44,High,50
1944,3.8,2.2,3.0,1.2,Regular,1,Healthcare,Hybrid,Married,18-24,High,48
1945,5.9,11.4,31.0,1.1,Slightly irregular,3,Software/IT,Remote,Married,35-44,High,66
1946,4.2,4.4,23.0,1.9,Irregular,2,Government,Remote,Married,35-44,High,59
1947,5.5,10.5,0.0,1.8,Slightly irregular,3,Software/IT,Remote,Unmarried,18-24,High,55
1948,5.3,6.6,17.0,1.0,Regular,1,Software/IT,Hybrid,Unmarried,25-34,Moderate,63
1949,5.4,11.0,51.0,2.1,Slightly irregular,1,Other,Office,Married,25-34,High,62
1950,8.8,14.0,15.0,1.9,Regular,4,Healthcare,Office,Married,35-44,Moderate,70
1951,6.5,3.4,21.0,2.8,Slightly irregular,3,Teacher,Remote,Unmarried,45-54,Low,81
1952,6.7,10.2,,3.4,Slightly irregular,3,Healthcare,Remote,Married,25-34,Low,80
1953,4.3,4.4,43.0,2.3,Regular,2,Banking/Finance,Remote,Unmarried,18-24,Moderate,72
1954,5.6,9.6,47.0,1.5,Slightly irregular,4,Banking/Finance,Office,Married,45-54,Moderate,76
1955,6.7,8.1,0.0,2.5,Slightly irregular,3,Teacher,Hybrid,Unmarried,45-54,Low,71
1956,5.2,8.9,63.0,2.0,Regular,3,Teacher,Office,Unmarried,35-44,Moderate,78
1957,7.5,6.5,39.0,1.8,Regular,2,Banking/Finance,Hybrid,Married,25-34,Low,88
1958,5.0,10.4,79.0,1.4,Regular,3,Banking/Finance,Hybrid,Unmarried,18-24,Moderate,70
1959,6.1,5.3,8.0,1.7,Slightly irregular,2,Other,Hybrid,Unmarried,55+,Moderate,67
1960,5.7,11.5,0.0,1.9,Slightly irregular,2,Healthcare,Office,Married,25-34,High,50
1961,6.6,7.7,25.0,2.6,Regular,2,Other,Hybrid,Unmarried,25-34,Low,84
1962,5.6,5.4,19.0,2.4,Regular,3,Other,Remote,Unmarried,35-44,Moderate,78
1963,6.1,12.3,39.0,,Regular,4,Teacher,Hybrid,Unmarried,35-44,Moderate,77
1964,6.1,8.4,49.0,2.5,Regular,3,Software/IT,Office,Married,18-24,Low,86
1965,5.5,13.0,23.0,2.3,Regular,2,Banking/Finance,Hybrid,Married,55+,High,60
1966,7.0,11.4,20.0,1.8,Regular,3,Other,Office,Married,35-44,Moderate,76
1967,6.7,6.8,36.0,1.3,Regular,3,Software/IT,Office,Married,25-34,Low,87
1968,6.3,8.4,,1.6,Slightly irregular,3,Software/IT,Hybrid,Unmarried,18-24,Low,75
1969,5.9,8.9,18.0,1.5,Slightly irregular,3,Government,Hybrid,Unmarried,35-44,Moderate,70
1970,7.4,12.1,48.0,0.3,Regular,2,Self-employed,Remote,Married,35-44,Moderate,67
1971,6.1,9.6,53.0,1.3,Slightly irregular,3,Software/IT,Office,Unmarried,18-24,Moderate,74
1972,6.0,9.0,49.0,3.1,Regular,1,Teacher,Office,Unmarried,35-44,Moderate,76
1973,6.5,8.1,21.0,2.3,Regular,3,Teacher,Office,Unmarried,25-34,Low,85
1974,8.4,8.5,,1.7,Irregular,3,Other,Remote,Unmarried,25-34,Moderate,66
1975,4.8,11.6,22.0,2.3,Slightly irregular,4,Government,Office,Married,55+,High,63
1976,7.3,8.6,8.0,0.6,Regular,1,Healthcare,Hybrid,Unmarried,25-34,Moderate,65
1977,4.1,7.7,22.0,2.2,Regular,4,Other,Office,Married,45-54,Moderate,74
1978,6.7,7.3,10.0,2.9,Slightly irregular,2,Healthcare,Remote,Married,25-34,Low,73
1979,8.3,7.3,25.0,1.9,Regular,2,Other,Remote,Unmarried,25-34,Low,86
1980,7.0,5.4,2.0,0.8,Irregular,3,Teacher,Office,Married,25-34,High,64
1981,6.6,6.9,0.0,1.7,Regular,4,Software/IT,Hybrid,Married,45-54,Low,77
1982,5.7,12.0,52.0,2.9,Regular,2,Healthcare,Office,Married,18-24,High,68
1983,6.4,8.1,4.0,2.2,Slightly irregular,4,Software/IT,Hybrid,Married,25-34,Moderate,75
1984,6.1,10.2,25.0,1.0,Slightly irregular,2,Self-employed,Office,Married,25-34,High,65
1985,5.5,2.9,46.0,3.7,Slightly irregular,2,Healthcare,Hybrid,Married,35-44,Moderate,75
1986,6.1,9.9,45.0,1.1,Irregular,3,Teacher,Remote,Married,25-34,Moderate,68
1987,6.6,8.2,42.0,1.8,Irregular,3,Self-employed,Remote,Unmarried,18-24,Low,80
1988,5.5,7.5,32.0,1.3,Regular,1,Healthcare,Office,Unmarried,25-34,Moderate,72
1989,5.4,9.0,41.0,1.3,Regular,3,Healthcare,Office,Unmarried,45-54,Moderate,76
1990,4.8,7.5,55.0,1.7,Regular,2,Software/IT,Remote,Unmarried,45-54,Moderate,74
1991,6.9,3.7,34.0,2.4,Slightly irregular,4,Other,Hybrid,Unmarried,55+,Low,92
1992,7.1,10.7,0.0,2.9,Slightly irregular,2,Banking/Finance,Hybrid,Unmarried,25-34,High,61
1993,6.7,9.2,13.0,1.7,Regular,2,Self-employed,Office,Married,18-24,Low,73
1994,7.6,7.9,40.0,1.3,Irregular,4,Government,Office,Married,18-24,Low,85
1995,6.5,6.4,11.0,2.3,Regular,3,Healthcare,Office,Unmarried,45-54,Low,80
1996,6.9,5.2,61.0,2.4,Irregular,4,Software/IT,Hybrid,Prefer not to say,35-44,Low,88
1997,6.8,9.1,24.0,2.2,Irregular,3,Government,Remote,Unmarried,35-44,Moderate,77
1998,6.3,12.3,27.0,2.2,Regular,3,Software/IT,Remote,Unmarried,25-34,Moderate,73
1999,5.8,9.1,50.0,1.9,Regular,4,Other,Office,Married,25-34,Low,85
2000,9.1,5.4,21.0,2.1,Regular,4,Teacher,Hybrid,Married,25-34,Low,91
2001,5.9,9.1,29.0,1.9,Irregular,2,Teacher,Remote,Unmarried,25-34,High,69
2002,5.6,8.5,45.0,2.7,Regular,3,Banking/Finance,Office,Married,25-34,Low,82
2003,6.9,10.6,0.0,3.6,Irregular,3,Healthcare,Hybrid,Married,25-34,High,61
2004,6.7,10.0,19.0,2.1,Slightly irregular,3,Banking/Finance,Hybrid,Unmarried,18-24,Moderate,75
2005,4.7,1.7,43.0,2.0,Slightly irregular,3,Self-employed,Remote,Unmarried,25-34,Moderate,74
2006,7.7,9.9,26.0,2.2,Irregular,3,Government,Office,Unmarried,55+,Moderate,77
2007,6.3,6.3,57.0,1.5,Regular,2,Other,Office,Married,55+,Low,82
2008,5.1,5.3,0.0,2.5,Slightly irregular,3,Healthcare,Hybrid,Married,35-44,High,62
2009,7.8,8.2,0.0,2.3,Regular,3,Healthcare,Hybrid,Unmarried,45-54,Low,77
2010,7.2,9.5,42.0,1.7,Regular,4,Other,Hybrid,Unmarried,18-24,Low,90
2011,4.9,4.8,44.0,2.6,Regular,2,Teacher,Office,Prefer not to say,18-24,Moderate,76
2012,8.5,10.2,21.0,2.0,Regular,3,Teacher,Hybrid,Married,18-24,Low,81
2013,7.2,10.4,34.0,1.3,Slightly irregular,5,Software/IT,Hybrid,Married,18-24,Low,85
2014,6.4,8.7,41.0,2.2,Regular,2,Government,Hybrid,Married,35-44,Low,83
2015,8.3,6.6,7.0,,Slightly irregular,3,Government,Office,Unmarried,18-24,Moderate,77
2016,6.6,6.3,9.0,2.7,Regular,5,Teacher,Hybrid,Married,45-54,Low,87
2017,6.4,11.0,29.0,2.6,Slightly irregular,3,Software/IT,Hybrid,Married,35-44,Moderate,75
2018,5.6,5.1,45.0,1.9,Irregular,4,Software/IT,Hybrid,Married,25-34,Low,79
2019,7.1,11.0,0.0,1.7,Slightly irregular,4,Healthcare,Office,Married,45-54,Moderate,66
2020,7.0,8.2,21.0,2.0,Irregular,3,Software/IT,Office,Unmarried,45-54,Low,79
2021,6.4,8.4,20.0,2.3,Regular,3,Self-employed,Office,Married,35-44,Low,82
2022,5.5,4.7,34.0,2.3,Regular,1,Other,Hybrid,Unmarried,18-24,Moderate,76
2023,6.6,8.3,25.0,2.2,Slightly irregular,3,Self-employed,Hybrid,Unmarried,25-34,Low,83
2024,6.3,10.0,13.0,1.9,Regular,3,Self-employed,Hybrid,Married,35-44,Low,73
2025,4.8,5.5,52.0,2.7,Slightly irregular,3,Other,Office,Married,35-44,Moderate,75
2026,4.6,9.7,13.0,1.5,Slightly irregular,5,Government,Office,Married,25-34,Moderate,65
2027,7.1,8.8,19.0,3.7,Regular,3,Banking/Finance,Hybrid,Married,45-54,Low,84
2028,3.5,7.1,0.0,2.5,Irregular,3,Self-employed,Hybrid,Unmarried,25-34,High,48
2029,6.6,10.6,9.0,1.2,Regular,4,Banking/Finance,Remote,Unmarried,55+,Moderate,71
2030,5.8,3.5,36.0,2.1,Slightly irregular,3,Healthcare,Office,Married,18-24,Moderate,81
2031,8.0,9.4,32.0,2.5,Regular,3,Software/IT,Hybrid,Married,45-54,Low,88
2032,5.8,12.3,38.0,1.8,Slightly irregular,3,Banking/Finance,Hybrid,Unmarried,18-24,High,67
2033,7.2,11.9,37.0,1.0,Regular,3,Other,Remote,Unmarried,35-44,Moderate,75
2034,5.9,9.5,71.0,1.3,Irregular,3,Government,Remote,Married,45-54,Moderate,69
2035,6.5,7.9,9.0,2.4,Irregular,3,Healthcare,Remote,Married,25-34,Moderate,71
2036,7.3,7.1,0.0,0.8,Slightly irregular,4,Banking/Finance,Office,Married,18-24,Moderate,71
2037,5.8,7.9,2.0,1.0,Slightly irregular,2,Self-employed,Office,Married,55+,High,58
2038,7.6,9.9,10.0,2.4,Slightly irregular,3,Self-employed,Hybrid,Prefer not to say,55+,Moderate,73
2039,5.2,6.7,4.0,1.8,Slightly irregular,4,Healthcare,Hybrid,Unmarried,35-44,Moderate,67
2040,6.8,10.3,27.0,1.5,Slightly irregular,3,Teacher,Office,Married,25-34,Moderate,76
2041,7.5,13.5,53.0,1.7,Slightly irregular,5,Healthcare,Office,Unmarried,18-24,Low,77
2042,7.2,8.5,59.0,1.0,Irregular,3,Other,Office,Married,25-34,Low,78
2043,8.7,5.5,36.0,2.3,Slightly irregular,4,Software/IT,Office,Married,35-44,Low,92
2044,5.5,5.5,72.0,1.4,Regular,3,Other,Office,Prefer not to say,25-34,Low,80
2045,4.7,10.4,17.0,1.6,Irregular,2,Software/IT,Office,Unmarried,18-24,High,50
2046,5.2,8.5,0.0,2.2,Regular,1,Other,Remote,Unmarried,45-54,High,57
2047,7.2,10.6,48.0,1.8,Regular,4,Healthcare,Hybrid,Married,35-44,Low,87
2048,7.0,7.4,0.0,1.5,Irregular,5,Government,Remote,Married,35-44,Moderate,74
2049,6.5,10.5,8.0,0.6,Regular,3,Government,Office,Unmarried,45-54,Moderate,64
2050,5.1,8.2,36.0,2.3,Regular,3,Self-employed,Office,Married,25-34,Moderate,80
2051,7.3,6.9,23.0,2.1,Slightly irregular,3,Self-employed,Office,Unmarried,25-34,Low,85
2052,4.9,7.7,21.0,1.6,Irregular,4,Software/IT,Remote,Unmarried,45-54,Moderate,69
2053,7.8,5.8,0.0,1.3,Regular,3,Teacher,Hybrid,Married,55+,Moderate,74
2054,9.8,13.2,25.0,2.0,Slightly irregular,4,Teacher,Office,Unmarried,18-24,Moderate,68
2055,6.8,8.4,47.0,2.3,Regular,2,Government,Office,Unmarried,25-34,Low,86
2056,7.1,10.1,25.0,2.1,Regular,3,Government,Office,Unmarried,25-34,Low,83
2057,5.8,7.4,7.0,3.1,Regular,3,Teacher,Remote,Married,18-24,Moderate,74
2058,4.2,6.2,0.0,2.5,Regular,3,Self-employed,Office,Unmarried,25-34,High,60
2059,5.7,8.1,7.0,1.9,Irregular,4,Teacher,Office,Married,18-24,Moderate,68
2060,5.1,11.1,34.0,2.5,Slightly irregular,1,Teacher,Office,Married,35-44,High,59
2061,4.7,7.4,33.0,2.0,Irregular,1,Healthcare,Office,Unmarried,18-24,High,63
2062,8.5,6.6,7.0,2.0,Irregular,4,Government,Office,Prefer not to say,45-54,Low,77
2063,6.7,9.0,0.0,2.9,Irregular,2,Software/IT,Remote,Married,35-44,High,61
2064,6.9,9.7,34.0,1.4,Slightly irregular,4,Other,Hybrid,Unmarried,25-34,Low,83
2065,6.0,12.4,5.0,2.0,Regular,1,Government,Remote,Unmarried,35-44,High,52
2066,6.2,9.4,40.0,2.8,Irregular,3,Banking/Finance,Hybrid,Unmarried,35-44,Moderate,75
2067,7.6,10.1,8.0,2.2,Slightly irregular,3,Teacher,Office,Married,35-44,Moderate,71
2068,6.4,10.3,3.0,1.7,Regular,3,Self-employed,Office,Married,45-54,Moderate,67
2069,7.0,5.9,28.0,0.8,Regular,2,Other,Hybrid,Unmarried,35-44,Low,82
2070,6.2,6.4,77.0,0.4,Regular,1,Healthcare,Office,Unmarried,35-44,Moderate,72
2071,6.0,6.1,41.0,3.5,Slightly irregular,3,Teacher,Hybrid,Married,35-44,Low,82
2072,4.7,5.5,28.0,2.2,Slightly irregular,3,Teacher,Hybrid,Married,25-34,Moderate,73
2073,4.0,10.4,33.0,1.6,Slightly irregular,3,Healthcare,Office,Unmarried,35-44,High,60
2074,6.1,9.3,0.0,2.2,Regular,3,Teacher,Hybrid,Unmarried,35-44,High,68
2075,6.5,8.8,0.0,1.3,Regular,4,Government,Office,Unmarried,55+,Moderate,72
2076,4.9,2.6,0.0,1.8,Irregular,3,Teacher,Office,Unmarried,25-34,High,55
2077,6.4,13.3,63.0,1.3,Regular,4,Self-employed,Hybrid,Unmarried,25-34,Moderate,72
2078,6.5,6.5,59.0,1.0,Regular,3,Healthcare,Hybrid,Unmarried,25-34,Low,84
2079,3.8,13.3,34.0,0.5,Slightly irregular,1,Banking/Finance,Hybrid,Unmarried,25-34,High,37
2080,5.3,5.3,28.0,0.9,Irregular,3,Other,Office,Unmarried,25-34,Moderate,67
2081,6.9,6.7,0.0,2.7,Slightly irregular,3,Healthcare,Hybrid,Married,35-44,Moderate,73
2082,6.9,3.5,20.0,1.3,Slightly irregular,4,Software/IT,Office,Married,45-54,Low,83
2083,5.0,9.4,64.0,2.4,Regular,1,Banking/Finance,Office,Married,25-34,High,68
2084,6.6,6.1,28.0,2.7,Irregular,3,Healthcare,Remote,Unmarried,55+,Low,81
2085,7.6,6.1,13.0,2.0,Slightly irregular,4,Self-employed,Hybrid,Married,35-44,Low,84
2086,7.3,5.4,0.0,1.8,Slightly irregular,3,Other,Remote,Married,25-34,Moderate,72
2087,6.3,10.4,55.0,2.1,Regular,3,Government,Remote,Prefer not to say,25-34,Low,81
2088,5.8,10.2,23.0,1.7,Slightly irregular,4,Other,Remote,Unmarried,45-54,Moderate,73
2089,5.6,12.8,0.0,2.8,Regular,2,Teacher,Office,Unmarried,35-44,High,50
2090,7.0,7.0,5.0,3.3,Slightly irregular,4,Teacher,Office,Unmarried,18-24,Low,80
2091,6.6,9.1,0.0,3.0,Slightly irregular,4,Teacher,Hybrid,Married,35-44,Moderate,71
2092,7.2,5.6,22.0,0.5,Slightly irregular,3,Government,Hybrid,Married,25-34,Low,77
2093,6.6,7.8,30.0,1.7,Regular,3,Teacher,Hybrid,Unmarried,35-44,Low,88
2094,7.4,7.4,14.0,2.0,Irregular,3,Software/IT,Office,Unmarried,25-34,Low,76
2095,6.5,9.7,42.0,2.3,Regular,3,Other,Office,Married,25-34,Low,84
2096,7.3,10.9,27.0,0.8,Slightly irregular,3,Teacher,Office,Married,25-34,Moderate,72
2097,7.4,10.9,48.0,0.8,Regular,3,Teacher,Hybrid,Married,35-44,Low,77
2098,5.4,6.7,17.0,2.9,Regular,2,Teacher,Office,Unmarried,25-34,Moderate,72
2099,4.2,10.9,92.0,1.6,Irregular,2,Software/IT,Office,Married,35-44,High,52
2100,8.3,8.5,13.0,1.0,Regular,3,Software/IT,Remote,Married,35-44,Low,77
2101,6.7,7.9,5.0,1.2,Irregular,1,Teacher,Hybrid,Married,35-44,High,59
2102,4.3,7.0,2.0,2.3,Regular,2,Teacher,Hybrid,Unmarried,45-54,High,58
2103,5.5,7.3,20.0,1.4,Slightly irregular,2,Self-employed,Office,Unmarried,35-44,Moderate,67
2104,7.3,12.6,0.0,2.2,Regular,2,Healthcare,Hybrid,Married,18-24,High,59
2105,6.1,9.3,31.0,1.3,Slightly irregular,3,Government,Hybrid,Married,18-24,Moderate,75
2106,5.8,9.0,0.0,0.8,Irregular,2,Government,Remote,Married,35-44,High,49
2107,8.1,8.0,29.0,3.0,Slightly irregular,5,Self-employed,Hybrid,Unmarried,35-44,Low,96
2108,5.1,14.0,0.0,2.3,Regular,2,Other,Office,Married,55+,High,43
2109,5.4,11.6,17.0,1.8,Slightly irregular,3,Healthcare,Hybrid,Unmarried,18-24,High,60
2110,6.7,6.9,38.0,1.6,Slightly irregular,4,Software/IT,Hybrid,Married,25-34,Low,88
2111,6.9,8.0,76.0,3.0,Regular,3,Software/IT,Office,Unmarried,45-54,Low,92
2112,7.0,8.1,1.0,2.4,Slightly irregular,3,Software/IT,Office,Married,45-54,Low,74
2113,7.5,8.9,22.0,2.8,Slightly irregular,5,Self-employed,Remote,Unmarried,25-34,Low,89
2114,6.6,7.0,9.0,1.6,Slightly irregular,3,Banking/Finance,Hybrid,Unmarried,25-34,Moderate,74
2115,7.0,9.6,6.0,2.0,Regular,3,Software/IT,Hybrid,Married,45-54,Moderate,76
2116,6.1,11.9,9.0,2.3,Regular,2,Software/IT,Remote,Married,25-34,High,60
2117,6.5,5.6,43.0,1.6,Irregular,4,Other,Office,Married,35-44,Low,83
2118,6.5,6.0,14.0,1.9,Slightly irregular,3,Healthcare,Office,Unmarried,45-54,Low,77
2119,6.7,7.5,74.0,1.6,Slightly irregular,1,Software/IT,Hybrid,Unmarried,25-34,Moderate,77
2120,7.3,7.6,34.0,2.3,Irregular,3,Other,Hybrid,Unmarried,25-34,Low,84
2121,7.1,13.2,3.0,1.1,Regular,2,Government,Remote,Unmarried,45-54,High,54
2122,6.5,10.9,17.0,2.4,Regular,3,Healthcare,Office,Married,25-34,Moderate,74
2123,5.4,10.8,7.0,2.2,Slightly irregular,2,Healthcare,Remote,Married,18-24,High,54
2124,6.5,8.0,43.0,1.9,Slightly irregular,3,Government,Hybrid,Unmarried,25-34,Low,85
2125,6.4,7.9,0.0,2.3,Irregular,3,Teacher,Remote,Married,35-44,Moderate,66
2126,6.6,5.3,0.0,1.7,Slightly irregular,2,Other,Office,Married,25-34,Moderate,66
2127,9.0,10.4,12.0,1.5,Regular,3,Self-employed,Office,Married,35-44,Low,74
2128,5.8,9.7,40.0,2.4,Regular,3,Banking/Finance,Remote,Married,25-34,Low,80
2129,6.9,11.6,52.0,2.4,Regular,4,Government,Office,Prefer not to say,18-24,Low,84
2130,7.7,8.1,55.0,1.6,Irregular,3,Other,Office,Married,25-34,Low,82
2131,6.5,8.3,,1.6,Regular,2,Software/IT,Remote,Married,35-44,Low,83
2132,9.2,9.0,23.0,1.9,Slightly irregular,5,Software/IT,Office,Married,45-54,Low,88
2133,5.9,10.7,42.0,1.6,Regular,3,Self-employed,Office,Married,25-34,Moderate,75
2134,6.8,5.2,0.0,3.1,Regular,3,Software/IT,Hybrid,Married,45-54,Low,76
2135,5.4,10.3,0.0,2.2,Regular,2,Government,Office,Married,18-24,High,57
2136,6.0,8.6,35.0,2.0,Slightly irregular,3,Healthcare,Hybrid,Married,25-34,Moderate,80
2137,6.7,6.2,3.0,1.3,Regular,5,Teacher,Remote,Married,25-34,Low,81
2138,7.4,3.8,24.0,2.5,Irregular,3,Teacher,Hybrid,Unmarried,35-44,Low,82
2139,6.8,8.3,28.0,1.6,Irregular,4,Self-employed,Office,Unmarried,35-44,Low,83
2140,7.9,11.9,30.0,1.5,Regular,3,Software/IT,Office,Unmarried,35-44,Low,78
2141,6.3,12.5,46.0,2.5,Irregular,2,Software/IT,Hybrid,Married,25-34,High,62
2142,6.0,9.4,43.0,2.3,Regular,2,Healthcare,Hybrid,Married,45-54,Moderate,78
2143,9.6,13.1,29.0,0.3,Regular,3,Software/IT,Remote,Prefer not to say,45-54,High,64
2144,6.9,8.5,15.0,1.9,Regular,3,Banking/Finance,Office,Married,45-54,Low,82
2145,5.5,10.8,27.0,2.1,Irregular,4,Other,Remote,Married,25-34,High,69
2146,5.6,7.6,12.0,1.8,Slightly irregular,3,Government,Office,Married,18-24,Moderate,70
2147,5.3,7.4,21.0,2.1,Regular,2,Banking/Finance,Remote,Married,35-44,Moderate,74
2148,7.5,7.0,83.0,0.7,Slightly irregular,3,Healthcare,Remote,Unmarried,25-34,Low,82
2149,6.0,3.9,29.0,0.3,Slightly irregular,3,Other,Remote,Unmarried,35-44,Moderate,73
2150,6.6,11.6,35.0,1.3,Slightly irregular,2,Other,Hybrid,Married,18-24,High,68
2151,6.3,7.1,9.0,2.2,Slightly irregular,2,Self-employed,Hybrid,Married,35-44,High,70
2152,7.3,6.8,47.0,0.3,Irregular,4,Teacher,Office,Married,25-34,Low,80
2153,5.4,5.9,42.0,1.4,Slightly irregular,2,Software/IT,Hybrid,Married,25-34,Moderate,72
2154,5.1,8.1,42.0,0.7,Regular,2,Software/IT,Remote,Unmarried,25-34,Moderate,70
2155,6.7,12.7,30.0,1.8,Irregular,3,Teacher,Office,Unmarried,45-54,High,67
2156,7.1,13.4,48.0,3.4,Regular,4,Software/IT,Hybrid,Married,25-34,Low,79
2157,6.8,4.8,53.0,1.8,Slightly irregular,3,Other,Office,Married,35-44,Low,86
2158,5.4,7.8,31.0,1.9,Slightly irregular,2,Software/IT,Office,Unmarried,18-24,Moderate,74
2159,7.2,6.2,22.0,2.6,Regular,3,Teacher,Office,Married,25-34,Low,88
2160,5.5,10.9,45.0,2.0,Regular,2,Other,Hybrid,Unmarried,25-34,High,70
2161,5.8,9.3,5.0,1.8,Slightly irregular,3,Other,Hybrid,Unmarried,18-24,High,63
2162,5.3,7.1,9.0,,Irregular,3,Teacher,Hybrid,Married,35-44,High,63
2163,8.0,8.8,24.0,2.3,Irregular,3,Teacher,Hybrid,Unmarried,25-34,Moderate,79
2164,7.2,7.5,0.0,2.2,Slightly irregular,3,Self-employed,Hybrid,Married,35-44,Low,74
2165,7.1,12.3,43.0,1.9,Regular,3,Other,Remote,Married,45-54,Moderate,79
2166,7.9,9.9,4.0,1.8,Regular,3,Banking/Finance,Remote,Prefer not to say,35-44,Moderate,73
2167,9.8,10.1,15.0,2.6,Slightly irregular,5,Healthcare,Office,Unmarried,18-24,Low,77
2168,4.3,2.5,20.0,1.8,Regular,2,Government,Office,Married,25-34,High,66
2169,5.5,8.4,26.0,2.9,Slightly irregular,3,Self-employed,Remote,Unmarried,18-24,Moderate,76
2170,5.7,13.4,17.0,1.3,Regular,1,Software/IT,Office,Married,25-34,High,50
2171,5.4,11.7,24.0,3.0,Regular,2,Healthcare,Office,Unmarried,45-54,High,64
2172,5.1,4.4,24.0,2.3,Slightly irregular,2,Self-employed,Remote,Prefer not to say,18-24,High,70
2173,6.0,7.9,15.0,1.3,Slightly irregular,2,Government,Office,Unmarried,25-34,Moderate,68
2174,4.9,5.8,8.0,2.4,Slightly irregular,5,Software/IT,Office,Married,45-54,Moderate,72
2175,6.8,12.5,49.0,1.5,Regular,3,Government,Office,Married,25-34,Moderate,75
2176,6.5,9.2,0.0,2.0,Irregular,4,Government,Office,Unmarried,25-34,High,66
2177,7.0,6.8,20.0,1.7,Slightly irregular,4,Teacher,Hybrid,Married,45-54,Low,86
2178,7.0,8.7,15.0,1.9,Slightly irregular,4,Teacher,Hybrid,Unmarried,25-34,Low,82
2179,7.1,2.6,34.0,2.7,Slightly irregular,3,Teacher,Office,Married,35-44,Low,88
2180,6.0,6.1,0.0,,Regular,4,Other,Hybrid,Married,25-34,Low,75
2181,8.9,8.7,14.0,1.2,Slightly irregular,4,Software/IT,Hybrid,Married,55+,Low,78
2182,6.7,10.5,23.0,1.3,Slightly irregular,3,Self-employed,Office,Unmarried,35-44,Moderate,72
2183,4.2,4.1,49.0,2.2,Slightly irregular,3,Healthcare,Office,Married,25-34,Moderate,71
2184,5.2,7.7,32.0,2.2,Slightly irregular,2,Other,Office,Married,55+,Moderate,74
2185,4.3,10.9,0.0,1.5,Regular,2,Other,Remote,Unmarried,18-24,High,45
2186,6.4,5.3,14.0,3.1,Irregular,3,Other,Hybrid,Married,45-54,Moderate,73
2187,6.3,9.1,44.0,2.6,Regular,3,Self-employed,Remote,Unmarried,35-44,Low,85
2188,5.8,8.8,0.0,1.6,Regular,4,Healthcare,Office,Married,25-34,Moderate,69
2189,8.8,12.5,23.0,1.5,Slightly irregular,3,Teacher,Remote,Unmarried,35-44,Moderate,68
2190,7.1,8.1,25.0,1.8,Regular,4,Teacher,Office,Married,18-24,Low,92
2191,7.3,8.2,17.0,1.8,Irregular,3,Banking/Finance,Office,Unmarried,35-44,Low,76
2192,5.3,10.6,84.0,2.9,Regular,4,Teacher,Hybrid,Married,35-44,Moderate,78
2193,5.2,5.5,16.0,2.7,Regular,2,Healthcare,Office,Unmarried,25-34,Moderate,70
2194,6.4,8.1,35.0,2.0,Regular,3,Software/IT,Remote,Married,45-54,Low,88
2195,6.6,7.6,8.0,2.5,Regular,3,Self-employed,Remote,Married,45-54,Moderate,79
2196,4.2,8.3,37.0,2.6,Regular,1,Software/IT,Remote,Married,35-44,High,67
2197,6.2,10.6,44.0,2.0,Regular,4,Teacher,Hybrid,Unmarried,35-44,Moderate,83
2198,6.4,9.9,12.0,2.3,Regular,2,Banking/Finance,Office,Married,18-24,Moderate,70
2199,6.1,6.9,24.0,2.4,Regular,3,Healthcare,Remote,Unmarried,55+,Low,84
2200,5.4,8.9,5.0,2.3,Regular,2,Other,Office,Married,45-54,High,63
2201,5.8,12.0,0.0,1.5,Regular,2,Banking/Finance,Remote,Unmarried,45-54,High,51
2202,6.2,6.7,48.0,1.5,Regular,3,Self-employed,Hybrid,Married,35-44,Low,85
2203,6.5,8.9,13.0,1.8,Regular,2,Teacher,Office,Unmarried,25-34,Moderate,73
2204,7.1,8.2,0.0,1.5,Regular,2,Software/IT,Office,Prefer not to say,25-34,Moderate,71
2205,7.7,8.5,64.0,,Regular,3,Government,Office,Married,25-34,Low,86
2206,6.0,4.8,7.0,2.5,Regular,1,Software/IT,Office,Married,18-24,Moderate,67
2207,5.9,11.8,20.0,2.2,Regular,3,Self-employed,Hybrid,Unmarried,35-44,High,69
2208,6.9,6.8,61.0,1.1,Irregular,3,Other,Remote,Married,25-34,Low,79
2209,7.1,11.0,22.0,,Regular,1,Teacher,Hybrid,Married,35-44,Moderate,71
2210,5.9,7.2,21.0,1.9,Regular,2,Self-employed,Office,Married,35-44,Moderate,77
2211,7.3,7.2,0.0,2.1,Slightly irregular,4,Healthcare,Hybrid,Married,25-34,Low,77
2212,7.6,11.4,0.0,1.2,Slightly irregular,2,Teacher,Hybrid,Unmarried,35-44,High,55
2213,8.0,10.9,21.0,1.1,Regular,4,Healthcare,Remote,Married,25-34,Moderate,78
2214,8.5,9.1,33.0,2.4,Slightly irregular,4,Banking/Finance,Remote,Married,25-34,Low,89
2215,5.4,10.4,32.0,0.9,Slightly irregular,2,Other,Office,Married,25-34,High,62
2216,6.4,7.9,14.0,1.8,Irregular,3,Teacher,Hybrid,Married,25-34,Moderate,72
2217,6.4,8.6,25.0,1.8,Irregular,4,Government,Office,Unmarried,25-34,Moderate,79
2218,6.3,7.1,0.0,1.9,Slightly irregular,2,Teacher,Hybrid,Unmarried,25-34,Moderate,65
2219,5.6,10.7,35.0,2.2,Slightly irregular,3,Teacher,Office,Unmarried,18-24,High,71
2220,4.6,7.0,29.0,3.1,Regular,3,Banking/Finance,Remote,Married,25-34,Moderate,77
2221,6.5,12.0,68.0,0.9,Irregular,2,Self-employed,Remote,Married,25-34,High,60
2222,5.5,7.9,25.0,2.6,Slightly irregular,3,Government,Hybrid,Married,45-54,Moderate,77
2223,6.5,8.6,4.0,0.3,Regular,2,Other,Remote,Unmarried,25-34,Moderate,62
2224,5.4,10.3,24.0,3.0,Regular,2,Software/IT,Office,Unmarried,25-34,Moderate,69
2225,5.1,8.7,18.0,0.6,Slightly irregular,3,Banking/Finance,Office,Unmarried,18-24,Moderate,61
2226,6.7,7.9,35.0,3.7,Slightly irregular,1,Teacher,Hybrid,Unmarried,18-24,Moderate,79
2227,6.6,8.5,26.0,1.7,Irregular,3,Self-employed,Hybrid,Married,25-34,Moderate,77
2228,7.1,10.7,0.0,2.9,Regular,4,Software/IT,Hybrid,Prefer not to say,25-34,Low,73
2229,9.0,7.1,0.0,2.8,Irregular,4,Software/IT,Office,Prefer not to say,35-44,Moderate,73
2230,6.7,8.3,31.0,1.7,Regular,3,Self-employed,Remote,Married,35-44,Low,88
2231,7.0,8.6,55.0,1.7,Slightly irregular,2,Teacher,Hybrid,Married,45-54,Low,81
2232,5.1,10.6,27.0,1.4,Regular,3,Government,Remote,Unmarried,45-54,High,68
2233,4.9,8.4,43.0,2.6,Regular,2,Other,Office,Married,18-24,Moderate,74
2234,8.3,12.8,47.0,1.7,Regular,4,Healthcare,Hybrid,Married,18-24,Low,80
2235,5.3,8.2,31.0,1.4,Regular,3,Healthcare,Office,Married,25-34,Moderate,78
2236,5.1,8.1,7.0,2.4,Regular,2,Other,Office,Unmarried,35-44,High,65
2237,6.4,8.2,29.0,1.4,Irregular,4,Government,Hybrid,Unmarried,35-44,Moderate,80
2238,6.3,5.6,52.0,1.8,Regular,2,Software/IT,Remote,Unmarried,25-34,Low,83
2239,5.3,6.2,37.0,2.1,Slightly irregular,4,Self-employed,Hybrid,Unmarried,55+,Moderate,82
2240,6.0,7.4,41.0,1.6,Slightly irregular,4,Healthcare,Office,Married,25-34,Low,84
2241,7.9,11.2,15.0,,Regular,4,Self-employed,Hybrid,Unmarried,45-54,Low,77
2242,5.4,8.5,21.0,3.1,Irregular,2,Banking/Finance,Remote,Married,55+,High,65
2243,4.7,7.5,22.0,1.9,Slightly irregular,5,Teacher,Remote,Unmarried,25-34,Moderate,77
2244,7.5,11.4,24.0,1.7,Slightly irregular,3,Self-employed,Office,Unmarried,18-24,Moderate,73
2245,7.0,12.2,51.0,1.9,Irregular,3,Software/IT,Office,Unmarried,25-34,Moderate,71
2246,5.7,11.5,0.0,2.3,Slightly irregular,3,Other,Remote,Unmarried,25-34,High,54
2247,4.5,6.6,26.0,1.3,Irregular,1,Self-employed,Office,Married,45-54,High,56
2248,5.5,7.5,23.0,2.3,Regular,4,Other,Hybrid,Married,55+,Low,83
2249,6.3,12.8,0.0,2.2,Regular,2,Software/IT,Remote,Unmarried,25-34,High,54
2250,7.8,9.2,40.0,,Slightly irregular,4,Healthcare,Hybrid,Married,18-24,Low,82
2251,5.2,8.0,9.0,3.3,Regular,4,Software/IT,Office,Married,45-54,Moderate,74
2252,6.3,10.3,17.0,3.0,Slightly irregular,3,Teacher,Office,Unmarried,35-44,Moderate,70
2253,7.2,10.9,66.0,1.4,Regular,3,Teacher,Hybrid,Married,35-44,Moderate,80
2254,3.5,7.3,47.0,1.2,Regular,2,Banking/Finance,Hybrid,Married,25-34,High,63
2255,7.6,9.1,38.0,2.2,Irregular,1,Healthcare,Hybrid,Married,25-34,Moderate,74
2256,5.0,10.7,33.0,1.0,Regular,2,Other,Hybrid,Married,25-34,High,63
2257,6.8,5.9,21.0,3.0,Regular,4,Teacher,Hybrid,Married,18-24,Low,90
2258,6.7,8.6,69.0,1.7,Slightly irregular,3,Healthcare,Hybrid,Married,25-34,Low,83
2259,7.7,6.0,43.0,3.1,Slightly irregular,3,Government,Hybrid,Unmarried,18-24,Low,88
2260,7.1,6.3,9.0,1.4,Irregular,3,Teacher,Remote,Married,25-34,Moderate,71
2261,3.5,7.3,0.0,1.9,Regular,3,Government,Hybrid,Married,35-44,High,55
2262,5.5,9.7,37.0,,Irregular,3,Government,Remote,Unmarried,18-24,Moderate,70
2263,6.6,7.9,24.0,1.8,Slightly irregular,5,Government,Office,Married,45-54,Low,90
2264,6.2,7.1,0.0,2.2,Irregular,2,Government,Hybrid,Unmarried,18-24,High,61
2265,7.0,8.7,34.0,2.8,Regular,3,Self-employed,Office,Unmarried,35-44,Low,90
2266,7.3,6.0,19.0,1.6,Regular,3,Other,Remote,Unmarried,25-34,Low,85
2267,7.1,9.6,37.0,1.1,Slightly irregular,5,Software/IT,Hybrid,Married,45-54,Low,86
2268,6.1,11.2,35.0,1.0,Slightly irregular,3,Healthcare,Remote,Unmarried,18-24,High,68
2269,4.2,8.4,12.0,2.4,Regular,4,Self-employed,Remote,Married,25-34,Moderate,68
2270,5.9,8.1,39.0,2.3,Slightly irregular,2,Software/IT,Office,Unmarried,55+,Moderate,78
2271,6.9,9.5,14.0,2.7,Slightly irregular,4,Banking/Finance,Remote,Unmarried,18-24,Low,79
2272,5.1,3.9,15.0,1.8,Regular,3,Banking/Finance,Remote,Unmarried,35-44,Moderate,72
2273,7.2,9.8,13.0,1.0,Slightly irregular,4,Software/IT,Hybrid,Unmarried,35-44,Low,73
2274,7.5,14.0,50.0,0.4,Regular,2,Healthcare,Hybrid,Married,25-34,High,62
2275,6.6,8.3,19.0,4.0,Irregular,3,Self-employed,Office,Married,18-24,Moderate,76
2276,3.5,8.3,55.0,2.4,Slightly irregular,1,Software/IT,Office,Unmarried,45-54,High,58
2277,4.9,10.3,64.0,,Slightly irregular,3,Software/IT,Hybrid,Married,45-54,High,68
2278,8.7,12.4,9.0,2.2,Irregular,2,Self-employed,Remote,Unmarried,18-24,High,56
2279,5.7,10.8,0.0,1.0,Slightly irregular,3,Self-employed,Hybrid,Unmarried,45-54,High,52
2280,4.0,3.6,48.0,1.4,Regular,3,Banking/Finance,Hybrid,Married,45-54,Moderate,71
2281,7.9,9.9,17.0,3.2,Slightly irregular,4,Healthcare,Hybrid,Married,35-44,Low,80
2282,6.4,14.0,6.0,2.5,Irregular,2,Software/IT,Remote,Unmarried,35-44,High,46
2283,7.7,10.0,12.0,1.5,Regular,2,Self-employed,Remote,Married,18-24,Moderate,71
2284,6.7,5.9,16.0,1.1,Slightly irregular,3,Teacher,Remote,Married,25-34,Low,75
2285,7.0,9.2,54.0,1.6,Regular,5,Other,Hybrid,Married,55+,Low,94
2286,6.8,5.7,29.0,1.8,Irregular,2,Self-employed,Hybrid,Married,35-44,Low,78
2287,7.2,11.4,53.0,3.4,Slightly irregular,5,Software/IT,Office,Married,25-34,Low,85
2288,9.1,6.4,36.0,1.9,Irregular,4,Banking/Finance,Remote,Unmarried,35-44,Low,87
2289,7.6,8.8,18.0,1.2,Slightly irregular,2,Other,Office,Unmarried,25-34,Moderate,72
2290,4.5,6.6,16.0,2.0,Regular,1,Other,Remote,Married,25-34,High,62
2291,6.9,7.3,37.0,2.2,Slightly irregular,4,Banking/Finance,Remote,Unmarried,25-34,Low,92
2292,7.8,12.0,,1.1,Irregular,3,Software/IT,Office,Married,25-34,High,68
2293,7.8,8.8,47.0,2.3,Regular,5,Government,Remote,Unmarried,25-34,Low,98
2294,5.9,7.3,19.0,2.8,Regular,2,Government,Office,Married,25-34,Low,76
2295,7.8,6.0,29.0,2.1,Slightly irregular,3,Banking/Finance,Office,Prefer not to say,35-44,Low,88
2296,7.5,4.3,38.0,1.4,Slightly irregular,3,Teacher,Remote,Unmarried,45-54,Moderate,86
2297,9.5,5.7,17.0,1.6,Regular,4,Other,Remote,Unmarried,25-34,Low,85
2298,5.5,8.9,0.0,0.8,Regular,2,Healthcare,Remote,Unmarried,25-34,High,56
2299,5.8,10.9,7.0,1.9,Regular,2,Teacher,Office,Unmarried,55+,High,60
2300,6.0,7.3,20.0,2.2,Slightly irregular,3,Teacher,Remote,Married,18-24,Low,77
2301,5.8,12.2,40.0,1.4,Slightly irregular,3,Teacher,Office,Unmarried,35-44,High,65
2302,5.3,6.9,53.0,3.4,Slightly irregular,3,Healthcare,Hybrid,Unmarried,25-34,Moderate,78
2303,3.5,8.1,0.0,2.6,Irregular,3,Teacher,Hybrid,Prefer not to say,45-54,High,47
2304,5.9,6.1,12.0,0.7,Regular,2,Healthcare,Remote,Unmarried,25-34,Moderate,66
2305,6.8,10.9,17.0,0.8,Slightly irregular,1,Software/IT,Office,Unmarried,55+,High,58
2306,5.8,13.4,42.0,1.3,Regular,4,Teacher,Office,Married,55+,Moderate,68
2307,8.7,4.5,13.0,3.1,Regular,3,Software/IT,Remote,Married,45-54,Low,84
2308,6.4,7.8,16.0,2.6,Slightly irregular,3,Teacher,Remote,Unmarried,35-44,Moderate,78
2309,7.9,11.5,0.0,3.1,Slightly irregular,3,Healthcare,Hybrid,Unmarried,35-44,High,63
2310,6.7,5.3,36.0,2.0,Irregular,2,Healthcare,Hybrid,Unmarried,55+,Low,79
2311,7.4,9.9,21.0,1.9,Regular,2,Government,Office,Unmarried,25-34,Low,78
2312,6.7,11.4,11.0,1.1,Regular,3,Healthcare,Hybrid,Married,35-44,Moderate,66
2313,8.0,8.8,19.0,2.2,Regular,4,Government,Office,Unmarried,18-24,Low,88
2314,6.5,9.9,50.0,1.9,Slightly irregular,3,Software/IT,Remote,Unmarried,25-34,Moderate,79
2315,7.0,12.7,3.0,1.8,Regular,4,Healthcare,Office,Unmarried,25-34,Moderate,67
2316,6.8,13.1,6.0,3.1,Irregular,3,Software/IT,Office,Married,55+,High,55
2317,6.1,8.5,53.0,1.9,Slightly irregular,4,Healthcare,Office,Unmarried,25-34,Low,85
2318,6.9,7.4,27.0,2.9,Slightly irregular,3,Banking/Finance,Office,Married,35-44,Low,86
2319,9.1,6.5,40.0,0.9,Slightly irregular,2,Self-employed,Hybrid,Unmarried,35-44,Moderate,79
2320,6.1,10.8,34.0,3.9,Regular,3,Banking/Finance,Office,Unmarried,35-44,Moderate,78
2321,6.9,5.4,24.0,1.7,Slightly irregular,4,Teacher,Remote,Unmarried,18-24,Low,87
2322,7.9,8.0,17.0,2.5,Slightly irregular,3,Teacher,Hybrid,Married,35-44,Low,82
2323,7.8,8.8,43.0,2.6,Irregular,4,Other,Hybrid,Married,35-44,Low,86
2324,6.4,7.4,51.0,1.7,Slightly irregular,2,Software/IT,Office,Unmarried,45-54,Moderate,80
2325,3.5,9.2,49.0,2.6,Regular,3,Software/IT,Office,Unmarried,55+,High,67
2326,7.0,14.0,0.0,2.6,Regular,5,Software/IT,Hybrid,Married,25-34,Moderate,66
2327,3.7,8.3,54.0,1.5,Regular,2,Other,Office,Unmarried,25-34,High,65
2328,8.2,7.6,17.0,1.5,Irregular,3,Other,Office,Unmarried,35-44,Moderate,76
2329,6.6,10.9,8.0,2.0,Slightly irregular,3,Teacher,Office,Married,25-34,High,66
2330,7.6,9.2,21.0,1.9,Irregular,5,Software/IT,Remote,Unmarried,35-44,Low,83
2331,5.3,11.9,43.0,3.0,Irregular,3,Self-employed,Hybrid,Unmarried,45-54,High,62
2332,4.5,9.0,37.0,2.5,Regular,4,Teacher,Hybrid,Unmarried,18-24,Moderate,78
2333,6.7,8.0,19.0,2.0,Slightly irregular,3,Software/IT,Office,Unmarried,45-54,Low,81
2334,6.4,4.5,43.0,2.4,Slightly irregular,2,Healthcare,Hybrid,Unmarried,25-34,Low,81
2335,5.8,4.9,28.0,0.6,Regular,2,Healthcare,Office,Unmarried,55+,Moderate,73
2336,6.5,4.4,12.0,1.6,Slightly irregular,3,Teacher,Office,Married,25-34,Low,74
2337,9.7,9.5,9.0,2.2,Slightly irregular,2,Banking/Finance,Hybrid,Married,45-54,Moderate,65
2338,7.4,5.5,34.0,2.8,Irregular,3,Government,Office,Married,25-34,Low,84
2339,7.7,11.5,23.0,2.1,Regular,3,Banking/Finance,Hybrid,Unmarried,25-34,Low,78
2340,7.4,8.7,0.0,,Irregular,3,Software/IT,Office,Married,18-24,High,67
2341,8.2,8.0,44.0,2.6,Irregular,5,Software/IT,Hybrid,Married,35-44,Low,92
2342,6.2,6.7,14.0,1.7,Irregular,3,Other,Office,Unmarried,45-54,Moderate,70
2343,3.9,10.0,60.0,1.9,Regular,1,Software/IT,Office,Married,45-54,High,59
2344,6.2,6.7,0.0,,Regular,2,Healthcare,Office,Married,35-44,Moderate,69
2345,7.4,6.3,21.0,1.7,Slightly irregular,3,Software/IT,Hybrid,Unmarried,18-24,Low,82
2346,5.2,11.3,10.0,3.1,Regular,3,Teacher,Hybrid,Married,55+,High,61
2347,6.2,9.4,4.0,1.2,Regular,4,Healthcare,Office,Unmarried,25-34,Moderate,70
2348,5.6,8.1,14.0,2.2,Slightly irregular,4,Teacher,Office,Married,35-44,Low,75
2349,8.2,10.1,64.0,2.5,Regular,4,Banking/Finance,Office,Unmarried,25-34,Low,90
2350,7.3,8.6,28.0,1.8,Regular,3,Teacher,Office,Unmarried,45-54,Low,89
2351,7.2,9.5,8.0,1.6,Irregular,4,Self-employed,Office,Unmarried,25-34,Moderate,71
2352,7.1,6.7,0.0,1.9,Regular,2,Banking/Finance,Remote,Married,25-34,Moderate,73
2353,6.4,13.4,0.0,2.6,Irregular,4,Teacher,Office,Unmarried,18-24,High,53
2354,6.6,7.3,13.0,1.7,Regular,3,Self-employed,Hybrid,Married,35-44,Low,80
2355,5.0,12.2,11.0,1.3,Regular,1,Other,Office,Unmarried,25-34,High,46
2356,3.8,8.2,20.0,2.8,Regular,3,Software/IT,Remote,Married,45-54,Moderate,67
2357,6.6,10.5,0.0,2.3,Regular,4,Government,Office,Married,35-44,Moderate,71
2358,6.8,10.3,23.0,2.7,Regular,3,Banking/Finance,Hybrid,Married,55+,Low,81
2359,7.9,11.2,48.0,2.5,Irregular,5,Government,Remote,Married,25-34,Moderate,82
2360,8.3,6.7,61.0,3.5,Irregular,2,Software/IT,Office,Married,35-44,Low,81
2361,8.3,11.1,0.0,2.8,Regular,2,Software/IT,Office,Married,25-34,Moderate,64
2362,5.2,12.8,7.0,1.5,Regular,2,Teacher,Office,Unmarried,45-54,High,48
2363,6.0,8.0,6.0,2.3,Slightly irregular,2,Software/IT,Office,Unmarried,25-34,High,66
2364,7.0,8.7,28.0,1.6,Slightly irregular,3,Teacher,Hybrid,Unmarried,25-34,Low,83
2365,9.4,7.4,0.0,1.7,Regular,4,Other,Remote,Married,25-34,Low,77
2366,8.2,7.8,62.0,1.0,Regular,3,Teacher,Office,Married,25-34,Low,88
2367,7.7,12.5,26.0,1.8,Regular,3,Healthcare,Office,Prefer not to say,45-54,Moderate,75
2368,5.9,6.3,22.0,2.4,Slightly irregular,3,Teacher,Office,Married,25-34,Moderate,78
2369,5.3,6.4,60.0,2.0,Regular,2,Healthcare,Remote,Unmarried,35-44,Low,78
2370,7.3,12.3,25.0,1.2,Slightly irregular,3,Self-employed,Office,Unmarried,25-34,Moderate,69
2371,5.1,10.0,34.0,0.9,Regular,2,Self-employed,Hybrid,Married,18-24,High,65
2372,6.1,13.5,8.0,3.5,Regular,2,Healthcare,Office,Unmarried,55+,High,55
2373,6.3,7.6,0.0,2.2,Slightly irregular,4,Healthcare,Remote,Unmarried,35-44,Low,73
2374,8.3,8.9,12.0,1.4,Regular,5,Software/IT,Remote,Unmarried,55+,Low,85
2375,6.0,7.1,73.0,2.3,Irregular,4,Other,Remote,Unmarried,25-34,Low,82
2376,3.5,8.9,39.0,3.5,Slightly irregular,2,Teacher,Office,Married,35-44,High,60
2377,7.0,4.5,31.0,2.4,Irregular,3,Teacher,Office,Unmarried,35-44,Low,84
2378,5.6,10.2,4.0,0.3,Slightly irregular,2,Healthcare,Office,Married,35-44,High,48
2379,6.5,9.3,45.0,3.9,Regular,4,Software/IT,Hybrid,Married,18-24,Low,89
2380,6.3,8.5,0.0,0.7,Regular,1,Teacher,Office,Unmarried,18-24,High,58
2381,6.1,7.7,0.0,1.9,Slightly irregular,3,Other,Hybrid,Married,25-34,Moderate,67
2382,7.3,6.5,13.0,1.2,Slightly irregular,4,Software/IT,Remote,Unmarried,35-44,Low,80
2383,4.6,10.3,68.0,1.5,Regular,1,Teacher,Office,Prefer not to say,35-44,High,60
2384,5.8,5.9,67.0,2.2,Regular,3,Software/IT,Hybrid,Married,35-44,Low,85
2385,7.2,9.8,15.0,0.6,Regular,4,Teacher,Hybrid,Married,25-34,Low,76
2386,5.7,13.4,10.0,1.9,Regular,1,Other,Hybrid,Married,35-44,High,50
2387,4.5,12.0,0.0,2.8,Regular,2,Government,Office,Married,18-24,High,46
2388,7.2,5.1,27.0,1.4,Slightly irregular,3,Other,Remote,Married,45-54,Low,84
2389,7.7,7.4,29.0,1.0,Irregular,4,Self-employed,Hybrid,Unmarried,25-34,Low,83
2390,6.3,9.6,42.0,1.9,Regular,4,Banking/Finance,Hybrid,Married,35-44,Low,86
2391,4.0,8.4,45.0,1.8,Regular,3,Banking/Finance,Office,Married,25-34,Moderate,72
2392,7.2,5.4,21.0,1.6,Regular,3,Healthcare,Hybrid,Married,25-34,Low,86
2393,4.4,9.5,37.0,1.2,Regular,3,Government,Remote,Married,25-34,High,68
2394,6.8,8.6,10.0,2.4,Slightly irregular,2,Government,Hybrid,Unmarried,25-34,Low,72
2395,5.3,13.0,37.0,2.4,Regular,3,Banking/Finance,Hybrid,Unmarried,18-24,High,66
2396,5.0,8.0,14.0,1.3,Irregular,2,Healthcare,Remote,Married,35-44,High,57
2397,5.9,11.3,35.0,1.4,Irregular,4,Government,Office,Married,18-24,High,68
2398,6.2,5.7,33.0,2.1,Slightly irregular,3,Software/IT,Hybrid,Unmarried,45-54,Low,84
2399,5.6,6.2,27.0,1.3,Irregular,3,Banking/Finance,Hybrid,Unmarried,25-34,Moderate,71
2400,7.1,10.3,42.0,2.1,Slightly irregular,5,Healthcare,Hybrid,Unmarried,25-34,Low,89
2401,5.9,11.1,0.0,3.0,Irregular,2,Healthcare,Hybrid,Married,35-44,High,49
2402,7.6,6.4,2.0,2.0,Regular,3,Healthcare,Office,Unmarried,35-44,Moderate,78
2403,6.7,8.7,19.0,1.2,Irregular,3,Government,Office,Married,18-24,Moderate,71
2404,5.6,5.4,0.0,2.3,Regular,1,Government,Office,Married,35-44,High,61
2405,5.4,8.2,16.0,1.9,Regular,1,Teacher,Hybrid,Unmarried,45-54,Moderate,67
2406,4.4,10.5,17.0,1.9,Irregular,3,Teacher,Hybrid,Married,25-34,High,53
2407,6.7,7.6,54.0,2.3,Regular,2,Software/IT,Remote,Unmarried,18-24,Low,87
2408,6.0,8.0,28.0,2.5,Regular,2,Software/IT,Hybrid,Unmarried,25-34,Low,82
2409,3.6,6.0,48.0,2.0,Regular,2,Teacher,Office,Unmarried,45-54,High,68
2410,5.8,7.1,32.0,2.0,Regular,2,Self-employed,Remote,Unmarried,18-24,Low,81
2411,5.3,12.6,13.0,3.4,Regular,3,Self-employed,Remote,Married,18-24,High,59
2412,8.3,8.8,28.0,2.8,Regular,4,Teacher,Office,Unmarried,45-54,Low,93
2413,4.4,6.3,41.0,2.6,Slightly irregular,2,Other,Hybrid,Unmarried,45-54,High,68
2414,4.7,7.9,51.0,2.1,Irregular,3,Teacher,Office,Married,25-34,Moderate,70
2415,7.7,4.9,22.0,1.3,Regular,4,Self-employed,Remote,Unmarried,18-24,Low,89
2416,8.0,6.3,0.0,2.8,Irregular,2,Healthcare,Office,Unmarried,35-44,Moderate,66
2417,5.5,11.7,0.0,2.1,Slightly irregular,3,Government,Office,Unmarried,45-54,High,53
2418,5.6,8.3,18.0,1.6,Slightly irregular,2,Teacher,Office,Married,25-34,Moderate,67
2419,7.1,12.9,0.0,1.8,Slightly irregular,2,Software/IT,Hybrid,Unmarried,25-34,High,53
2420,3.6,8.4,64.0,1.3,Irregular,4,Teacher,Hybrid,Married,45-54,High,62
2421,4.2,8.5,38.0,2.7,Regular,2,Government,Remote,Married,35-44,Moderate,70
2422,6.1,10.1,11.0,2.5,Slightly irregular,3,Other,Office,Married,25-34,Moderate,67
2423,8.3,2.5,1.0,2.1,Irregular,4,Banking/Finance,Remote,Unmarried,45-54,Moderate,74
2424,5.9,9.1,48.0,2.0,Slightly irregular,4,Self-employed,Remote,Unmarried,35-44,Low,82
2425,6.5,8.5,0.0,1.5,Regular,2,Software/IT,Hybrid,Married,45-54,Moderate,67
2426,7.8,12.0,3.0,0.5,Slightly irregular,3,Self-employed,Office,Married,18-24,High,55
2427,8.9,10.8,8.0,1.0,Slightly irregular,4,Self-employed,Hybrid,Married,25-34,Moderate,68
2428,5.7,6.0,28.0,1.5,Regular,1,Healthcare,Hybrid,Married,35-44,Moderate,73
2429,6.4,11.5,39.0,1.4,Slightly irregular,4,Healthcare,Office,Married,25-34,Moderate,75
2430,8.6,8.0,51.0,2.2,Irregular,2,Software/IT,Office,Married,25-34,Low,81
2431,4.6,6.5,48.0,2.6,Slightly irregular,2,Software/IT,Office,Married,35-44,Moderate,70
2432,7.6,9.1,25.0,1.9,Regular,2,Software/IT,Hybrid,Married,35-44,Low,82
2433,5.2,8.1,,3.0,Slightly irregular,2,Government,Remote,Unmarried,25-34,Moderate,73
2434,6.5,12.1,10.0,1.5,Slightly irregular,4,Self-employed,Remote,Unmarried,25-34,Moderate,64
2435,6.1,9.4,0.0,1.9,Regular,4,Software/IT,Hybrid,Unmarried,35-44,Moderate,71
2436,5.3,9.1,10.0,2.0,Slightly irregular,4,Other,Hybrid,Married,35-44,Moderate,68
2437,5.2,10.7,7.0,2.8,Regular,1,Self-employed,Hybrid,Married,25-34,High,54
2438,6.7,11.1,11.0,2.1,Irregular,2,Banking/Finance,Hybrid,Married,25-34,High,60
2439,7.6,10.4,4.0,2.1,Slightly irregular,4,Other,Hybrid,Married,18-24,Moderate,72
2440,6.2,11.9,15.0,0.8,Irregular,4,Other,Office,Married,45-54,High,58
2441,6.5,10.0,39.0,1.4,Slightly irregular,2,Teacher,Remote,Unmarried,45-54,Moderate,72
2442,7.1,9.0,63.0,2.8,Regular,3,Other,Office,Married,35-44,Low,89
2443,5.2,11.5,0.0,0.5,Slightly irregular,2,Healthcare,Office,Married,35-44,High,40
2444,7.3,8.4,0.0,2.9,Regular,5,Software/IT,Hybrid,Married,18-24,Low,84
2445,7.4,8.7,8.0,2.3,Slightly irregular,3,Software/IT,Hybrid,Married,25-34,Moderate,75
2446,9.5,12.6,42.0,1.5,Regular,4,Government,Office,Unmarried,25-34,Moderate,76
2447,5.9,12.3,20.0,1.4,Slightly irregular,3,Other,Office,Married,25-34,High,60
2448,5.9,8.6,9.0,,Slightly irregular,4,Healthcare,Hybrid,Married,25-34,Moderate,73
2449,7.3,7.6,41.0,3.0,Regular,2,Banking/Finance,Remote,Unmarried,18-24,Low,89
2450,7.4,12.0,46.0,1.9,Regular,4,Teacher,Office,Married,45-54,Low,83
2451,5.8,10.4,25.0,2.1,Regular,2,Self-employed,Office,Married,35-44,Moderate,71
2452,5.9,9.3,7.0,1.5,Regular,4,Software/IT,Office,Unmarried,45-54,Moderate,71
2453,7.0,7.9,31.0,2.1,Regular,2,Banking/Finance,Hybrid,Married,35-44,Low,89
2454,5.4,9.4,20.0,1.5,Irregular,3,Banking/Finance,Office,Unmarried,45-54,Moderate,63
2455,5.9,8.6,20.0,1.9,Irregular,4,Software/IT,Hybrid,Unmarried,25-34,Moderate,74
2456,6.5,7.1,14.0,3.3,Irregular,4,Other,Hybrid,Married,18-24,Moderate,77
2457,7.6,8.9,45.0,1.9,Regular,4,Other,Office,Married,35-44,Low,93
2458,5.7,9.2,30.0,1.3,Regular,2,Healthcare,Hybrid,Married,35-44,Moderate,73
2459,4.2,7.7,48.0,1.0,Slightly irregular,2,Government,Hybrid,Unmarried,18-24,High,62
2460,4.1,10.7,54.0,2.1,Slightly irregular,3,Self-employed,Office,Married,35-44,High,62
2461,4.9,11.6,35.0,1.5,Slightly irregular,3,Software/IT,Office,Unmarried,25-34,High,62
2462,4.8,10.8,14.0,2.2,Slightly irregular,3,Software/IT,Office,Married,18-24,High,58
2463,6.2,8.0,48.0,0.9,Slightly irregular,3,Government,Hybrid,Unmarried,55+,Moderate,78
2464,5.0,10.3,35.0,2.5,Slightly irregular,2,Banking/Finance,Hybrid,Prefer not to say,35-44,High,65
2465,5.6,8.8,82.0,1.3,Irregular,3,Government,Hybrid,Married,25-34,Moderate,70
2466,5.5,5.8,32.0,2.0,Regular,3,Banking/Finance,Hybrid,Married,18-24,Low,83
2467,5.9,10.1,40.0,1.8,Irregular,3,Government,Remote,Unmarried,45-54,Moderate,70
2468,8.0,8.9,31.0,3.2,Slightly irregular,2,Software/IT,Hybrid,Unmarried,45-54,Low,82
2469,7.2,14.0,23.0,2.1,Regular,4,Software/IT,Hybrid,Married,25-34,Moderate,74
2470,6.4,12.0,19.0,3.4,Irregular,3,Teacher,Hybrid,Unmarried,25-34,High,63
2471,5.8,10.2,31.0,2.4,Irregular,2,Healthcare,Remote,Unmarried,35-44,High,66
2472,5.9,9.2,36.0,,Slightly irregular,4,Government,Hybrid,Unmarried,18-24,Low,82
2473,6.8,9.0,50.0,1.9,Regular,3,Self-employed,Remote,Unmarried,35-44,Low,88
2474,7.1,6.3,32.0,2.2,Regular,3,Healthcare,Office,Unmarried,25-34,Low,92
2475,5.3,4.6,15.0,2.9,Slightly irregular,3,Banking/Finance,Hybrid,Married,25-34,Moderate,70
2476,6.4,6.6,18.0,2.6,Regular,4,Teacher,Office,Married,35-44,Low,86
2477,4.0,8.5,0.0,2.4,Regular,2,Healthcare,Hybrid,Unmarried,25-34,High,53
2478,6.7,3.8,62.0,1.8,Regular,3,Other,Office,Unmarried,35-44,Low,90
2479,7.3,7.3,13.0,1.9,Regular,5,Teacher,Office,Unmarried,25-34,Low,91
2480,6.1,8.0,46.0,2.8,Slightly irregular,2,Self-employed,Office,Married,25-34,Low,79
2481,8.6,8.1,31.0,2.9,Slightly irregular,4,Software/IT,Office,Married,45-54,Low,92
2482,5.3,7.1,32.0,1.6,Regular,3,Teacher,Remote,Married,25-34,Low,80
2483,6.7,7.8,22.0,1.5,Slightly irregular,3,Banking/Finance,Hybrid,Married,25-34,Low,80
2484,6.4,12.6,8.0,1.4,Regular,4,Self-employed,Office,Married,25-34,Moderate,64
2485,6.3,10.1,4.0,2.6,Regular,3,Banking/Finance,Hybrid,Married,45-54,Moderate,69
2486,6.3,7.3,63.0,1.3,Slightly irregular,3,Other,Office,Married,35-44,Low,81
2487,6.5,8.4,28.0,2.6,Slightly irregular,3,Self-employed,Office,Married,18-24,Low,83
2488,7.4,8.5,50.0,2.4,Regular,3,Banking/Finance,Remote,Married,18-24,Low,91
2489,8.1,6.8,55.0,1.6,Slightly irregular,5,Teacher,Remote,Prefer not to say,35-44,Low,94
2490,6.4,6.8,16.0,3.1,Regular,4,Teacher,Office,Unmarried,35-44,Low,86
2491,7.4,10.9,34.0,1.0,Slightly irregular,3,Banking/Finance,Office,Married,18-24,Moderate,74
2492,5.6,7.6,26.0,3.2,Regular,4,Banking/Finance,Office,Unmarried,25-34,Low,86
2493,7.3,6.1,0.0,2.2,Slightly irregular,2,Healthcare,Office,Married,35-44,Moderate,70
2494,5.5,8.5,21.0,0.5,Slightly irregular,3,Healthcare,Remote,Unmarried,25-34,Moderate,66
2495,7.7,8.9,38.0,3.1,Regular,3,Software/IT,Remote,Unmarried,35-44,Low,90
2496,9.1,4.1,14.0,2.7,Slightly irregular,4,Software/IT,Hybrid,Married,25-34,Low,84
2497,6.3,8.5,18.0,1.7,Slightly irregular,2,Healthcare,Hybrid,Married,35-44,Low,71
2498,3.8,10.6,21.0,1.3,Regular,3,Self-employed,Office,Prefer not to say,35-44,High,56
2499,5.7,9.6,71.0,0.9,Slightly irregular,3,Self-employed,Office,Unmarried,55+,Moderate,70
2500,7.9,13.7,0.0,3.7,Slightly irregular,3,Other,Office,Married,35-44,High,56
2501,7.1,11.5,36.0,1.4,Regular,5,Government,Hybrid,Unmarried,25-34,Low,86
2502,6.7,11.9,19.0,1.1,Irregular,2,Teacher,Hybrid,Unmarried,35-44,High,57
2503,7.6,14.0,11.0,2.2,Regular,2,Government,Hybrid,Unmarried,35-44,High,60
2504,7.0,10.3,19.0,0.9,Slightly irregular,4,Self-employed,Remote,Married,25-34,Low,74
2505,7.9,9.0,40.0,1.3,Irregular,1,Banking/Finance,Remote,Married,25-34,High,70
2506,7.5,10.8,41.0,2.7,Irregular,5,Healthcare,Hybrid,Married,25-34,Low,83
2507,8.2,7.3,29.0,2.3,Slightly irregular,4,Banking/Finance,Hybrid,Unmarried,35-44,Low,92
2508,6.8,8.8,49.0,1.7,Slightly irregular,2,Software/IT,Remote,Married,25-34,Low,80
2509,7.5,7.1,53.0,2.0,Regular,2,Teacher,Office,Unmarried,18-24,Low,89
2510,6.0,9.5,43.0,1.7,Regular,1,Software/IT,Office,Unmarried,35-44,Moderate,73
2511,5.7,7.1,13.0,2.0,Irregular,3,Healthcare,Remote,Married,55+,Moderate,68
2512,8.4,7.0,36.0,1.5,Regular,2,Other,Office,Unmarried,18-24,Low,86
2513,6.7,9.6,36.0,1.6,Irregular,3,Software/IT,Remote,Unmarried,25-34,Moderate,76
2514,7.4,8.3,7.0,1.6,Regular,3,Software/IT,Hybrid,Unmarried,45-54,Low,78
2515,6.5,4.2,0.0,1.5,Regular,3,Self-employed,Office,Married,55+,Moderate,72
2516,,5.3,0.0,2.7,Regular,3,Other,Hybrid,Married,25-34,Moderate,69
2517,6.4,6.0,27.0,2.5,Slightly irregular,4,Healthcare,Office,Prefer not to say,25-34,Low,87
2518,8.1,6.6,32.0,1.3,Regular,4,Teacher,Hybrid,Unmarried,25-34,Low,93
2519,7.1,9.6,0.0,1.2,Regular,3,Healthcare,Remote,Unmarried,25-34,Moderate,68
2520,4.3,9.1,48.0,1.9,Irregular,2,Banking/Finance,Hybrid,Married,25-34,High,60
2521,6.1,11.1,28.0,3.5,Slightly irregular,2,Self-employed,Hybrid,Married,35-44,Moderate,68
2522,8.5,10.3,55.0,1.3,Slightly irregular,4,Software/IT,Remote,Married,35-44,Low,82
2523,6.1,11.1,33.0,1.9,Regular,2,Other,Hybrid,Unmarried,35-44,Moderate,73
2524,4.2,10.0,2.0,2.1,Regular,2,Banking/Finance,Remote,Unmarried,45-54,High,51
2525,8.7,9.1,35.0,1.9,Slightly irregular,3,Government,Hybrid,Married,35-44,Low,85
2526,7.2,11.1,40.0,1.7,Regular,3,Software/IT,Hybrid,Married,25-34,Low,81
2527,6.3,10.7,13.0,2.8,Regular,3,Other,Office,Married,18-24,Moderate,71
2528,6.0,9.5,0.0,2.3,Irregular,3,Healthcare,Office,Married,35-44,High,59
2529,7.7,11.5,27.0,2.6,Regular,3,Teacher,Office,Married,35-44,Low,80
2530,5.7,3.2,3.0,2.4,Irregular,2,Healthcare,Office,Married,25-34,High,59
2531,7.8,7.9,50.0,2.6,Regular,4,Teacher,Hybrid,Unmarried,25-34,Low,96
2532,7.1,7.9,16.0,3.1,Regular,2,Software/IT,Office,Married,35-44,Low,82
2533,6.7,11.3,63.0,2.9,Regular,4,Software/IT,Office,Unmarried,18-24,Low,84
2534,6.6,12.2,0.0,3.6,Irregular,3,Teacher,Office,Unmarried,35-44,High,54
2535,6.2,5.3,28.0,2.9,Slightly irregular,3,Healthcare,Office,Married,25-34,Low,82
2536,7.7,11.8,56.0,,Slightly irregular,4,Government,Office,Unmarried,35-44,Low,78
2537,5.4,5.9,5.0,2.6,Regular,4,Government,Hybrid,Married,25-34,Moderate,74
2538,4.5,6.0,21.0,2.5,Irregular,3,Banking/Finance,Office,Married,25-34,Moderate,64
2539,7.1,8.1,16.0,,Slightly irregular,3,Software/IT,Hybrid,Married,35-44,Low,81
2540,7.2,7.9,10.0,1.3,Slightly irregular,3,Healthcare,Remote,Married,25-34,Low,75
2541,7.0,5.0,30.0,2.4,Slightly irregular,4,Government,Remote,Unmarried,18-24,Low,92
2542,6.9,10.1,0.0,1.5,Slightly irregular,3,Government,Hybrid,Unmarried,18-24,Moderate,64
2543,6.0,10.2,23.0,2.4,Slightly irregular,1,Teacher,Remote,Unmarried,18-24,High,64
2544,7.3,11.0,36.0,1.8,Regular,3,Other,Remote,Unmarried,25-34,Low,82
2545,6.3,7.6,20.0,2.3,Irregular,3,Self-employed,Hybrid,Unmarried,18-24,Moderate,75
2546,5.8,8.5,3.0,1.0,Regular,2,Self-employed,Office,Unmarried,25-34,High,61
2547,,8.5,48.0,2.6,Irregular,3,Government,Remote,Unmarried,35-44,Moderate,77
2548,8.8,12.5,41.0,2.1,Regular,4,Healthcare,Hybrid,Unmarried,45-54,Low,82
2549,4.3,2.1,2.0,2.1,Regular,2,Other,Office,Married,25-34,High,58
2550,7.0,6.4,0.0,3.4,Regular,4,Other,Office,Unmarried,45-54,Low,81
2551,4.4,8.6,4.0,1.7,Slightly irregular,1,Self-employed,Office,Married,55+,High,48
2552,6.3,6.1,37.0,2.2,Regular,5,Other,Hybrid,Married,35-44,Low,96
2553,5.9,8.0,31.0,2.1,Irregular,3,Other,Office,Unmarried,35-44,Moderate,78
2554,3.9,8.3,42.0,2.1,Slightly irregular,3,Government,Office,Unmarried,25-34,High,68
2555,6.9,7.1,18.0,3.6,Regular,3,Software/IT,Hybrid,Prefer not to say,18-24,Low,86
2556,5.9,8.7,5.0,2.0,Slightly irregular,1,Healthcare,Remote,Married,55+,High,59
2557,3.9,10.0,45.0,1.6,Slightly irregular,1,Banking/Finance,Hybrid,Married,45-54,High,53
2558,7.4,8.1,13.0,3.3,Irregular,3,Self-employed,Office,Married,25-34,Low,76
2559,8.1,7.6,29.0,1.8,Regular,4,Healthcare,Office,Unmarried,25-34,Low,95
2560,8.2,8.2,0.0,0.9,Irregular,2,Healthcare,Office,Unmarried,18-24,High,60
2561,6.8,8.6,12.0,1.5,Regular,2,Other,Office,Unmarried,25-34,Low,74
2562,6.5,4.6,47.0,1.1,Slightly irregular,3,Healthcare,Office,Unmarried,45-54,Low,81
2563,,9.7,9.0,0.7,Slightly irregular,4,Software/IT,Remote,Married,18-24,Moderate,70
2564,8.4,7.6,43.0,1.7,Regular,4,Government,Remote,Married,35-44,Low,95
2565,7.8,11.5,0.0,2.0,Regular,2,Teacher,Remote,Unmarried,45-54,Moderate,63
2566,5.3,10.0,13.0,2.8,Slightly irregular,1,Teacher,Remote,Married,25-34,High,56
2567,6.6,11.3,21.0,2.4,Regular,3,Banking/Finance,Remote,Unmarried,35-44,Moderate,75
2568,6.9,6.3,63.0,2.4,Regular,4,Other,Hybrid,Married,25-34,Low,96
2569,4.2,7.7,0.0,1.4,Regular,2,Teacher,Office,Unmarried,18-24,High,53
2570,7.0,5.7,40.0,2.6,Slightly irregular,2,Teacher,Remote,Prefer not to say,25-34,Low,85
2571,,7.0,48.0,3.0,Regular,3,Healthcare,Office,Married,18-24,Low,92
2572,7.2,11.5,9.0,2.3,Slightly irregular,4,Government,Office,Married,35-44,Moderate,71
2573,8.2,12.0,17.0,2.3,Irregular,3,Healthcare,Remote,Prefer not to say,25-34,High,66
2574,6.6,6.0,28.0,1.1,Slightly irregular,4,Healthcare,Remote,Married,35-44,Low,84
2575,6.3,7.5,0.0,2.7,Slightly irregular,4,Government,Hybrid,Unmarried,35-44,Moderate,73
2576,6.9,8.4,15.0,3.2,Slightly irregular,3,Other,Office,Unmarried,45-54,Low,79
2577,5.4,9.9,53.0,2.2,Regular,1,Teacher,Office,Married,35-44,Moderate,69
2578,5.2,4.6,36.0,1.6,Regular,2,Banking/Finance,Remote,Married,35-44,Moderate,76
2579,7.9,4.9,22.0,1.9,Regular,3,Self-employed,Office,Married,25-34,Low,88
2580,8.0,9.7,27.0,1.7,Regular,3,Software/IT,Office,Married,25-34,Low,84
2581,5.2,4.1,38.0,1.7,Regular,3,Self-employed,Hybrid,Married,35-44,Low,80
2582,7.6,7.6,42.0,2.5,Slightly irregular,3,Teacher,Office,Married,35-44,Low,88
2583,6.3,9.0,13.0,2.2,Regular,1,Software/IT,Hybrid,Married,35-44,Moderate,69
2584,6.8,9.6,59.0,2.7,Regular,4,Software/IT,Remote,Unmarried,18-24,Low,90
2585,7.0,8.3,54.0,2.3,Irregular,3,Software/IT,Office,Married,18-24,Low,84
2586,7.6,7.8,40.0,1.4,Regular,4,Self-employed,Remote,Married,18-24,Low,93
2587,6.5,10.5,6.0,1.6,Slightly irregular,4,Government,Office,Married,18-24,Moderate,67
2588,8.1,9.3,3.0,1.6,Regular,3,Self-employed,Office,Unmarried,35-44,Low,73
2589,6.8,7.1,18.0,1.9,Slightly irregular,4,Government,Remote,Married,35-44,Low,84
2590,7.1,8.7,26.0,3.3,Regular,3,Teacher,Office,Married,25-34,Low,88
2591,5.4,9.5,0.0,3.4,Regular,4,Other,Remote,Prefer not to say,18-24,Moderate,67
2592,9.0,12.6,36.0,2.6,Irregular,3,Other,Remote,Unmarried,35-44,Moderate,70
2593,7.0,10.4,53.0,2.1,Slightly irregular,4,Teacher,Hybrid,Unmarried,18-24,Low,85
2594,7.3,11.4,38.0,1.0,Regular,2,Self-employed,Office,Unmarried,25-34,Moderate,73
2595,4.5,7.2,10.0,2.2,Regular,5,Self-employed,Office,Married,45-54,Low,74
2596,5.4,7.4,8.0,1.4,Slightly irregular,2,Healthcare,Hybrid,Married,35-44,High,61
2597,7.9,8.1,32.0,3.1,Regular,4,Software/IT,Hybrid,Married,18-24,Low,96
2598,6.7,8.3,,0.9,Slightly irregular,3,Teacher,Office,Unmarried,18-24,Moderate,76
2599,4.1,6.3,35.0,2.3,Slightly irregular,3,Other,Office,Prefer not to say,25-34,Moderate,70
2600,7.6,11.5,38.0,1.4,Slightly irregular,3,Government,Remote,Unmarried,35-44,Moderate,75
2601,5.7,10.6,49.0,2.0,Irregular,2,Self-employed,Hybrid,Married,25-34,High,64
2602,8.1,7.9,0.0,2.5,Regular,1,Other,Hybrid,Unmarried,35-44,Moderate,70
2603,6.3,10.1,30.0,2.7,Irregular,5,Software/IT,Hybrid,Unmarried,25-34,Moderate,81
2604,6.6,9.1,17.0,2.0,Slightly irregular,3,Other,Hybrid,Married,35-44,Low,76
2605,7.8,10.3,23.0,2.5,Slightly irregular,1,Healthcare,Office,Married,35-44,Moderate,70
2606,5.3,5.5,44.0,1.5,Slightly irregular,3,Government,Office,Married,45-54,Low,75
2607,5.2,8.3,46.0,2.2,Slightly irregular,3,Teacher,Hybrid,Married,25-34,Moderate,76
2608,6.2,8.5,56.0,2.7,Regular,2,Teacher,Office,Unmarried,18-24,Low,82
2609,7.4,10.0,34.0,2.2,Irregular,3,Teacher,Hybrid,Married,18-24,Moderate,78
2610,4.8,7.2,23.0,1.6,Irregular,2,Teacher,Office,Unmarried,25-34,High,62
2611,4.4,2.9,19.0,1.8,Regular,3,Software/IT,Remote,Married,25-34,Moderate,70
2612,7.4,6.1,0.0,2.7,Slightly irregular,3,Teacher,Hybrid,Married,18-24,Moderate,74
2613,5.7,8.5,54.0,1.2,Slightly irregular,4,Banking/Finance,Hybrid,Unmarried,45-54,Low,79
2614,5.9,8.7,18.0,1.3,Irregular,4,Other,Hybrid,Unmarried,45-54,Moderate,70
2615,4.2,12.5,36.0,2.4,Slightly irregular,2,Software/IT,Office,Unmarried,35-44,High,53
2616,5.6,9.9,40.0,1.7,Regular,1,Software/IT,Hybrid,Unmarried,25-34,High,69
2617,6.4,8.8,0.0,1.0,Slightly irregular,3,Banking/Finance,Hybrid,Unmarried,35-44,High,62
2618,7.5,8.5,5.0,,Regular,4,Government,Hybrid,Married,35-44,Low,82
2619,5.5,11.1,59.0,1.2,Slightly irregular,3,Banking/Finance,Office,Unmarried,35-44,High,65
2620,8.4,7.2,31.0,1.9,Slightly irregular,4,Other,Office,Married,18-24,Low,92
2621,5.6,8.3,12.0,1.6,Slightly irregular,3,Teacher,Office,Unmarried,45-54,Moderate,68
2622,5.6,6.1,22.0,1.8,Regular,3,Healthcare,Office,Unmarried,25-34,Low,79
2623,8.2,11.9,49.0,1.4,Slightly irregular,3,Other,Office,Married,25-34,Moderate,73
2624,6.7,9.5,46.0,2.5,Slightly irregular,3,Banking/Finance,Remote,Unmarried,25-34,Low,82
2625,5.7,7.0,0.0,2.1,Regular,5,Banking/Finance,Office,Unmarried,25-34,Low,77
2626,6.2,8.3,61.0,2.7,Regular,2,Other,Hybrid,Married,55+,Low,83
2627,8.0,9.8,46.0,1.6,Regular,4,Teacher,Office,Unmarried,35-44,Low,89
2628,8.2,8.0,22.0,3.5,Irregular,5,Software/IT,Office,Unmarried,45-54,Low,88
2629,5.4,7.4,0.0,0.7,Slightly irregular,2,Software/IT,Hybrid,Married,55+,High,53
2630,6.3,7.1,48.0,0.9,Slightly irregular,4,Self-employed,Hybrid,Unmarried,35-44,Low,82
2631,6.5,9.4,35.0,3.2,Slightly irregular,4,Self-employed,Remote,Unmarried,35-44,Low,85
2632,5.2,7.8,0.0,2.3,Irregular,1,Teacher,Office,Married,45-54,High,51
2633,6.3,7.6,20.0,2.2,Slightly irregular,4,Healthcare,Hybrid,Married,25-34,Low,83
2634,6.4,5.5,94.0,2.3,Regular,3,Banking/Finance,Office,Unmarried,25-34,Low,89
2635,7.8,8.8,25.0,2.4,Regular,3,Software/IT,Remote,Unmarried,25-34,Low,88
2636,7.8,8.2,9.0,2.2,Regular,3,Self-employed,Remote,Unmarried,35-44,Low,81
2637,6.0,7.9,3.0,1.3,Irregular,4,Healthcare,Remote,Unmarried,35-44,High,65
2638,6.1,9.1,64.0,2.6,Slightly irregular,3,Other,Office,Unmarried,25-34,Moderate,79
2639,7.2,10.3,44.0,2.5,Slightly irregular,3,Self-employed,Remote,Married,45-54,Moderate,81
2640,5.7,10.2,56.0,3.0,Slightly irregular,2,Teacher,Office,Married,35-44,Moderate,70
2641,7.1,9.9,30.0,3.2,Irregular,3,Government,Office,Unmarried,25-34,Moderate,79
2642,6.3,8.0,53.0,2.2,Irregular,2,Government,Office,Married,35-44,Low,76
2643,5.2,7.3,6.0,1.1,Slightly irregular,2,Teacher,Hybrid,Prefer not to say,45-54,High,57
2644,5.3,6.2,29.0,3.2,Regular,3,Teacher,Hybrid,Married,25-34,Low,81
2645,8.1,7.2,31.0,1.3,Regular,4,Self-employed,Remote,Married,25-34,Low,93
2646,6.2,8.6,55.0,2.2,Slightly irregular,4,Government,Hybrid,Unmarried,35-44,Low,85
2647,8.4,6.8,32.0,1.8,Slightly irregular,4,Government,Hybrid,Married,25-34,Low,91
2648,5.8,8.8,11.0,1.7,Slightly irregular,2,Teacher,Remote,Married,25-34,Moderate,64
2649,6.7,6.4,26.0,2.5,Regular,2,Government,Office,Unmarried,45-54,Low,85
2650,9.3,4.8,0.0,2.2,Slightly irregular,4,Government,Remote,Unmarried,25-34,Low,75
2651,5.1,10.5,0.0,2.4,Regular,2,Teacher,Hybrid,Married,25-34,High,54
2652,4.1,7.5,43.0,1.4,Regular,2,Teacher,Office,Married,45-54,Moderate,68
2653,7.9,6.7,17.0,1.9,Irregular,4,Healthcare,Hybrid,Unmarried,35-44,Low,81
2654,5.4,6.1,19.0,1.5,Slightly irregular,3,Government,Remote,Married,25-34,Moderate,70
2655,6.4,9.6,43.0,1.9,Regular,3,Software/IT,Office,Married,25-34,Low,83
2656,5.7,11.8,56.0,1.9,Regular,3,Other,Remote,Married,25-34,Moderate,72
2657,6.7,7.7,37.0,3.3,Slightly irregular,2,Teacher,Hybrid,Unmarried,18-24,Low,83
2658,5.3,8.1,67.0,1.8,Regular,2,Self-employed,Remote,Married,45-54,Moderate,77
2659,6.2,11.1,36.0,0.5,Regular,4,Software/IT,Remote,Unmarried,18-24,Low,74
2660,6.9,4.4,32.0,3.0,Slightly irregular,3,Government,Hybrid,Married,18-24,Low,88
2661,5.2,13.1,30.0,2.3,Slightly irregular,1,Banking/Finance,Office,Unmarried,35-44,High,54
2662,5.6,14.0,0.0,1.9,Regular,4,Government,Hybrid,Unmarried,45-54,High,53
2663,,2.4,46.0,1.7,Slightly irregular,2,Other,Hybrid,Married,35-44,Moderate,77
2664,4.7,8.4,0.0,1.3,Slightly irregular,2,Software/IT,Remote,Unmarried,25-34,High,51
2665,5.9,6.9,12.0,,Regular,3,Software/IT,Office,Married,25-34,Low,77
2666,6.5,8.0,,2.0,Regular,3,Software/IT,Remote,Unmarried,55+,Low,87
2667,5.9,7.6,8.0,0.8,Regular,1,Healthcare,Hybrid,Unmarried,35-44,High,61
2668,6.1,10.5,15.0,2.2,Regular,3,Self-employed,Remote,Married,45-54,Moderate,72
2669,6.4,8.3,65.0,2.8,Irregular,4,Software/IT,Remote,Unmarried,25-34,Low,84
2670,5.6,6.5,49.0,2.1,Slightly irregular,3,Self-employed,Remote,Unmarried,35-44,Low,80
2671,7.2,8.2,10.0,1.4,Irregular,1,Healthcare,Remote,Married,55+,Moderate,63
2672,8.1,9.8,15.0,1.3,Regular,5,Other,Hybrid,Married,25-34,Low,83
2673,5.8,5.9,0.0,1.4,Slightly irregular,2,Teacher,Hybrid,Unmarried,25-34,High,59
2674,7.0,4.8,41.0,3.1,Slightly irregular,2,Other,Office,Married,18-24,Low,85
2675,6.1,13.2,20.0,1.9,Slightly irregular,4,Banking/Finance,Remote,Unmarried,35-44,Moderate,65
2676,6.8,7.1,0.0,0.8,Irregular,3,Other,Hybrid,Married,25-34,High,62
2677,8.3,8.3,27.0,2.3,Slightly irregular,4,Banking/Finance,Hybrid,Unmarried,25-34,Low,90
2678,7.0,7.7,35.0,2.1,Slightly irregular,3,Teacher,Remote,Married,35-44,Low,88
2679,4.3,9.9,46.0,1.7,Irregular,4,Self-employed,Remote,Married,35-44,High,64
2680,6.9,12.7,23.0,1.3,Irregular,3,Healthcare,Remote,Unmarried,25-34,High,62
2681,7.9,9.9,17.0,1.3,Irregular,2,Teacher,Remote,Unmarried,45-54,High,65
2682,6.1,5.1,69.0,2.8,Regular,4,Healthcare,Hybrid,Married,25-34,Low,91
2683,7.6,5.4,25.0,2.2,Regular,3,Other,Remote,Unmarried,25-34,Low,90
2684,5.6,7.7,41.0,2.3,Regular,4,Government,Hybrid,Married,35-44,Low,88
2685,4.6,8.0,13.0,2.2,Slightly irregular,3,Software/IT,Hybrid,Married,35-44,High,65
2686,6.6,4.6,40.0,2.2,Regular,5,Self-employed,Hybrid,Unmarried,35-44,Low,98
2687,4.3,10.5,0.0,1.7,Regular,2,Healthcare,Remote,Prefer not to say,35-44,High,48
2688,6.1,6.1,15.0,1.9,Slightly irregular,3,Software/IT,Hybrid,Married,35-44,Moderate,75
2689,7.9,12.0,0.0,2.8,Regular,4,Software/IT,Hybrid,Unmarried,45-54,Moderate,69
2690,4.1,12.8,12.0,3.0,Slightly irregular,2,Software/IT,Office,Unmarried,55+,High,43
2691,4.9,8.0,53.0,1.1,Regular,3,Government,Remote,Married,45-54,Moderate,75
2692,5.2,9.6,12.0,1.9,Irregular,1,Teacher,Remote,Unmarried,25-34,High,51
2693,6.3,5.8,41.0,2.6,Regular,3,Software/IT,Office,Married,35-44,Low,88
2694,6.0,10.0,58.0,3.3,Slightly irregular,3,Teacher,Hybrid,Unmarried,25-34,Moderate,76
2695,8.1,7.5,24.0,3.2,Slightly irregular,3,Other,Remote,Unmarried,35-44,Low,86
2696,7.5,6.1,47.0,1.4,Regular,2,Banking/Finance,Office,Married,18-24,Low,86
2697,7.0,7.9,37.0,2.9,Regular,4,Healthcare,Hybrid,Married,25-34,Low,96
2698,6.6,7.5,28.0,2.0,Irregular,3,Government,Office,Married,45-54,Low,81
2699,6.9,7.9,42.0,2.7,Slightly irregular,3,Software/IT,Remote,Married,35-44,Low,88
2700,,10.8,65.0,2.6,Regular,3,Other,Hybrid,Unmarried,18-24,Moderate,74
2701,7.4,6.8,11.0,1.1,Slightly irregular,4,Software/IT,Hybrid,Unmarried,25-34,Low,78
2702,5.1,12.6,4.0,2.4,Regular,4,Software/IT,Office,Unmarried,25-34,High,57
2703,7.4,5.6,3.0,2.7,Slightly irregular,3,Teacher,Hybrid,Unmarried,35-44,Low,75
2704,7.8,12.3,47.0,2.0,Slightly irregular,4,Software/IT,Hybrid,Married,18-24,Low,79
2705,,6.3,50.0,1.8,Slightly irregular,3,Software/IT,Office,Unmarried,35-44,Low,86
2706,6.2,8.6,13.0,0.9,Regular,2,Government,Office,Married,35-44,Moderate,68
2707,6.9,7.5,0.0,2.5,Regular,3,Healthcare,Remote,Married,35-44,Low,77
2708,3.5,7.8,10.0,2.1,Regular,2,Software/IT,Hybrid,Married,25-34,High,57
2709,6.8,10.4,37.0,1.4,Regular,4,Banking/Finance,Office,Unmarried,35-44,Low,84
2710,6.3,12.0,24.0,1.8,Slightly irregular,3,Government,Office,Unmarried,35-44,High,68
2711,6.3,11.3,29.0,2.1,Slightly irregular,2,Other,Office,Married,25-34,High,70
2712,7.2,7.7,13.0,1.6,Regular,3,Software/IT,Office,Unmarried,25-34,Low,82
2713,6.3,9.0,47.0,2.0,Regular,2,Self-employed,Office,Unmarried,35-44,Low,81
2714,5.0,6.8,33.0,0.8,Slightly irregular,2,Government,Remote,Unmarried,25-34,Moderate,66
2715,6.2,6.3,38.0,2.9,Slightly irregular,3,Banking/Finance,Hybrid,Married,25-34,Low,84
2716,6.5,6.0,28.0,2.0,Irregular,5,Teacher,Hybrid,Married,25-34,Low,88
2717,6.5,7.6,37.0,1.2,Regular,4,Healthcare,Office,Married,25-34,Low,89
2718,6.6,9.2,35.0,0.3,Regular,2,Software/IT,Hybrid,Unmarried,45-54,Moderate,74
2719,7.6,4.2,5.0,2.7,Regular,3,Government,Hybrid,Unmarried,55+,Low,80
2720,5.1,8.5,33.0,2.4,Slightly irregular,3,Government,Hybrid,Married,35-44,Moderate,75
2721,,12.1,42.0,2.1,Slightly irregular,3,Software/IT,Office,Married,18-24,Moderate,73
2722,7.9,11.2,50.0,2.6,Regular,3,Teacher,Hybrid,Unmarried,25-34,Low,82
2723,4.3,7.3,34.0,2.6,Regular,2,Other,Office,Unmarried,25-34,Moderate,72
2724,6.6,5.4,4.0,2.1,Slightly irregular,5,Healthcare,Office,Married,35-44,Low,80
2725,5.7,9.7,7.0,1.8,Regular,2,Banking/Finance,Hybrid,Unmarried,35-44,High,63
2726,6.0,3.3,15.0,1.7,Slightly irregular,3,Other,Hybrid,Prefer not to say,55+,Low,73
2727,5.3,11.2,29.0,2.3,Regular,1,Software/IT,Hybrid,Unmarried,25-34,High,64
2728,6.2,8.1,22.0,3.0,Regular,4,Banking/Finance,Office,Married,18-24,Low,87
2729,8.6,12.8,0.0,1.9,Regular,5,Self-employed,Remote,Unmarried,35-44,Moderate,70
2730,4.9,4.6,0.0,3.0,Irregular,2,Teacher,Office,Unmarried,25-34,High,53
2731,5.0,10.7,0.0,2.3,Regular,2,Teacher,Office,Unmarried,25-34,High,53
2732,4.8,8.4,0.0,2.3,Regular,3,Other,Hybrid,Married,25-34,High,62
2733,8.5,7.8,22.0,3.7,Irregular,4,Software/IT,Remote,Married,25-34,Low,84
2734,5.8,5.4,76.0,3.2,Regular,3,Software/IT,Remote,Married,25-34,Low,85
2735,6.4,10.0,65.0,3.2,Regular,3,Healthcare,Remote,Married,25-34,Low,82
2736,5.9,10.2,3.0,1.4,Regular,4,Self-employed,Remote,Unmarried,45-54,High,66
2737,5.3,12.7,28.0,3.5,Slightly irregular,2,Healthcare,Remote,Married,45-54,High,58
2738,6.1,10.9,0.0,1.9,Regular,5,Teacher,Office,Unmarried,25-34,Moderate,70
2739,9.3,7.2,0.0,1.8,Irregular,5,Healthcare,Office,Unmarried,25-34,Low,74
2740,8.1,6.3,0.0,0.5,Slightly irregular,4,Healthcare,Office,Unmarried,45-54,Moderate,70
2741,5.4,5.5,20.0,2.2,Slightly irregular,2,Government,Hybrid,Married,55+,Moderate,70
2742,7.2,12.0,21.0,1.2,Regular,4,Other,Office,Married,45-54,Moderate,75
2743,5.4,6.8,31.0,2.3,Slightly irregular,3,Teacher,Office,Married,25-34,Moderate,78
2744,4.3,12.0,40.0,1.2,Irregular,1,Government,Hybrid,Unmarried,45-54,High,44
2745,7.6,9.8,18.0,3.3,Irregular,2,Government,Office,Married,35-44,Moderate,69
2746,7.8,9.4,26.0,2.4,Regular,4,Self-employed,Office,Married,18-24,Low,90
2747,7.7,7.9,1.0,3.6,Slightly irregular,3,Banking/Finance,Office,Married,18-24,Moderate,74
2748,5.8,10.1,0.0,1.3,Slightly irregular,2,Software/IT,Hybrid,Unmarried,45-54,High,52
2749,6.2,8.6,0.0,3.1,Irregular,4,Banking/Finance,Office,Unmarried,45-54,High,66
2750,7.3,7.8,39.0,0.7,Regular,2,Banking/Finance,Hybrid,Prefer not to say,25-34,Low,82
2751,6.9,10.2,18.0,2.1,Slightly irregular,3,Banking/Finance,Hybrid,Married,35-44,Moderate,75
2752,5.9,8.3,0.0,1.6,Slightly irregular,2,Teacher,Hybrid,Married,25-34,High,60
2753,4.5,6.8,24.0,1.7,Irregular,3,Software/IT,Hybrid,Unmarried,35-44,Moderate,64
2754,6.5,10.0,0.0,1.6,Slightly irregular,1,Software/IT,Hybrid,Married,25-34,High,55
2755,7.7,8.5,62.0,1.4,Irregular,3,Software/IT,Remote,Married,25-34,Low,80
2756,5.0,9.7,12.0,1.1,Regular,1,Software/IT,Remote,Unmarried,25-34,High,54
2757,7.2,7.6,40.0,1.7,Regular,3,Teacher,Office,Unmarried,25-34,Low,91
2758,6.8,5.8,49.0,2.1,Regular,4,Software/IT,Office,Married,45-54,Low,95
2759,7.3,12.6,4.0,2.8,Irregular,4,Teacher,Office,Prefer not to say,45-54,High,61
2760,7.4,12.2,27.0,,Regular,3,Other,Hybrid,Married,25-34,Moderate,78
2761,5.6,10.6,37.0,2.8,Slightly irregular,3,Healthcare,Office,Married,25-34,Moderate,72
2762,4.5,7.7,28.0,1.0,Irregular,2,Teacher,Hybrid,Married,25-34,High,59
2763,5.8,7.9,33.0,1.7,Irregular,4,Government,Hybrid,Married,18-24,Moderate,79
2764,7.5,11.8,0.0,2.5,Slightly irregular,3,Healthcare,Hybrid,Married,35-44,High,62
2765,5.7,7.8,37.0,2.2,Slightly irregular,1,Software/IT,Hybrid,Unmarried,25-34,Moderate,73
2766,5.6,7.1,14.0,1.4,Regular,4,Banking/Finance,Office,Prefer not to say,18-24,Low,76
2767,4.2,12.9,33.0,2.7,Slightly irregular,2,Teacher,Hybrid,Unmarried,55+,High,52
2768,8.5,8.5,45.0,1.6,Slightly irregular,3,Banking/Finance,Office,Unmarried,35-44,Low,85
2769,7.4,12.7,40.0,1.5,Slightly irregular,4,Software/IT,Remote,Married,25-34,Moderate,75
2770,7.3,5.4,33.0,2.3,Regular,2,Healthcare,Remote,Married,35-44,Low,89
2771,7.6,9.8,39.0,2.0,Regular,3,Software/IT,Hybrid,Married,25-34,Low,87
2772,7.1,13.4,40.0,1.6,Slightly irregular,4,Teacher,Remote,Unmarried,35-44,Moderate,73
2773,6.1,8.7,58.0,1.6,Slightly irregular,3,Government,Office,Married,25-34,Low,79
2774,6.2,8.0,24.0,1.3,Irregular,2,Teacher,Hybrid,Married,18-24,High,69
2775,5.9,5.9,29.0,1.7,Slightly irregular,4,Healthcare,Hybrid,Unmarried,25-34,Low,83
2776,9.6,11.1,46.0,2.8,Irregular,3,Software/IT,Office,Married,55+,Moderate,71
2777,7.1,6.8,14.0,2.2,Slightly irregular,3,Government,Hybrid,Unmarried,35-44,Low,80
2778,5.8,8.4,0.0,2.7,Slightly irregular,3,Healthcare,Remote,Married,35-44,Moderate,65
2779,7.0,5.8,36.0,2.4,Slightly irregular,3,Self-employed,Hybrid,Unmarried,45-54,Low,88
2780,5.2,12.2,20.0,1.6,Regular,2,Healthcare,Hybrid,Unmarried,45-54,High,57
2781,8.2,11.3,0.0,0.8,Regular,5,Other,Office,Married,45-54,Moderate,69
2782,5.6,8.5,36.0,1.4,Irregular,3,Teacher,Office,Married,18-24,High,71
2783,7.0,5.9,56.0,1.5,Regular,3,Government,Hybrid,Unmarried,18-24,Low,90
2784,7.7,12.1,,1.5,Slightly irregular,4,Healthcare,Office,Unmarried,35-44,Moderate,62
2785,6.9,7.8,47.0,2.7,Regular,4,Teacher,Office,Married,55+,Low,96
2786,6.5,6.1,0.0,2.7,Slightly irregular,3,Government,Hybrid,Married,35-44,Moderate,70
2787,6.4,4.5,16.0,3.5,Regular,1,Other,Hybrid,Married,55+,Moderate,74
2788,6.3,7.1,65.0,1.5,Slightly irregular,4,Government,Hybrid,Married,35-44,Low,85
2789,5.7,5.3,18.0,3.1,Slightly irregular,3,Teacher,Hybrid,Unmarried,18-24,Moderate,74
2790,5.9,7.2,27.0,3.1,Regular,3,Healthcare,Hybrid,Married,45-54,Low,84
2791,8.2,10.3,42.0,1.8,Slightly irregular,3,Software/IT,Hybrid,Married,45-54,Low,80
2792,6.3,7.7,0.0,2.3,Irregular,1,Banking/Finance,Hybrid,Unmarried,35-44,High,58
2793,5.5,9.4,27.0,2.9,Slightly irregular,1,Healthcare,Office,Unmarried,35-44,High,66
2794,5.8,6.9,26.0,2.0,Irregular,2,Teacher,Hybrid,Married,25-34,Moderate,71
2795,7.7,8.7,66.0,1.9,Slightly irregular,4,Software/IT,Office,Unmarried,35-44,Low,90
2796,7.2,13.0,0.0,1.6,Slightly irregular,4,Other,Remote,Unmarried,25-34,High,60
2797,7.1,7.8,,0.3,Slightly irregular,3,Software/IT,Hybrid,Married,25-34,Low,74
2798,6.1,9.5,5.0,,Irregular,2,Teacher,Office,Married,35-44,High,58
2799,7.1,5.0,2.0,1.5,Slightly irregular,2,Software/IT,Hybrid,Unmarried,18-24,Moderate,68
2800,5.6,12.1,50.0,1.2,Regular,4,Healthcare,Office,Married,18-24,Moderate,71
2801,6.1,7.5,26.0,2.3,Irregular,2,Software/IT,Hybrid,Married,18-24,Moderate,73
2802,7.6,11.0,13.0,1.0,Irregular,5,Government,Hybrid,Unmarried,35-44,Moderate,69
2803,7.4,8.3,14.0,2.6,Slightly irregular,5,Teacher,Hybrid,Married,25-34,Low,87
2804,5.2,10.0,13.0,2.3,Regular,5,Software/IT,Hybrid,Married,25-34,Low,74
2805,5.4,10.1,15.0,1.7,Slightly irregular,3,Software/IT,Office,Married,25-34,Moderate,63
2806,,7.6,0.0,2.0,Slightly irregular,3,Teacher,Office,Married,18-24,Moderate,70
2807,8.5,11.1,19.0,1.2,Regular,4,Banking/Finance,Remote,Unmarried,35-44,Low,77
2808,4.1,6.9,17.0,2.5,Slightly irregular,3,Software/IT,Office,Married,35-44,High,64
2809,6.7,10.4,8.0,2.1,Slightly irregular,2,Government,Office,Married,35-44,High,64
2810,4.7,7.7,28.0,2.2,Regular,1,Healthcare,Hybrid,Unmarried,18-24,High,70
2811,5.6,9.4,30.0,2.4,Slightly irregular,2,Software/IT,Hybrid,Unmarried,35-44,Moderate,72
2812,6.0,7.5,13.0,1.6,Regular,2,Teacher,Office,Unmarried,25-34,Moderate,72
2813,5.9,8.7,22.0,0.9,Slightly irregular,4,Healthcare,Office,Married,35-44,Moderate,74
2814,5.8,6.1,72.0,2.7,Regular,2,Teacher,Hybrid,Married,18-24,Low,81
2815,6.4,9.2,72.0,2.5,Irregular,3,Healthcare,Hybrid,Unmarried,35-44,Low,77
2816,5.8,8.7,2.0,1.6,Regular,4,Self-employed,Office,Married,55+,Moderate,71
2817,4.6,7.4,5.0,2.3,Irregular,4,Software/IT,Office,Married,45-54,High,61
2818,7.3,8.5,2.0,2.9,Slightly irregular,3,Healthcare,Hybrid,Unmarried,45-54,Moderate,73
2819,7.3,8.9,48.0,2.8,Regular,4,Healthcare,Office,Unmarried,18-24,Low,93
2820,7.4,7.2,16.0,1.6,Irregular,2,Teacher,Hybrid,Unmarried,25-34,Moderate,72
2821,4.6,8.3,30.0,1.0,Slightly irregular,3,Healthcare,Hybrid,Married,25-34,High,68
2822,6.8,6.3,69.0,1.1,Slightly irregular,4,Banking/Finance,Office,Prefer not to say,35-44,Low,86
2823,7.2,14.0,25.0,1.8,Irregular,1,Banking/Finance,Remote,Married,35-44,High,55
2824,5.2,11.0,41.0,3.0,Irregular,4,Government,Remote,Unmarried,35-44,Moderate,68
2825,6.4,9.2,36.0,1.5,Slightly irregular,2,Software/IT,Office,Married,55+,Moderate,75
2826,6.3,11.3,12.0,1.6,Irregular,3,Healthcare,Remote,Unmarried,55+,High,59
2827,8.6,4.0,48.0,1.6,Regular,4,Government,Remote,Unmarried,25-34,Low,94
2828,8.7,2.7,6.0,1.6,Regular,4,Healthcare,Remote,Unmarried,45-54,Low,82
2829,4.4,7.7,54.0,2.0,Regular,2,Banking/Finance,Remote,Unmarried,45-54,Moderate,72
2830,9.4,5.4,12.0,1.1,Regular,3,Banking/Finance,Hybrid,Married,35-44,Low,76
2831,5.3,8.1,14.0,2.8,Slightly irregular,3,Healthcare,Hybrid,Married,25-34,Moderate,70
2832,7.6,9.1,1.0,1.9,Regular,3,Software/IT,Office,Married,25-34,Moderate,74
2833,7.6,10.7,5.0,3.7,Slightly irregular,2,Banking/Finance,Office,Unmarried,25-34,Moderate,64
2834,5.2,6.0,16.0,1.2,Regular,2,Healthcare,Office,Married,18-24,Moderate,66
2835,7.0,9.5,0.0,3.1,Regular,2,Software/IT,Remote,Married,25-34,Moderate,69
2836,6.3,8.6,20.0,3.0,Slightly irregular,2,Software/IT,Remote,Married,18-24,Moderate,74
2837,7.1,9.4,14.0,1.7,Regular,4,Software/IT,Office,Unmarried,25-34,Low,82
2838,6.7,7.4,42.0,1.7,Slightly irregular,2,Banking/Finance,Office,Married,35-44,Low,81
2839,7.8,11.8,34.0,1.4,Slightly irregular,4,Software/IT,Office,Unmarried,18-24,Moderate,77
2840,6.5,8.4,9.0,1.4,Slightly irregular,3,Self-employed,Hybrid,Married,45-54,Moderate,71
2841,6.2,12.7,15.0,2.0,Irregular,3,Other,Hybrid,Married,18-24,High,57
2842,7.7,6.8,20.0,2.0,Irregular,3,Other,Hybrid,Unmarried,25-34,Low,80
2843,7.1,10.3,58.0,0.9,Regular,4,Teacher,Remote,Married,25-34,Low,84
2844,7.3,8.5,7.0,3.6,Slightly irregular,2,Healthcare,Office,Unmarried,35-44,Moderate,72
2845,5.6,7.8,9.0,1.8,Regular,4,Other,Hybrid,Married,25-34,Moderate,76
2846,5.1,10.1,0.0,2.0,Regular,3,Government,Hybrid,Prefer not to say,35-44,High,59
2847,5.7,7.9,0.0,1.6,Slightly irregular,3,Teacher,Remote,Married,25-34,Moderate,63
2848,5.7,2.5,32.0,1.8,Slightly irregular,4,Self-employed,Office,Married,25-34,Low,83
2849,7.3,1.6,29.0,1.7,Irregular,3,Banking/Finance,Office,Unmarried,25-34,Low,82
2850,7.6,11.5,53.0,2.0,Slightly irregular,4,Government,Hybrid,Unmarried,18-24,Low,81
2851,6.2,11.4,48.0,2.0,Slightly irregular,2,Other,Office,Married,55+,High,69
2852,8.1,12.9,78.0,2.6,Slightly irregular,4,Other,Hybrid,Married,35-44,Low,77
2853,8.0,8.6,23.0,2.2,Regular,3,Healthcare,Office,Married,18-24,Low,87
2854,6.7,5.6,19.0,2.5,Regular,3,Software/IT,Office,Unmarried,35-44,Low,85
2855,5.4,7.6,0.0,2.0,Slightly irregular,3,Banking/Finance,Office,Married,35-44,High,64
2856,8.3,8.6,40.0,2.2,Slightly irregular,4,Banking/Finance,Office,Married,25-34,Low,90
2857,6.3,6.3,28.0,1.8,Regular,2,Banking/Finance,Hybrid,Unmarried,55+,Low,82
2858,6.6,12.4,39.0,2.7,Regular,4,Healthcare,Hybrid,Married,25-34,Low,80
2859,6.0,13.8,0.0,2.2,Regular,2,Banking/Finance,Office,Unmarried,25-34,High,49
2860,5.3,9.7,33.0,1.9,Slightly irregular,1,Healthcare,Office,Married,35-44,High,65
2861,4.6,8.6,30.0,1.9,Regular,2,Other,Hybrid,Prefer not to say,45-54,High,71
2862,7.2,5.6,28.0,1.9,Regular,4,Self-employed,Office,Unmarried,25-34,Low,95
2863,5.5,12.2,10.0,2.0,Regular,3,Healthcare,Hybrid,Prefer not to say,18-24,High,60
2864,10.0,8.8,51.0,2.0,Regular,4,Banking/Finance,Remote,Unmarried,35-44,Low,88
2865,5.1,7.9,70.0,1.6,Slightly irregular,3,Banking/Finance,Remote,Married,35-44,Moderate,75
2866,4.9,9.7,1.0,2.5,Irregular,3,Healthcare,Office,Married,25-34,High,52
2867,7.0,7.3,41.0,2.6,Regular,4,Software/IT,Office,Married,55+,Low,96
2868,8.2,8.9,0.0,3.2,Slightly irregular,2,Government,Office,Unmarried,25-34,Moderate,67
2869,6.5,5.3,40.0,1.6,Slightly irregular,3,Government,Hybrid,Married,35-44,Low,83
2870,7.1,11.1,0.0,2.5,Slightly irregular,3,Healthcare,Hybrid,Unmarried,45-54,Moderate,64
2871,4.2,8.4,13.0,0.7,Regular,1,Other,Remote,Unmarried,25-34,High,51
2872,5.6,11.3,0.0,,Regular,1,Other,Remote,Married,25-34,High,51
2873,5.1,8.1,20.0,1.0,Irregular,2,Self-employed,Remote,Unmarried,18-24,High,59
2874,4.1,8.3,43.0,1.3,Irregular,2,Other,Office,Unmarried,35-44,High,58
2875,6.5,5.8,0.0,2.2,Regular,3,Healthcare,Office,Unmarried,35-44,Moderate,74
2876,3.7,10.3,17.0,1.6,Slightly irregular,2,Other,Office,Married,35-44,High,48
2877,4.8,6.6,14.0,1.5,Regular,2,Other,Remote,Married,25-34,Moderate,64
2878,5.8,7.5,60.0,1.7,Regular,2,Banking/Finance,Office,Unmarried,25-34,Low,80
2879,5.4,8.6,34.0,2.5,Regular,3,Software/IT,Hybrid,Married,18-24,Moderate,81
2880,6.9,8.9,0.0,1.3,Slightly irregular,4,Software/IT,Hybrid,Unmarried,18-24,Moderate,70
2881,6.8,4.7,15.0,2.0,Regular,1,Healthcare,Office,Prefer not to say,25-34,Moderate,76
2882,7.5,8.1,59.0,1.7,Regular,4,Government,Office,Married,45-54,Low,94
2883,7.3,10.4,41.0,2.6,Regular,3,Healthcare,Hybrid,Married,35-44,Low,85
2884,7.8,7.7,5.0,2.6,Regular,4,Self-employed,Office,Married,25-34,Low,84
2885,6.4,8.1,19.0,0.7,Regular,4,Self-employed,Hybrid,Unmarried,55+,Low,80
2886,6.8,9.0,20.0,2.7,Slightly irregular,2,Software/IT,Remote,Married,25-34,Moderate,75
2887,7.0,8.3,13.0,1.6,Slightly irregular,4,Software/IT,Remote,Married,55+,Low,81
2888,,6.2,0.0,2.2,Slightly irregular,2,Government,Remote,Unmarried,25-34,Moderate,67
2889,5.9,8.5,10.0,1.3,Slightly irregular,3,Teacher,Office,Married,25-34,Moderate,67
2890,6.0,10.9,56.0,2.3,Slightly irregular,3,Other,Remote,Married,45-54,Moderate,73
2891,,6.2,17.0,3.8,Regular,3,Other,Office,Unmarried,25-34,Moderate,76
2892,6.9,7.7,23.0,2.1,Regular,2,Healthcare,Office,Unmarried,45-54,Low,85
2893,6.3,5.4,28.0,1.7,Irregular,3,Banking/Finance,Office,Married,35-44,Low,78
2894,5.6,10.8,74.0,1.8,Slightly irregular,4,Self-employed,Hybrid,Married,25-34,Moderate,74
2895,5.6,8.4,25.0,1.0,Slightly irregular,2,Other,Remote,Unmarried,18-24,Moderate,67
2896,4.9,6.6,49.0,3.0,Regular,3,Banking/Finance,Hybrid,Married,25-34,Low,79
2897,7.6,8.8,12.0,2.2,Regular,4,Other,Remote,Prefer not to say,35-44,Low,85
2898,6.5,5.8,19.0,1.3,Regular,3,Healthcare,Hybrid,Married,25-34,Low,80
2899,5.4,6.2,25.0,1.3,Irregular,4,Software/IT,Hybrid,Married,25-34,Moderate,72
2900,7.4,5.2,8.0,2.0,Slightly irregular,3,Banking/Finance,Office,Unmarried,25-34,Moderate,78
2901,5.7,6.1,21.0,2.7,Regular,3,Self-employed,Remote,Unmarried,25-34,Low,80
2902,4.7,11.7,45.0,1.2,Regular,2,Other,Remote,Married,18-24,High,59
2903,7.6,6.9,7.0,2.8,Regular,3,Software/IT,Office,Unmarried,25-34,Low,81
2904,5.8,9.7,25.0,1.9,Regular,3,Healthcare,Office,Prefer not to say,18-24,Moderate,77
2905,5.9,6.7,41.0,1.3,Slightly irregular,3,Banking/Finance,Office,Married,45-54,Moderate,78
2906,6.4,10.3,7.0,1.7,Regular,2,Other,Hybrid,Married,35-44,High,65
2907,7.8,6.2,49.0,3.2,Irregular,3,Government,Office,Married,25-34,Low,84
2908,6.4,8.7,27.0,1.0,Slightly irregular,3,Teacher,Remote,Married,35-44,Moderate,76
2909,5.0,8.7,21.0,1.5,Irregular,4,Self-employed,Office,Married,25-34,High,67
2910,7.1,14.0,0.0,2.7,Irregular,4,Government,Remote,Unmarried,25-34,High,54
2911,5.8,10.0,17.0,2.2,Irregular,4,Other,Office,Prefer not to say,25-34,Moderate,68
2912,8.7,7.2,33.0,1.4,Irregular,4,Self-employed,Remote,Unmarried,25-34,Low,85
2913,6.4,10.2,63.0,2.7,Regular,3,Software/IT,Office,Married,45-54,Low,82
2914,3.7,13.5,37.0,2.7,Regular,3,Other,Office,Married,18-24,High,55
2915,6.8,4.9,50.0,2.2,Regular,4,Healthcare,Office,Married,35-44,Low,95
2916,8.7,6.7,0.0,1.6,Slightly irregular,5,Other,Hybrid,Married,25-34,Low,79
2917,8.3,8.1,22.0,1.7,Slightly irregular,3,Software/IT,Office,Unmarried,25-34,Low,83
2918,8.6,7.6,52.0,2.2,Regular,4,Self-employed,Hybrid,Married,35-44,Low,96
2919,5.2,7.8,5.0,1.1,Irregular,3,Teacher,Office,Married,18-24,High,56
2920,7.5,5.6,46.0,2.9,Slightly irregular,3,Software/IT,Hybrid,Unmarried,18-24,Low,88
2921,5.5,11.8,41.0,3.2,Slightly irregular,1,Other,Hybrid,Unmarried,25-34,High,60
2922,6.7,5.3,31.0,1.8,Regular,2,Teacher,Office,Unmarried,25-34,Low,86
2923,4.9,8.1,18.0,2.2,Regular,2,Software/IT,Remote,Married,45-54,Moderate,69
2924,5.6,11.0,3.0,2.8,Slightly irregular,1,Other,Office,Unmarried,35-44,High,49
2925,5.6,8.5,64.0,3.4,Regular,2,Healthcare,Remote,Married,45-54,Moderate,78
2926,7.5,6.3,39.0,3.1,Slightly irregular,4,Banking/Finance,Office,Married,45-54,Low,92
2927,7.4,5.5,32.0,0.8,Regular,3,Other,Hybrid,Married,18-24,Low,86
2928,6.7,8.1,16.0,1.8,Regular,3,Healthcare,Office,Unmarried,45-54,Low,82
2929,4.8,6.9,26.0,2.4,Regular,1,Software/IT,Remote,Married,55+,Moderate,69
2930,6.0,9.1,29.0,1.7,Slightly irregular,3,Government,Hybrid,Unmarried,25-34,Moderate,77
2931,,5.4,34.0,3.2,Regular,3,Government,Remote,Married,35-44,Low,83
2932,7.4,10.5,41.0,,Irregular,2,Software/IT,Office,Unmarried,25-34,Moderate,73
2933,7.8,8.9,8.0,1.4,Regular,3,Banking/Finance,Remote,Married,18-24,Moderate,76
2934,7.7,9.0,0.0,1.9,Irregular,2,Teacher,Hybrid,Unmarried,25-34,High,62
2935,5.5,11.9,27.0,1.5,Regular,3,Software/IT,Remote,Unmarried,18-24,High,67
2936,3.5,7.6,0.0,1.9,Regular,2,Teacher,Office,Unmarried,25-34,High,51
2937,4.3,6.9,18.0,1.8,Irregular,2,Other,Hybrid,Unmarried,35-44,High,57
2938,8.1,7.3,14.0,2.7,Slightly irregular,3,Teacher,Hybrid,Unmarried,18-24,Low,80
2939,5.9,8.2,36.0,1.4,Slightly irregular,3,Teacher,Remote,Married,25-34,Moderate,78
2940,5.5,8.4,69.0,0.3,Slightly irregular,3,Other,Hybrid,Unmarried,18-24,Moderate,69
2941,8.4,6.7,0.0,0.9,Regular,3,Teacher,Remote,Unmarried,55+,Moderate,72
2942,7.9,3.9,75.0,1.3,Slightly irregular,3,Other,Hybrid,Married,35-44,Low,85
2943,6.4,7.3,20.0,1.5,Regular,3,Other,Remote,Married,18-24,Low,81
2944,6.0,9.4,33.0,2.1,Slightly irregular,3,Healthcare,Office,Married,45-54,Moderate,78
2945,6.2,8.9,0.0,1.2,Irregular,5,Teacher,Hybrid,Married,45-54,Moderate,65
2946,6.7,11.4,47.0,1.2,Irregular,3,Software/IT,Office,Prefer not to say,35-44,Moderate,68
2947,8.3,13.1,26.0,1.3,Slightly irregular,4,Software/IT,Hybrid,Unmarried,45-54,Moderate,71
2948,6.9,10.3,24.0,1.2,Slightly irregular,4,Teacher,Hybrid,Unmarried,25-34,Moderate,77
2949,7.3,11.8,0.0,1.6,Slightly irregular,4,Healthcare,Office,Married,25-34,Moderate,63
2950,7.8,10.4,27.0,1.6,Regular,3,Teacher,Office,Married,45-54,Low,82
2951,5.0,12.5,44.0,,Irregular,4,Self-employed,Office,Married,45-54,High,62
2952,7.3,12.9,20.0,1.3,Slightly irregular,3,Teacher,Office,Married,25-34,High,65
2953,6.0,10.8,51.0,1.7,Regular,5,Healthcare,Remote,Unmarried,35-44,Low,84
2954,3.5,10.2,50.0,1.6,Slightly irregular,2,Software/IT,Office,Unmarried,35-44,High,54
2955,3.8,8.1,11.0,2.6,Regular,1,Teacher,Hybrid,Married,25-34,High,55
2956,5.2,8.5,60.0,1.9,Irregular,2,Self-employed,Office,Married,35-44,Moderate,67
2957,7.0,7.8,26.0,,Irregular,4,Government,Office,Unmarried,18-24,Low,86
2958,6.5,10.0,26.0,1.2,Regular,3,Healthcare,Hybrid,Married,25-34,Moderate,77
2959,6.6,6.9,27.0,2.0,Regular,3,Banking/Finance,Hybrid,Married,25-34,Low,88
2960,8.7,8.2,27.0,1.6,Slightly irregular,4,Healthcare,Office,Married,18-24,Low,88
2961,4.9,3.2,0.0,1.1,Regular,2,Other,Remote,Married,25-34,High,56
2962,6.4,12.6,21.0,2.0,Irregular,3,Healthcare,Hybrid,Unmarried,25-34,High,62
2963,6.8,8.1,0.0,3.2,Regular,2,Government,Office,Unmarried,25-34,Moderate,72
2964,5.5,9.6,61.0,1.4,Regular,4,Software/IT,Hybrid,Unmarried,18-24,Moderate,79
2965,6.4,12.0,60.0,1.9,Regular,2,Healthcare,Hybrid,Married,25-34,Moderate,72
2966,4.5,9.3,44.0,1.1,Slightly irregular,3,Healthcare,Office,Prefer not to say,25-34,High,64
2967,8.1,11.9,20.0,1.0,Slightly irregular,4,Software/IT,Office,Unmarried,18-24,Moderate,70
2968,5.6,5.7,3.0,1.4,Irregular,3,Banking/Finance,Hybrid,Unmarried,35-44,High,59
2969,8.8,14.0,11.0,1.7,Irregular,3,Banking/Finance,Office,Married,35-44,High,55
2970,6.4,11.1,68.0,1.7,Slightly irregular,2,Software/IT,Remote,Unmarried,25-34,Moderate,70
2971,7.6,9.1,10.0,1.8,Regular,4,Other,Remote,Unmarried,35-44,Low,82
2972,6.3,11.9,0.0,0.8,Regular,2,Software/IT,Remote,Unmarried,25-34,High,51
2973,6.4,5.9,48.0,1.6,Irregular,1,Other,Hybrid,Married,18-24,Moderate,71
2974,5.7,7.9,58.0,2.4,Regular,3,Healthcare,Office,Married,25-34,Low,84
2975,6.5,11.9,62.0,1.0,Irregular,2,Teacher,Remote,Unmarried,35-44,High,60
2976,6.8,4.3,48.0,1.8,Irregular,4,Software/IT,Hybrid,Married,35-44,Low,86
2977,5.5,9.9,51.0,2.2,Slightly irregular,2,Government,Office,Unmarried,35-44,Moderate,69
2978,6.2,9.8,26.0,1.5,Slightly irregular,3,Government,Office,Unmarried,45-54,Moderate,73
2979,5.7,13.1,0.0,2.2,Irregular,3,Government,Office,Unmarried,25-34,High,45
2980,9.2,5.0,26.0,0.9,Slightly irregular,3,Healthcare,Office,Married,45-54,Low,80
2981,6.3,12.3,39.0,2.6,Slightly irregular,2,Software/IT,Office,Unmarried,35-44,High,67
2982,8.3,7.3,22.0,2.3,Regular,3,Self-employed,Office,Married,35-44,Low,88
2983,6.2,7.6,21.0,2.0,Slightly irregular,2,Other,Office,Unmarried,25-34,Moderate,75
2984,6.7,5.8,4.0,2.8,Regular,4,Healthcare,Office,Married,25-34,Low,81
2985,4.8,6.1,3.0,1.8,Irregular,2,Self-employed,Office,Married,18-24,High,52
2986,5.9,9.5,65.0,1.6,Slightly irregular,1,Banking/Finance,Remote,Married,18-24,Moderate,67
2987,6.7,6.0,66.0,3.0,Slightly irregular,3,Healthcare,Hybrid,Unmarried,25-34,Low,87
2988,8.3,10.3,25.0,3.3,Regular,4,Banking/Finance,Hybrid,Unmarried,25-34,Low,87
2989,6.7,7.1,31.0,1.5,Irregular,3,Software/IT,Remote,Married,18-24,Low,80
2990,8.1,5.8,3.0,1.9,Regular,4,Software/IT,Hybrid,Married,18-24,Low,82
2991,7.2,7.4,39.0,2.7,Slightly irregular,4,Government,Remote,Unmarried,55+,Low,92
2992,8.4,9.4,64.0,1.9,Regular,5,Other,Hybrid,Married,25-34,Low,95
2993,6.3,8.0,0.0,2.4,Irregular,4,Healthcare,Office,Married,55+,Moderate,69
2994,9.3,8.7,35.0,2.5,Slightly irregular,2,Software/IT,Hybrid,Unmarried,35-44,Moderate,81
2995,5.8,10.2,37.0,,Slightly irregular,2,Software/IT,Office,Married,25-34,Moderate,68
2996,5.5,11.1,37.0,2.3,Regular,2,Healthcare,Office,Married,18-24,Moderate,70
2997,4.9,7.9,61.0,2.0,Regular,3,Banking/Finance,Office,Married,25-34,Low,79
2998,9.2,6.2,70.0,1.1,Regular,3,Software/IT,Remote,Unmarried,25-34,Low,87
2999,7.4,8.8,20.0,1.3,Regular,3,Software/IT,Office,Unmarried,25-34,Low,82
3000,6.0,9.7,40.0,1.5,Slightly irregular,2,Government,Remote,Married,45-54,Moderate,71
3001,7.9,5.2,27.0,2.6,Slightly irregular,3,Software/IT,Office,Married,25-34,Low,87
3002,7.2,6.6,11.0,2.7,Regular,3,Healthcare,Remote,Married,25-34,Low,83
3003,8.8,6.9,31.0,2.5,Slightly irregular,3,Government,Remote,Married,25-34,Low,88
3004,4.5,8.1,40.0,2.3,Regular,1,Software/IT,Hybrid,Married,35-44,Moderate,69
3005,6.1,6.8,30.0,2.3,Regular,4,Healthcare,Office,Married,55+,Low,91
3006,5.8,10.2,6.0,2.2,Irregular,3,Software/IT,Office,Unmarried,25-34,High,58
3007,4.0,4.9,15.0,2.3,Regular,1,Teacher,Office,Married,25-34,High,59
3008,7.7,5.0,15.0,2.3,Slightly irregular,3,Other,Office,Prefer not to say,55+,Low,81
3009,6.1,7.8,6.0,1.0,Irregular,1,Government,Hybrid,Prefer not to say,55+,High,54
3010,7.3,8.2,32.0,1.4,Slightly irregular,4,Software/IT,Office,Married,35-44,Low,89
3011,9.2,5.3,34.0,1.3,Slightly irregular,5,Software/IT,Hybrid,Unmarried,35-44,Low,91
3012,6.0,7.2,47.0,2.8,Slightly irregular,3,Teacher,Office,Unmarried,25-34,Low,82
3013,5.9,7.7,6.0,3.2,Irregular,2,Other,Office,Married,35-44,High,62
3014,6.5,7.7,12.0,0.5,Irregular,2,Government,Hybrid,Married,25-34,High,61
3015,7.6,8.9,59.0,3.1,Regular,3,Banking/Finance,Hybrid,Prefer not to say,35-44,Low,90
3016,5.7,7.1,21.0,2.1,Slightly irregular,3,Software/IT,Office,Married,45-54,Moderate,76
3017,5.6,12.0,26.0,2.7,Irregular,4,Other,Office,Unmarried,25-34,High,65
3018,7.7,9.7,21.0,2.4,Irregular,4,Self-employed,Office,Unmarried,35-44,Low,78
3019,6.9,6.7,50.0,3.0,Regular,4,Teacher,Office,Married,35-44,Low,96
3020,3.9,8.8,51.0,2.1,Regular,2,Healthcare,Office,Unmarried,25-34,High,67
3021,4.9,8.9,49.0,1.0,Slightly irregular,1,Healthcare,Hybrid,Unmarried,35-44,High,60
3022,8.2,11.4,26.0,1.9,Regular,3,Banking/Finance,Hybrid,Married,35-44,Moderate,79
3023,6.9,7.2,6.0,2.4,Slightly irregular,3,Teacher,Office,Married,18-24,Moderate,76
3024,5.5,10.4,67.0,1.8,Slightly irregular,2,Software/IT,Remote,Married,25-34,High,67
3025,6.2,8.7,44.0,2.5,Regular,3,Government,Office,Unmarried,18-24,Low,85
3026,6.4,12.0,15.0,2.0,Regular,4,Government,Hybrid,Unmarried,18-24,Moderate,72
3027,7.3,11.6,56.0,1.6,Irregular,4,Healthcare,Office,Unmarried,25-34,Moderate,75
3028,4.8,9.1,13.0,1.2,Irregular,3,Healthcare,Hybrid,Unmarried,35-44,High,55
3029,5.4,8.0,56.0,1.7,Irregular,1,Software/IT,Office,Prefer not to say,25-34,High,66
3030,6.7,9.8,58.0,,Irregular,4,Healthcare,Hybrid,Married,35-44,Low,81
3031,6.3,8.2,5.0,0.6,Irregular,1,Self-employed,Hybrid,Unmarried,25-34,High,52
3032,7.1,12.5,38.0,1.5,Slightly irregular,3,Banking/Finance,Remote,Married,45-54,Moderate,72
3033,4.9,8.8,42.0,0.6,Regular,3,Other,Office,Married,25-34,Moderate,70
3034,6.8,7.7,83.0,1.6,Irregular,3,Government,Hybrid,Married,35-44,Low,81
3035,7.7,7.5,9.0,2.8,Slightly irregular,2,Self-employed,Hybrid,Married,18-24,Moderate,74
3036,7.0,5.8,57.0,1.2,Regular,2,Healthcare,Office,Unmarried,45-54,Low,85
3037,6.6,9.9,25.0,2.5,Irregular,3,Software/IT,Hybrid,Married,25-34,Moderate,74
3038,6.3,6.7,0.0,4.0,Regular,3,Other,Hybrid,Unmarried,55+,Moderate,73
3039,5.4,11.1,22.0,3.0,Irregular,2,Banking/Finance,Hybrid,Married,25-34,High,57
3040,6.3,5.6,25.0,2.1,Slightly irregular,3,Other,Hybrid,Married,45-54,Low,82
3041,7.9,8.9,2.0,2.6,Regular,2,Banking/Finance,Hybrid,Unmarried,25-34,Moderate,72
3042,6.3,11.2,32.0,1.0,Irregular,3,Healthcare,Hybrid,Unmarried,18-24,High,65
3043,5.3,3.6,46.0,0.9,Slightly irregular,2,Software/IT,Remote,Married,35-44,Moderate,69
3044,5.8,13.2,30.0,2.0,Slightly irregular,3,Healthcare,Hybrid,Married,25-34,High,65
3045,6.6,7.6,13.0,2.3,Slightly irregular,3,Banking/Finance,Hybrid,Married,35-44,Low,78
3046,6.0,8.9,22.0,2.8,Regular,4,Other,Hybrid,Prefer not to say,25-34,Low,83
3047,7.0,9.9,25.0,1.6,Regular,3,Self-employed,Hybrid,Married,35-44,Low,82
3048,7.0,10.3,30.0,2.1,Regular,3,Healthcare,Hybrid,Married,25-34,Low,85
3049,7.5,9.2,49.0,2.1,Regular,4,Healthcare,Hybrid,Unmarried,35-44,Low,92
3050,8.1,10.9,31.0,1.9,Regular,5,Software/IT,Office,Unmarried,35-44,Low,90
3051,7.6,9.8,0.0,1.9,Slightly irregular,4,Teacher,Hybrid,Married,35-44,Moderate,71
3052,5.3,12.7,13.0,1.4,Regular,3,Other,Office,Unmarried,35-44,High,56
3053,5.3,9.8,29.0,2.2,Slightly irregular,2,Government,Hybrid,Married,35-44,High,68
3054,6.3,13.1,50.0,2.1,Regular,2,Healthcare,Hybrid,Unmarried,35-44,Moderate,68
3055,5.9,10.7,54.0,1.7,Regular,3,Other,Office,Married,35-44,Moderate,76
3056,5.0,4.4,64.0,2.5,Irregular,2,Software/IT,Remote,Unmarried,25-34,High,68
3057,5.9,14.0,28.0,2.7,Irregular,3,Other,Office,Unmarried,25-34,High,58
3058,5.8,7.3,42.0,2.5,Irregular,4,Government,Hybrid,Prefer not to say,35-44,Low,81
3059,5.6,12.0,0.0,1.3,Regular,3,Software/IT,Remote,Unmarried,35-44,High,53
3060,6.0,8.7,34.0,2.1,Slightly irregular,2,Government,Hybrid,Unmarried,45-54,Moderate,76
3061,7.8,11.0,1.0,1.4,Regular,5,Software/IT,Office,Unmarried,55+,Moderate,73
3062,6.6,7.0,24.0,2.1,Slightly irregular,5,Banking/Finance,Remote,Unmarried,45-54,Low,90
3063,9.4,10.0,92.0,1.4,Irregular,4,Teacher,Hybrid,Married,35-44,Low,76
3064,6.6,8.0,32.0,2.9,Regular,4,Software/IT,Office,Unmarried,35-44,Low,94
3065,6.1,12.2,6.0,2.5,Irregular,3,Banking/Finance,Hybrid,Married,25-34,High,54
3066,6.4,9.6,34.0,2.8,Slightly irregular,4,Healthcare,Remote,Unmarried,18-24,Low,84
3067,6.7,10.8,14.0,2.7,Regular,3,Software/IT,Remote,Unmarried,35-44,Low,74
3068,6.9,3.6,4.0,1.8,Regular,2,Self-employed,Office,Unmarried,35-44,Moderate,74
3069,8.9,8.4,71.0,1.7,Irregular,5,Teacher,Hybrid,Unmarried,18-24,Low,89
3070,5.4,9.5,48.0,3.2,Slightly irregular,1,Banking/Finance,Office,Unmarried,45-54,High,66
3071,7.4,9.1,33.0,1.9,Regular,4,Banking/Finance,Office,Unmarried,45-54,Low,92
3072,6.6,10.8,16.0,1.1,Regular,3,Software/IT,Remote,Unmarried,25-34,Moderate,70
3073,4.5,7.8,18.0,2.7,Irregular,3,Other,Remote,Married,18-24,High,63
3074,7.3,8.7,59.0,2.1,Regular,3,Healthcare,Remote,Unmarried,45-54,Low,90
3075,7.9,11.3,32.0,3.1,Irregular,3,Software/IT,Hybrid,Unmarried,18-24,Moderate,74
3076,5.4,3.4,0.0,2.2,Slightly irregular,3,Healthcare,Remote,Unmarried,25-34,Moderate,64
3077,6.4,10.0,78.0,2.0,Regular,3,Banking/Finance,Hybrid,Married,35-44,Low,82
3078,4.3,7.8,29.0,3.1,Regular,2,Software/IT,Office,Married,45-54,Moderate,71
3079,4.9,6.5,33.0,0.9,Slightly irregular,2,Teacher,Remote,Unmarried,35-44,High,66
3080,7.7,9.4,49.0,1.6,Regular,2,Healthcare,Office,Unmarried,35-44,Low,82
3081,5.8,11.4,35.0,1.4,Regular,5,Government,Office,Married,45-54,High,79
3082,5.1,11.0,41.0,0.5,Regular,3,Teacher,Hybrid,Unmarried,35-44,High,64
3083,6.7,8.3,16.0,2.6,Irregular,3,Healthcare,Office,Married,35-44,Moderate,75
3084,5.8,10.6,0.0,1.6,Slightly irregular,2,Teacher,Office,Unmarried,25-34,High,52
3085,5.8,10.6,31.0,2.6,Slightly irregular,2,Teacher,Hybrid,Unmarried,25-34,High,69
3086,7.3,8.4,56.0,2.3,Regular,4,Government,Hybrid,Unmarried,25-34,Low,95
3087,5.0,7.0,11.0,2.4,Slightly irregular,2,Teacher,Remote,Prefer not to say,18-24,Moderate,63
3088,5.3,7.1,9.0,,Slightly irregular,3,Teacher,Hybrid,Unmarried,25-34,Moderate,66
3089,6.6,10.5,52.0,1.5,Regular,2,Teacher,Office,Married,25-34,Moderate,76
3090,7.6,8.5,15.0,2.1,Irregular,5,Banking/Finance,Hybrid,Unmarried,18-24,Low,83
3091,7.9,6.2,16.0,2.6,Irregular,4,Banking/Finance,Hybrid,Married,35-44,Low,81
3092,5.6,4.7,17.0,2.0,Regular,3,Healthcare,Office,Married,25-34,Low,77
3093,7.5,10.5,24.0,1.5,Irregular,4,Banking/Finance,Office,Married,25-34,Low,75
3094,5.5,7.3,0.0,1.2,Slightly irregular,3,Banking/Finance,Remote,Unmarried,35-44,Moderate,60
3095,8.6,9.4,13.0,2.1,Slightly irregular,2,Software/IT,Hybrid,Unmarried,45-54,Low,72
3096,5.0,11.5,30.0,1.6,Regular,4,Teacher,Remote,Unmarried,35-44,Moderate,71
3097,8.0,5.6,30.0,1.9,Irregular,4,Teacher,Office,Unmarried,25-34,Low,88
3098,5.6,8.5,50.0,1.8,Slightly irregular,2,Self-employed,Hybrid,Unmarried,35-44,Moderate,73
3099,8.8,8.2,65.0,1.7,Irregular,3,Teacher,Remote,Unmarried,35-44,Low,82
3100,7.1,9.5,58.0,2.2,Regular,4,Teacher,Office,Unmarried,25-34,Low,92
3101,5.2,11.5,45.0,2.4,Regular,3,Healthcare,Hybrid,Married,18-24,Moderate,70
3102,5.8,5.5,,3.4,Irregular,3,Banking/Finance,Remote,Unmarried,25-34,Moderate,73
3103,7.3,9.9,11.0,2.5,Slightly irregular,3,Self-employed,Office,Married,25-34,Moderate,73
3104,7.7,11.0,25.0,3.1,Regular,2,Teacher,Office,Married,25-34,Moderate,77
3105,6.3,8.2,38.0,1.4,Irregular,3,Teacher,Remote,Married,25-34,Moderate,76
3106,6.5,8.3,43.0,0.9,Regular,3,Banking/Finance,Office,Married,25-34,Low,83
3107,7.3,9.6,39.0,2.0,Irregular,3,Government,Remote,Prefer not to say,25-34,Moderate,80
3108,6.6,9.4,22.0,2.6,Irregular,5,Other,Remote,Married,35-44,Low,81
3109,4.8,9.9,42.0,2.5,Regular,3,Banking/Finance,Hybrid,Unmarried,55+,Moderate,73
3110,5.4,9.9,53.0,2.8,Slightly irregular,3,Healthcare,Remote,Married,18-24,High,73
3111,6.7,6.3,44.0,0.3,Irregular,5,Software/IT,Hybrid,Unmarried,35-44,Low,82
3112,7.9,10.9,24.0,2.9,Irregular,4,Other,Hybrid,Married,25-34,Moderate,76
3113,8.3,11.3,,2.2,Slightly irregular,4,Government,Remote,Prefer not to say,35-44,Moderate,70
3114,7.3,9.0,6.0,0.9,Slightly irregular,3,Software/IT,Office,Married,35-44,Moderate,68
3115,6.7,5.2,10.0,2.5,Slightly irregular,3,Healthcare,Hybrid,Unmarried,35-44,Low,77
3116,7.3,8.3,31.0,2.1,Regular,1,Banking/Finance,Hybrid,Prefer not to say,35-44,Low,84
3117,5.6,9.0,36.0,2.3,Slightly irregular,3,Software/IT,Hybrid,Unmarried,35-44,Moderate,77
3118,6.2,6.0,0.0,2.7,Regular,2,Government,Office,Unmarried,35-44,Moderate,69
3119,5.4,7.8,14.0,2.3,Regular,3,Banking/Finance,Remote,Married,18-24,Low,74
3120,4.9,5.4,30.0,1.0,Regular,2,Teacher,Remote,Married,25-34,High,71
3121,6.8,10.0,5.0,1.9,Irregular,3,Other,Office,Married,45-54,High,64
3122,6.6,9.0,35.0,0.9,Regular,3,Other,Remote,Married,35-44,Low,81
3123,7.2,4.8,18.0,2.5,Regular,4,Teacher,Office,Married,18-24,Low,90
3124,7.1,9.4,9.0,3.0,Regular,4,Healthcare,Hybrid,Unmarried,55+,Low,81
3125,6.7,8.5,26.0,1.1,Regular,3,Other,Office,Prefer not to say,55+,Low,83
3126,7.1,9.8,34.0,1.5,Irregular,2,Healthcare,Remote,Unmarried,25-34,Moderate,73
3127,6.3,7.7,6.0,1.4,Regular,4,Other,Office,Unmarried,35-44,Moderate,77
3128,6.9,6.8,20.0,1.7,Regular,2,Software/IT,Hybrid,Unmarried,25-34,Low,82
3129,5.5,6.8,35.0,2.3,Irregular,1,Government,Remote,Married,25-34,Moderate,68
3130,6.8,7.4,8.0,1.7,Regular,4,Banking/Finance,Office,Unmarried,55+,Low,82
3131,7.2,8.6,0.0,2.5,Slightly irregular,4,Teacher,Remote,Married,25-34,Moderate,75
3132,5.6,8.9,0.0,2.7,Irregular,2,Government,Hybrid,Married,25-34,High,54
3133,6.5,8.2,16.0,2.8,Slightly irregular,3,Software/IT,Hybrid,Unmarried,45-54,Low,78
3134,5.7,7.6,0.0,1.2,Regular,2,Teacher,Remote,Married,25-34,High,62
3135,5.8,7.8,17.0,3.0,Slightly irregular,3,Teacher,Remote,Married,55+,Moderate,74
3136,5.1,14.0,62.0,3.0,Slightly irregular,4,Software/IT,Hybrid,Married,25-34,High,62
3137,7.9,6.8,0.0,3.1,Slightly irregular,3,Software/IT,Hybrid,Unmarried,18-24,Moderate,74
3138,7.7,7.3,19.0,1.9,Regular,2,Teacher,Hybrid,Married,55+,Low,83
3139,7.0,14.0,72.0,1.5,Irregular,2,Software/IT,Office,Unmarried,25-34,High,60
3140,8.8,9.6,34.0,1.3,Slightly irregular,4,Software/IT,Hybrid,Married,35-44,Low,84
3141,6.2,5.4,17.0,1.2,Slightly irregular,2,Software/IT,Hybrid,Unmarried,18-24,Moderate,69
3142,10.0,10.5,22.0,2.0,Irregular,4,Self-employed,Hybrid,Unmarried,35-44,Moderate,70
3143,6.1,6.5,34.0,2.6,Irregular,4,Software/IT,Hybrid,Married,25-34,Low,83
3144,6.7,10.7,62.0,2.9,Slightly irregular,3,Government,Remote,Unmarried,35-44,Low,78
3145,5.9,8.1,13.0,1.7,Regular,3,Software/IT,Hybrid,Married,55+,Low,75
3146,6.8,7.6,8.0,2.0,Regular,4,Software/IT,Remote,Married,18-24,Low,84
3147,7.4,12.3,0.0,1.9,Slightly irregular,3,Healthcare,Office,Married,25-34,High,60
3148,6.3,9.9,27.0,1.6,Regular,2,Teacher,Remote,Married,35-44,Low,75
3149,8.5,10.8,0.0,2.5,Slightly irregular,3,Banking/Finance,Remote,Prefer not to say,55+,High,65
3150,6.7,9.6,15.0,2.3,Slightly irregular,4,Government,Hybrid,Unmarried,25-34,Low,78
3151,6.7,7.6,5.0,2.1,Slightly irregular,4,Teacher,Hybrid,Unmarried,55+,Low,78
3152,5.3,10.0,49.0,2.3,Regular,3,Software/IT,Office,Married,45-54,Moderate,76
3153,6.9,11.4,14.0,2.4,Irregular,2,Self-employed,Office,Unmarried,35-44,High,62
3154,6.2,8.9,34.0,2.4,Slightly irregular,4,Software/IT,Office,Unmarried,25-34,Low,84
3155,5.7,12.7,0.0,1.4,Slightly irregular,1,Self-employed,Hybrid,Married,35-44,High,40
3156,5.5,10.6,28.0,2.6,Slightly irregular,3,Banking/Finance,Remote,Unmarried,35-44,Moderate,70
3157,9.6,9.1,0.0,2.2,Regular,4,Teacher,Office,Unmarried,35-44,Low,74
3158,6.1,9.2,16.0,1.7,Slightly irregular,4,Teacher,Office,Unmarried,25-34,Moderate,74
3159,4.7,8.9,74.0,2.2,Regular,4,Teacher,Remote,Unmarried,35-44,Moderate,79
3160,5.6,5.7,46.0,2.2,Slightly irregular,2,Banking/Finance,Remote,Married,45-54,Moderate,76
3161,6.3,8.4,22.0,2.8,Regular,3,Other,Hybrid,Unmarried,25-34,Low,83
3162,7.1,9.1,95.0,1.3,Regular,3,Teacher,Hybrid,Unmarried,35-44,Low,86
3163,7.1,7.6,5.0,2.9,Regular,3,Other,Hybrid,Unmarried,25-34,Low,80
3164,7.2,9.4,51.0,2.0,Regular,4,Software/IT,Remote,Married,25-34,Low,92
3165,5.6,8.6,0.0,1.6,Irregular,2,Software/IT,Office,Married,18-24,High,53
3166,6.8,10.4,20.0,1.6,Irregular,3,Healthcare,Hybrid,Married,25-34,Moderate,69
3167,5.3,10.1,0.0,1.3,Regular,3,Other,Office,Married,35-44,High,57
3168,5.7,9.0,31.0,0.8,Regular,4,Healthcare,Remote,Unmarried,35-44,Moderate,79
3169,5.3,5.5,26.0,2.5,Slightly irregular,3,Self-employed,Office,Prefer not to say,18-24,Moderate,76
3170,5.0,12.7,18.0,3.4,Regular,3,Healthcare,Office,Unmarried,25-34,High,59
3171,7.7,8.3,49.0,0.9,Slightly irregular,2,Self-employed,Remote,Married,35-44,Low,78
3172,7.2,8.4,13.0,1.3,Regular,5,Self-employed,Hybrid,Unmarried,18-24,Low,87
3173,7.6,7.8,32.0,2.5,Slightly irregular,4,Government,Remote,Married,55+,Low,92
3174,6.4,7.5,43.0,2.0,Irregular,3,Banking/Finance,Hybrid,Married,35-44,Low,81
3175,7.3,12.2,0.0,2.6,Regular,3,Healthcare,Office,Married,45-54,High,64
3176,4.3,11.8,9.0,1.9,Irregular,3,Other,Office,Unmarried,35-44,High,45
3177,7.4,9.6,26.0,1.6,Irregular,4,Banking/Finance,Office,Unmarried,55+,Low,79
3178,6.6,8.4,39.0,1.8,Irregular,4,Teacher,Remote,Unmarried,35-44,Low,84
3179,7.2,10.0,56.0,0.3,Slightly irregular,5,Other,Office,Married,25-34,Low,81
3180,,8.8,20.0,1.2,Irregular,3,Government,Office,Married,35-44,Moderate,72
3181,5.2,8.2,18.0,2.7,Slightly irregular,4,Banking/Finance,Remote,Unmarried,25-34,Moderate,74
3182,4.6,9.4,6.0,2.8,Irregular,3,Government,Office,Unmarried,35-44,High,53
3183,5.5,7.6,32.0,3.0,Regular,3,Teacher,Remote,Unmarried,25-34,Low,83
3184,7.1,9.2,18.0,2.3,Slightly irregular,2,Healthcare,Remote,Married,35-44,Moderate,75
3185,7.2,9.1,19.0,0.4,Slightly irregular,3,Software/IT,Office,Married,35-44,Moderate,72
3186,4.8,10.0,23.0,1.6,Regular,4,Self-employed,Remote,Unmarried,45-54,Moderate,71
3187,5.2,7.2,37.0,2.9,Regular,2,Government,Remote,Unmarried,25-34,Moderate,78
3188,5.5,10.2,13.0,3.1,Regular,3,Self-employed,Remote,Unmarried,55+,Moderate,68
3189,6.0,6.5,8.0,3.0,Regular,3,Teacher,Office,Unmarried,35-44,Moderate,75
3190,4.8,7.3,34.0,1.8,Regular,3,Other,Remote,Unmarried,25-34,Moderate,78
3191,4.7,7.4,0.0,1.1,Regular,2,Teacher,Hybrid,Unmarried,18-24,High,55
3192,5.4,6.1,12.0,2.0,Regular,2,Teacher,Remote,Married,25-34,Moderate,70
3193,6.5,10.9,0.0,2.0,Slightly irregular,3,Other,Hybrid,Unmarried,18-24,High,61
3194,5.0,6.4,51.0,3.1,Regular,2,Banking/Finance,Hybrid,Married,35-44,Moderate,76
3195,6.3,7.0,15.0,2.2,Regular,1,Other,Office,Unmarried,18-24,Moderate,73
3196,7.7,11.5,13.0,2.0,Regular,5,Banking/Finance,Office,Unmarried,25-34,Low,81
3197,4.8,7.3,24.0,2.1,Regular,3,Teacher,Office,Married,35-44,Moderate,76
3198,6.2,8.2,12.0,2.3,Regular,5,Healthcare,Office,Married,25-34,Low,85
3199,7.6,6.3,16.0,2.4,Irregular,4,Self-employed,Hybrid,Married,45-54,Low,81
3200,5.9,10.5,27.0,1.5,Regular,3,Healthcare,Remote,Unmarried,25-34,Moderate,74
3201,5.7,10.5,16.0,1.3,Regular,3,Government,Hybrid,Married,25-34,Moderate,66
3202,7.8,10.3,16.0,3.0,Slightly irregular,3,Software/IT,Hybrid,Unmarried,45-54,Moderate,74
3203,6.0,9.8,3.0,0.9,Irregular,3,Healthcare,Office,Married,25-34,High,54
3204,7.7,8.8,0.0,3.1,Slightly irregular,3,Self-employed,Remote,Married,25-34,Moderate,71
3205,6.9,7.4,26.0,0.7,Regular,2,Other,Office,Unmarried,45-54,Low,80
3206,6.0,6.7,32.0,1.6,Slightly irregular,3,Teacher,Hybrid,Unmarried,25-34,Moderate,80
3207,7.0,11.6,0.0,2.7,Slightly irregular,4,Software/IT,Hybrid,Married,45-54,Moderate,66
3208,6.8,10.4,42.0,2.0,Regular,2,Software/IT,Office,Married,45-54,Moderate,80
3209,7.6,7.0,42.0,1.1,Irregular,2,Software/IT,Remote,Married,25-34,Low,76
3210,5.7,8.7,46.0,2.3,Irregular,3,Self-employed,Remote,Married,35-44,Moderate,74
3211,6.4,7.9,32.0,2.0,Slightly irregular,3,Healthcare,Remote,Married,35-44,Low,85
3212,6.3,6.0,39.0,1.8,Regular,3,Teacher,Hybrid,Unmarried,55+,Low,87
3213,7.2,9.0,73.0,1.6,Slightly irregular,4,Self-employed,Hybrid,Unmarried,35-44,Low,87
3214,5.2,7.6,18.0,2.0,Irregular,3,Self-employed,Office,Married,35-44,Moderate,67
3215,7.6,6.4,2.0,1.6,Irregular,3,Teacher,Office,Unmarried,25-34,Moderate,68
3216,,5.2,0.0,3.7,Regular,4,Other,Office,Married,35-44,Low,81
3217,4.8,5.0,64.0,1.8,Regular,3,Healthcare,Office,Unmarried,35-44,Low,78
3218,7.8,7.7,64.0,1.7,Regular,3,Teacher,Hybrid,Unmarried,55+,Low,91
3219,9.1,8.4,5.0,1.6,Irregular,4,Other,Office,Unmarried,25-34,Moderate,72
3220,7.6,6.6,9.0,3.2,Slightly irregular,4,Software/IT,Hybrid,Married,18-24,Low,82
3221,8.1,10.1,18.0,0.9,Regular,3,Other,Remote,Unmarried,55+,Moderate,74
3222,,8.4,52.0,2.3,Regular,2,Banking/Finance,Office,Married,35-44,Low,84
3223,4.4,9.9,0.0,1.8,Regular,3,Other,Hybrid,Prefer not to say,18-24,High,54
3224,4.2,8.2,0.0,1.0,Irregular,3,Software/IT,Remote,Married,25-34,High,46
3225,6.7,6.8,73.0,1.4,Regular,1,Teacher,Office,Married,45-54,Low,80
3226,5.7,8.9,32.0,2.2,Regular,3,Other,Remote,Unmarried,55+,Moderate,82
3227,5.3,5.7,35.0,1.4,Slightly irregular,4,Self-employed,Remote,Unmarried,25-34,Moderate,79
3228,6.3,9.8,20.0,2.2,Slightly irregular,2,Other,Hybrid,Unmarried,35-44,Moderate,70
3229,7.1,6.4,35.0,3.2,Slightly irregular,3,Teacher,Hybrid,Unmarried,25-34,Low,88
3230,4.7,10.7,0.0,2.1,Irregular,2,Banking/Finance,Hybrid,Married,25-34,High,43
3231,5.9,7.8,6.0,1.0,Regular,4,Teacher,Remote,Married,35-44,Moderate,72
3232,8.2,11.0,27.0,1.4,Regular,4,Teacher,Hybrid,Unmarried,25-34,Moderate,82
3233,5.1,6.0,0.0,1.8,Regular,2,Healthcare,Remote,Married,25-34,High,61
3234,7.4,7.0,18.0,1.8,Slightly irregular,4,Government,Hybrid,Unmarried,25-34,Low,85
3235,5.8,9.5,17.0,2.1,Irregular,5,Healthcare,Hybrid,Married,18-24,Moderate,73
3236,7.1,11.3,18.0,2.2,Regular,3,Teacher,Remote,Married,25-34,Moderate,76
3237,7.7,12.4,13.0,3.2,Slightly irregular,3,Self-employed,Remote,Married,55+,Moderate,66
3238,7.3,8.7,3.0,2.0,Slightly irregular,4,Other,Hybrid,Unmarried,25-34,Low,77
3239,7.5,12.8,0.0,1.2,Irregular,3,Teacher,Hybrid,Married,35-44,High,50
3240,5.0,7.9,28.0,2.8,Slightly irregular,4,Self-employed,Office,Married,25-34,Moderate,79
3241,7.7,11.1,18.0,2.9,Regular,3,Other,Remote,Married,45-54,Moderate,77
3242,5.4,6.4,0.0,2.2,Slightly irregular,1,Teacher,Remote,Married,35-44,High,56
3243,6.7,9.6,26.0,1.8,Irregular,3,Government,Remote,Married,55+,Moderate,75
3244,6.7,3.2,19.0,2.4,Slightly irregular,4,Other,Office,Unmarried,25-34,Low,85
3245,7.0,6.0,15.0,1.9,Irregular,2,Government,Hybrid,Unmarried,35-44,Low,73
3246,6.8,9.7,0.0,0.6,Regular,3,Software/IT,Office,Married,25-34,Moderate,64
3247,5.4,5.6,40.0,2.4,Slightly irregular,3,Banking/Finance,Office,Married,18-24,Moderate,78
3248,4.8,9.6,0.0,2.6,Regular,1,Self-employed,Remote,Married,35-44,High,51
3249,7.4,10.7,26.0,3.0,Regular,3,Banking/Finance,Hybrid,Married,35-44,Low,82
3250,6.6,7.4,7.0,1.5,Regular,3,Software/IT,Office,Married,25-34,Low,76
3251,7.8,6.4,16.0,2.2,Regular,4,Software/IT,Hybrid,Unmarried,35-44,Low,89
3252,6.3,7.5,50.0,2.2,Regular,2,Self-employed,Hybrid,Married,35-44,Low,84
3253,4.7,6.4,37.0,2.1,Slightly irregular,3,Healthcare,Hybrid,Married,25-34,Moderate,74
3254,7.6,8.4,50.0,2.1,Irregular,3,Other,Hybrid,Unmarried,35-44,Low,83
3255,6.0,8.8,32.0,2.0,Regular,3,Healthcare,Office,Married,35-44,Low,84
3256,6.8,7.9,34.0,2.1,Regular,4,Self-employed,Remote,Unmarried,45-54,Low,95
3257,5.6,12.5,0.0,2.5,Regular,2,Software/IT,Remote,Unmarried,35-44,High,51
3258,8.4,6.9,18.0,2.9,Regular,4,Self-employed,Hybrid,Married,45-54,Low,90
3259,5.3,11.8,20.0,1.5,Regular,2,Self-employed,Office,Unmarried,25-34,High,59
3260,6.0,6.2,52.0,1.9,Slightly irregular,3,Teacher,Remote,Married,45-54,Low,82
3261,6.5,8.8,14.0,1.7,Irregular,3,Teacher,Office,Married,55+,Moderate,69
3262,5.1,11.3,31.0,1.6,Slightly irregular,5,Other,Remote,Unmarried,25-34,Moderate,72
3263,6.8,11.2,30.0,0.9,Slightly irregular,3,Self-employed,Office,Unmarried,25-34,High,72
3264,8.3,7.6,50.0,2.0,Slightly irregular,3,Banking/Finance,Hybrid,Married,45-54,Low,88
3265,5.8,9.9,22.0,2.3,Regular,2,Healthcare,Hybrid,Married,25-34,Moderate,71
3266,6.9,9.6,43.0,1.9,Regular,2,Other,Office,Unmarried,25-34,Low,83
3267,3.5,7.4,0.0,2.0,Regular,2,Government,Office,Unmarried,35-44,High,52
3268,6.4,10.0,0.0,2.3,Regular,4,Healthcare,Remote,Unmarried,45-54,Moderate,71
3269,6.0,12.9,0.0,3.0,Irregular,3,Healthcare,Office,Unmarried,25-34,High,48
3270,5.4,9.7,42.0,1.7,Slightly irregular,3,Software/IT,Hybrid,Unmarried,25-34,Moderate,72
3271,7.7,9.9,40.0,1.2,Slightly irregular,3,Self-employed,Office,Unmarried,25-34,Moderate,79
3272,6.0,10.1,45.0,1.9,Regular,2,Self-employed,Office,Married,25-34,Moderate,75
3273,6.2,5.2,10.0,3.3,Regular,2,Teacher,Office,Married,18-24,Low,74
3274,5.9,9.7,13.0,1.2,Irregular,2,Teacher,Hybrid,Unmarried,35-44,High,56
3275,4.1,6.3,22.0,2.5,Regular,1,Teacher,Office,Unmarried,45-54,High,63
3276,5.0,7.2,57.0,2.8,Slightly irregular,4,Software/IT,Office,Unmarried,55+,Low,80
3277,7.6,13.6,62.0,0.3,Regular,5,Other,Hybrid,Unmarried,55+,Low,74
3278,3.9,8.0,42.0,2.3,Regular,1,Government,Office,Unmarried,55+,High,66
3279,5.5,6.9,32.0,2.4,Regular,3,Healthcare,Hybrid,Married,18-24,Moderate,83
3280,5.9,11.3,54.0,1.8,Irregular,3,Software/IT,Remote,Unmarried,25-34,High,66
3281,8.5,6.4,19.0,1.5,Regular,4,Software/IT,Office,Unmarried,18-24,Low,88
3282,7.3,7.6,16.0,1.6,Slightly irregular,3,Government,Remote,Unmarried,35-44,Low,80
3283,5.7,11.5,22.0,1.8,Regular,4,Software/IT,Office,Unmarried,55+,Moderate,72
3284,8.0,8.7,3.0,1.8,Slightly irregular,4,Teacher,Hybrid,Unmarried,18-24,Low,76
3285,5.5,5.0,21.0,1.7,Slightly irregular,4,Other,Hybrid,Married,25-34,Moderate,77
3286,7.6,9.9,0.0,1.8,Slightly irregular,3,Banking/Finance,Office,Unmarried,35-44,Moderate,67
3287,4.8,7.7,48.0,2.8,Regular,1,Self-employed,Office,Unmarried,25-34,Moderate,71
3288,7.7,12.1,37.0,1.1,Regular,4,Software/IT,Office,Married,45-54,Moderate,79
3289,5.9,7.2,56.0,0.8,Irregular,2,Teacher,Remote,Unmarried,25-34,Moderate,68
3290,5.2,11.0,0.0,2.8,Slightly irregular,4,Other,Hybrid,Married,25-34,High,57
3291,6.1,12.7,67.0,1.9,Regular,1,Self-employed,Office,Married,55+,High,64
3292,6.7,6.6,0.0,1.7,Regular,3,Government,Office,Married,25-34,Moderate,74
3293,5.8,8.2,0.0,1.9,Regular,2,Banking/Finance,Office,Married,25-34,Moderate,65
3294,7.1,9.5,11.0,2.1,Slightly irregular,3,Teacher,Hybrid,Married,35-44,Low,74
3295,5.7,6.6,54.0,1.6,Regular,3,Banking/Finance,Hybrid,Married,25-34,Low,82
3296,7.1,9.2,30.0,2.4,Regular,4,Software/IT,Hybrid,Married,35-44,Low,92
3297,6.9,8.1,20.0,1.3,Regular,4,Software/IT,Hybrid,Married,25-34,Low,87
3298,6.3,8.0,8.0,1.8,Slightly irregular,4,Healthcare,Remote,Unmarried,25-34,Moderate,76
3299,5.9,8.7,0.0,0.4,Irregular,3,Software/IT,Remote,Unmarried,25-34,High,52
3300,6.6,8.8,50.0,2.8,Slightly irregular,5,Teacher,Office,Married,45-54,Low,91
3301,7.1,9.0,43.0,1.9,Slightly irregular,4,Software/IT,Hybrid,Prefer not to say,25-34,Low,89
3302,8.9,7.2,55.0,2.5,Slightly irregular,3,Teacher,Remote,Married,55+,Low,88
3303,7.5,7.3,34.0,2.3,Regular,3,Self-employed,Office,Unmarried,18-24,Low,92
3304,7.6,8.3,0.0,2.4,Slightly irregular,3,Other,Remote,Unmarried,45-54,Moderate,73
3305,10.0,8.5,0.0,2.0,Regular,4,Software/IT,Office,Unmarried,45-54,Low,73
3306,7.0,7.6,35.0,2.3,Regular,2,Teacher,Office,Unmarried,18-24,Low,89
3307,7.0,9.3,17.0,1.3,Slightly irregular,2,Self-employed,Office,Married,35-44,Moderate,71
3308,7.2,4.4,13.0,1.2,Regular,1,Software/IT,Office,Unmarried,35-44,Moderate,72
3309,5.2,6.9,1.0,1.9,Slightly irregular,2,Government,Office,Unmarried,35-44,High,58
3310,5.9,8.0,46.0,,Slightly irregular,4,Software/IT,Hybrid,Unmarried,45-54,Low,83
3311,5.8,6.6,35.0,3.0,Regular,3,Banking/Finance,Office,Married,18-24,Low,85
3312,7.2,12.3,36.0,2.3,Regular,3,Teacher,Office,Unmarried,45-54,Moderate,79
3313,6.2,8.6,11.0,1.5,Slightly irregular,3,Government,Hybrid,Unmarried,35-44,Moderate,70
3314,6.6,9.0,29.0,1.8,Slightly irregular,2,Healthcare,Office,Unmarried,25-34,Moderate,78
3315,7.7,7.5,0.0,2.1,Irregular,3,Software/IT,Remote,Unmarried,25-34,Moderate,70
3316,,8.6,22.0,2.0,Regular,4,Healthcare,Hybrid,Married,25-34,Low,90
3317,6.2,5.8,0.0,2.2,Irregular,3,Healthcare,Remote,Married,25-34,Moderate,64
3318,5.6,8.2,0.0,2.0,Regular,4,Other,Office,Unmarried,25-34,Moderate,72
3319,7.8,6.4,18.0,1.0,Regular,4,Healthcare,Hybrid,Unmarried,45-54,Low,85
3320,7.3,8.0,77.0,0.5,Slightly irregular,4,Software/IT,Remote,Married,25-34,Low,85
3321,4.5,2.7,0.0,1.7,Regular,2,Banking/Finance,Hybrid,Married,25-34,High,57
3322,6.0,6.0,0.0,,Regular,3,Teacher,Office,Unmarried,45-54,Moderate,71
3323,6.6,12.0,30.0,1.7,Regular,5,Other,Office,Married,45-54,Low,84
3324,7.3,10.5,64.0,2.9,Irregular,3,Self-employed,Remote,Unmarried,35-44,Moderate,77
3325,7.5,11.6,29.0,2.0,Irregular,3,Software/IT,Remote,Unmarried,18-24,Moderate,73
3326,6.7,11.8,40.0,3.0,Irregular,2,Banking/Finance,Office,Married,45-54,High,67
3327,7.1,10.1,18.0,2.8,Regular,3,Government,Hybrid,Unmarried,25-34,Moderate,80
3328,6.5,7.6,14.0,2.7,Slightly irregular,4,Teacher,Hybrid,Married,25-34,Low,81
3329,5.6,6.2,,1.2,Irregular,3,Banking/Finance,Office,Unmarried,45-54,Moderate,70
3330,6.1,11.2,,2.0,Regular,2,Healthcare,Office,Unmarried,18-24,Moderate,64
3331,6.4,8.7,41.0,2.9,Regular,3,Healthcare,Hybrid,Married,18-24,Low,87
3332,6.4,14.0,0.0,2.2,Regular,4,Banking/Finance,Hybrid,Married,35-44,High,59
3333,4.1,7.8,45.0,2.4,Slightly irregular,3,Banking/Finance,Remote,Prefer not to say,25-34,Moderate,70
3334,5.9,13.1,26.0,1.0,Slightly irregular,3,Government,Office,Married,25-34,High,59
3335,6.5,8.2,20.0,3.3,Regular,3,Healthcare,Office,Married,35-44,Low,84
3336,6.1,11.7,0.0,1.4,Regular,2,Government,Hybrid,Married,45-54,High,54
3337,,12.5,3.0,0.6,Slightly irregular,3,Healthcare,Office,Married,55+,High,48
3338,7.0,6.2,51.0,1.8,Slightly irregular,4,Government,Remote,Married,18-24,Low,91
3339,5.1,7.5,20.0,0.3,Regular,2,Teacher,Office,Unmarried,35-44,Moderate,63
3340,4.4,6.2,31.0,1.2,Regular,3,Banking/Finance,Office,Unmarried,45-54,Moderate,72
3341,6.0,5.8,6.0,3.8,Irregular,3,Healthcare,Office,Married,25-34,High,66
3342,7.3,10.1,24.0,1.7,Slightly irregular,4,Teacher,Office,Unmarried,25-34,Low,81
3343,8.4,8.1,0.0,1.0,Slightly irregular,4,Software/IT,Remote,Married,18-24,Moderate,72
3344,7.3,8.7,27.0,2.0,Slightly irregular,4,Healthcare,Remote,Married,18-24,Low,89
3345,4.6,9.9,33.0,1.4,Irregular,1,Software/IT,Remote,Prefer not to say,18-24,High,53
3346,6.1,4.3,32.0,2.6,Regular,3,Teacher,Office,Unmarried,35-44,Low,87
3347,6.7,11.6,5.0,1.4,Regular,4,Teacher,Hybrid,Unmarried,35-44,High,68
3348,6.6,7.8,17.0,2.2,Regular,3,Banking/Finance,Hybrid,Unmarried,18-24,Low,84
3349,7.0,9.8,37.0,1.2,Irregular,4,Other,Remote,Unmarried,35-44,Moderate,79
3350,5.3,10.0,20.0,3.8,Regular,2,Self-employed,Hybrid,Unmarried,18-24,Moderate,67
3351,6.5,11.8,19.0,2.4,Regular,2,Other,Hybrid,Married,25-34,High,68
3352,6.9,8.4,67.0,1.9,Regular,2,Other,Hybrid,Married,45-54,Low,86
3353,7.4,3.7,4.0,1.8,Slightly irregular,3,Software/IT,Hybrid,Married,25-34,Low,74
3354,5.4,8.7,49.0,1.6,Slightly irregular,3,Teacher,Remote,Prefer not to say,35-44,Moderate,74
3355,6.0,9.1,0.0,1.5,Regular,4,Teacher,Remote,Unmarried,25-34,Moderate,69
3356,3.5,6.2,39.0,1.4,Regular,1,Software/IT,Office,Married,18-24,High,60
3357,5.7,8.9,41.0,3.2,Slightly irregular,4,Self-employed,Office,Married,45-54,Moderate,81
3358,5.8,7.8,14.0,1.6,Regular,2,Other,Office,Unmarried,25-34,Moderate,71
3359,5.2,5.5,0.0,0.5,Slightly irregular,2,Banking/Finance,Office,Married,25-34,High,51
3360,6.6,10.1,0.0,1.2,Regular,2,Other,Hybrid,Unmarried,35-44,High,61
3361,6.3,7.3,11.0,2.6,Irregular,3,Government,Office,Unmarried,35-44,Low,71
3362,3.7,7.7,37.0,1.8,Regular,2,Healthcare,Hybrid,Unmarried,45-54,High,67
3363,6.7,7.5,1.0,1.9,Slightly irregular,4,Software/IT,Remote,Married,55+,Low,75
3364,5.3,11.4,27.0,2.8,Regular,4,Other,Hybrid,Unmarried,18-24,Moderate,74
3365,7.0,8.5,0.0,1.5,Regular,3,Government,Office,Married,25-34,Low,73
3366,4.9,8.8,20.0,2.4,Slightly irregular,2,Teacher,Hybrid,Unmarried,35-44,High,64
3367,,7.6,0.0,1.5,Slightly irregular,3,Software/IT,Remote,Married,18-24,Moderate,67
3368,6.1,9.7,,2.4,Slightly irregular,5,Self-employed,Office,Unmarried,35-44,Low,82
3369,6.8,11.7,14.0,1.7,Slightly irregular,4,Self-employed,Remote,Unmarried,25-34,Moderate,70
3370,6.5,10.1,0.0,1.8,Slightly irregular,4,Banking/Finance,Office,Unmarried,45-54,Moderate,67
3371,6.1,10.2,11.0,2.6,Irregular,1,Other,Office,Married,45-54,High,55
3372,4.6,10.0,4.0,2.5,Regular,3,Teacher,Hybrid,Married,25-34,High,58
3373,4.6,5.4,0.0,1.9,Irregular,2,Other,Remote,Unmarried,18-24,High,50
3374,5.7,6.6,49.0,1.7,Regular,2,Banking/Finance,Hybrid,Married,55+,Low,79
3375,6.4,8.1,17.0,3.1,Regular,3,Government,Office,Married,18-24,Low,82
3376,5.7,6.9,0.0,2.4,Slightly irregular,3,Other,Office,Married,25-34,Moderate,65
3377,7.2,6.2,11.0,,Regular,3,Self-employed,Office,Unmarried,25-34,Low,82
3378,6.1,4.3,45.0,1.5,Regular,3,Teacher,Remote,Unmarried,25-34,Low,84
3379,5.2,5.5,8.0,2.7,Regular,2,Other,Remote,Unmarried,18-24,High,66
3380,6.1,8.0,58.0,2.1,Slightly irregular,3,Healthcare,Office,Unmarried,25-34,Low,83
3381,6.7,8.4,6.0,1.9,Slightly irregular,3,Software/IT,Office,Unmarried,18-24,Moderate,73
3382,6.8,6.8,36.0,2.1,Regular,3,Government,Remote,Married,35-44,Low,91
3383,8.7,8.8,48.0,2.2,Regular,5,Healthcare,Remote,Married,25-34,Low,98
3384,5.6,7.6,35.0,2.0,Regular,3,Healthcare,Remote,Unmarried,45-54,Low,84
3385,6.3,11.1,0.0,2.8,Regular,3,Healthcare,Hybrid,Unmarried,35-44,High,63
3386,6.9,8.2,4.0,2.9,Regular,1,Software/IT,Office,Married,25-34,Moderate,71
3387,6.4,10.2,51.0,2.4,Regular,3,Software/IT,Office,Unmarried,55+,Low,82
3388,5.8,9.1,7.0,3.0,Irregular,2,Government,Remote,Married,25-34,High,58
3389,4.5,5.4,46.0,2.0,Slightly irregular,2,Teacher,Hybrid,Married,25-34,Moderate,69
3390,5.8,8.4,16.0,2.5,Regular,3,Banking/Finance,Hybrid,Unmarried,35-44,Moderate,77
3391,5.1,5.8,28.0,2.7,Regular,4,Banking/Finance,Hybrid,Unmarried,18-24,Low,83
3392,4.3,8.4,0.0,2.7,Regular,4,Teacher,Remote,Married,25-34,High,63
3393,5.4,6.9,12.0,2.6,Regular,2,Teacher,Hybrid,Married,45-54,Moderate,70
3394,5.1,9.5,6.0,2.4,Regular,1,Teacher,Hybrid,Unmarried,45-54,High,56
3395,7.1,5.5,30.0,3.4,Irregular,3,Other,Office,Prefer not to say,25-34,Low,84
3396,7.1,8.6,27.0,1.6,Slightly irregular,3,Other,Office,Married,25-34,Low,83
3397,5.3,9.9,35.0,1.9,Slightly irregular,2,Teacher,Office,Married,35-44,High,68
3398,6.1,10.7,14.0,1.8,Regular,3,Software/IT,Hybrid,Unmarried,18-24,Moderate,69
3399,4.2,6.8,5.0,1.7,Slightly irregular,3,Banking/Finance,Hybrid,Unmarried,25-34,High,57
3400,5.8,8.6,29.0,0.6,Irregular,2,Healthcare,Remote,Married,35-44,High,64
3401,6.9,9.0,2.0,3.0,Regular,2,Healthcare,Remote,Married,25-34,Moderate,71
3402,7.4,12.2,49.0,1.3,Irregular,3,Healthcare,Remote,Unmarried,25-34,Moderate,68
3403,5.5,5.2,22.0,2.1,Regular,2,Banking/Finance,Remote,Married,35-44,Moderate,75
3404,7.7,6.5,18.0,1.0,Slightly irregular,4,Teacher,Office,Married,35-44,Low,81
3405,4.6,14.0,35.0,2.4,Regular,2,Other,Office,Married,25-34,High,55
3406,4.9,8.0,23.0,1.5,Slightly irregular,3,Healthcare,Office,Unmarried,45-54,Moderate,69
3407,7.3,4.3,0.0,1.2,Regular,5,Teacher,Office,Unmarried,35-44,Low,81
3408,8.4,7.3,2.0,2.1,Slightly irregular,3,Other,Office,Unmarried,35-44,Moderate,74
3409,,2.2,48.0,1.5,Slightly irregular,3,Teacher,Office,Married,25-34,Low,86
3410,6.4,9.2,,1.6,Slightly irregular,4,Software/IT,Office,Married,35-44,Low,81
3411,3.8,10.5,0.0,2.1,Slightly irregular,3,Software/IT,Remote,Prefer not to say,35-44,High,46
3412,4.0,6.5,33.0,2.6,Regular,3,Government,Office,Unmarried,35-44,High,74
3413,6.6,7.5,13.0,1.4,Slightly irregular,5,Banking/Finance,Office,Married,35-44,Low,82
3414,6.0,10.7,6.0,1.3,Regular,3,Healthcare,Remote,Unmarried,25-34,High,62
3415,5.1,4.6,0.0,2.0,Slightly irregular,1,Software/IT,Hybrid,Married,25-34,High,54
3416,6.5,5.6,47.0,2.4,Regular,3,Software/IT,Office,Married,45-54,Low,89
3417,6.5,8.1,0.0,3.0,Slightly irregular,2,Healthcare,Office,Married,18-24,Moderate,66
3418,7.5,6.9,7.0,1.3,Regular,5,Healthcare,Hybrid,Unmarried,35-44,Low,85
3419,6.6,7.9,28.0,1.8,Irregular,4,Teacher,Hybrid,Unmarried,45-54,Low,84
3420,7.9,5.7,60.0,2.8,Slightly irregular,2,Healthcare,Hybrid,Married,18-24,Low,85
3421,6.4,9.1,37.0,3.4,Regular,4,Government,Hybrid,Married,55+,Low,89
3422,6.3,8.3,6.0,1.3,Slightly irregular,4,Banking/Finance,Remote,Unmarried,45-54,Moderate,71
3423,7.7,9.9,59.0,1.5,Regular,3,Banking/Finance,Remote,Married,35-44,Low,84
3424,5.2,9.1,0.0,2.3,Regular,3,Banking/Finance,Hybrid,Married,35-44,High,63
3425,9.8,9.1,31.0,1.6,Regular,5,Software/IT,Hybrid,Unmarried,45-54,Low,90
3426,6.9,5.3,36.0,1.5,Slightly irregular,1,Banking/Finance,Office,Unmarried,25-34,Moderate,78
3427,6.9,9.7,6.0,2.2,Irregular,3,Software/IT,Hybrid,Married,35-44,Moderate,67
3428,7.0,7.8,40.0,3.1,Irregular,4,Government,Hybrid,Married,25-34,Low,88
3429,8.7,8.2,14.0,1.1,Regular,4,Healthcare,Hybrid,Unmarried,45-54,Low,83
3430,7.4,11.0,40.0,3.0,Regular,4,Banking/Finance,Office,Married,35-44,Low,87
3431,4.5,6.9,0.0,1.6,Irregular,2,Other,Hybrid,Unmarried,35-44,High,48
3432,8.1,11.7,32.0,2.2,Regular,3,Teacher,Hybrid,Unmarried,25-34,Moderate,81
3433,6.0,11.9,16.0,3.1,Slightly irregular,2,Software/IT,Remote,Unmarried,25-34,High,59
3434,6.5,10.3,50.0,2.2,Irregular,4,Other,Remote,Married,45-54,Moderate,78
3435,4.9,6.3,24.0,1.8,Regular,2,Teacher,Office,Unmarried,25-34,Moderate,72
3436,7.0,3.6,52.0,2.5,Regular,2,Healthcare,Hybrid,Unmarried,25-34,Low,89
3437,5.6,11.1,36.0,1.9,Irregular,3,Teacher,Hybrid,Unmarried,35-44,High,66
3438,6.5,8.9,22.0,2.4,Slightly irregular,3,Healthcare,Remote,Married,25-34,Low,79
3439,6.1,6.9,42.0,1.9,Irregular,2,Healthcare,Hybrid,Prefer not to say,25-34,Moderate,75
3440,8.7,11.3,42.0,2.6,Slightly irregular,4,Self-employed,Office,Married,25-34,Low,82
3441,8.8,6.6,35.0,1.0,Regular,4,Government,Office,Married,45-54,Low,91
3442,6.5,7.6,0.0,1.3,Irregular,3,Healthcare,Office,Married,18-24,High,63
3443,6.5,9.8,3.0,1.0,Slightly irregular,2,Self-employed,Hybrid,Married,25-34,High,58
3444,6.0,6.0,55.0,2.0,Irregular,3,Self-employed,Hybrid,Married,55+,Moderate,78
3445,7.7,8.3,0.0,0.9,Slightly irregular,4,Software/IT,Office,Unmarried,45-54,Low,71
3446,6.0,11.1,44.0,1.5,Slightly irregular,5,Banking/Finance,Hybrid,Married,35-44,Moderate,78
3447,5.9,9.1,41.0,1.2,Regular,4,Software/IT,Office,Married,35-44,Low,82
3448,7.6,11.5,9.0,3.0,Regular,2,Teacher,Office,Unmarried,45-54,High,67
3449,5.8,11.2,0.0,1.3,Irregular,4,Self-employed,Remote,Married,45-54,High,52
3450,6.4,8.6,12.0,1.1,Irregular,3,Self-employed,Office,Unmarried,45-54,High,65
3451,4.5,3.2,71.0,2.2,Slightly irregular,1,Other,Hybrid,Unmarried,35-44,High,65
3452,7.2,6.1,6.0,3.2,Irregular,3,Healthcare,Office,Married,35-44,Moderate,72
3453,8.7,10.4,8.0,1.9,Regular,5,Software/IT,Hybrid,Married,35-44,Low,81
3454,7.3,5.0,3.0,2.0,Irregular,4,Software/IT,Hybrid,Married,35-44,Moderate,75
3455,8.2,7.8,52.0,2.9,Slightly irregular,3,Teacher,Hybrid,Unmarried,35-44,Low,88
3456,5.4,9.4,20.0,2.6,Slightly irregular,3,Teacher,Hybrid,Married,25-34,Moderate,69
3457,6.7,12.0,11.0,2.3,Slightly irregular,3,Healthcare,Office,Unmarried,35-44,High,65
3458,5.3,7.3,56.0,1.6,Slightly irregular,1,Banking/Finance,Remote,Unmarried,25-34,Moderate,68
3459,6.1,7.1,38.0,2.3,Irregular,1,Software/IT,Hybrid,Unmarried,25-34,Moderate,71
3460,7.3,8.5,5.0,1.0,Regular,3,Software/IT,Remote,Unmarried,18-24,Moderate,73
3461,6.5,9.4,0.0,1.6,Irregular,3,Software/IT,Office,Married,25-34,High,60
3462,4.7,8.2,50.0,3.0,Regular,1,Government,Hybrid,Unmarried,25-34,Moderate,70
3463,4.8,11.0,25.0,2.9,Regular,3,Teacher,Hybrid,Unmarried,25-34,Moderate,67
3464,4.7,6.8,0.0,2.3,Slightly irregular,3,Software/IT,Office,Unmarried,35-44,High,59
3465,7.0,8.9,0.0,0.6,Slightly irregular,3,Healthcare,Office,Unmarried,55+,Moderate,64
3466,8.9,9.6,0.0,1.2,Irregular,4,Teacher,Office,Married,18-24,Moderate,64
3467,8.0,7.7,0.0,1.5,Regular,4,Teacher,Office,Unmarried,18-24,Low,79
3468,4.1,10.5,0.0,1.9,Regular,3,Self-employed,Hybrid,Unmarried,25-34,High,51
3469,8.1,8.9,1.0,1.1,Slightly irregular,2,Teacher,Office,Unmarried,35-44,High,63
3470,7.5,10.4,5.0,1.8,Irregular,2,Software/IT,Remote,Unmarried,25-34,High,60
3471,4.5,9.0,15.0,3.2,Irregular,2,Teacher,Remote,Unmarried,25-34,High,54
3472,6.0,9.5,62.0,2.3,Irregular,2,Software/IT,Hybrid,Prefer not to say,25-34,Moderate,70
3473,7.7,7.1,19.0,2.2,Slightly irregular,5,Other,Hybrid,Married,18-24,Low,90
3474,7.1,7.1,21.0,1.3,Irregular,4,Government,Hybrid,Married,35-44,Low,80
3475,4.8,11.4,36.0,0.9,Regular,1,Healthcare,Hybrid,Married,35-44,High,55
3476,7.1,10.1,20.0,1.1,Irregular,3,Banking/Finance,Office,Married,25-34,Moderate,68
3477,3.8,6.2,34.0,0.8,Slightly irregular,3,Teacher,Office,Unmarried,25-34,High,62
3478,6.1,9.0,31.0,2.1,Regular,2,Healthcare,Remote,Married,35-44,Moderate,80
3479,7.8,3.1,28.0,2.3,Slightly irregular,4,Teacher,Hybrid,Unmarried,55+,Low,91
3480,6.4,7.3,86.0,1.3,Slightly irregular,4,Self-employed,Remote,Unmarried,35-44,Low,85
3481,5.8,10.8,45.0,2.1,Regular,4,Government,Remote,Unmarried,35-44,Low,80
3482,7.5,8.3,1.0,3.0,Regular,3,Teacher,Office,Married,55+,Low,77
3483,7.6,8.9,33.0,3.4,Slightly irregular,4,Self-employed,Remote,Prefer not to say,25-34,Low,89
3484,,1.7,8.0,2.5,Irregular,3,Software/IT,Remote,Unmarried,18-24,Moderate,74
3485,7.4,7.7,35.0,1.9,Slightly irregular,5,Software/IT,Hybrid,Unmarried,35-44,Low,96
3486,7.7,9.4,0.0,2.5,Regular,4,Software/IT,Hybrid,Married,18-24,Moderate,77
3487,7.3,9.7,1.0,2.9,Slightly irregular,4,Teacher,Hybrid,Unmarried,25-34,Moderate,72
3488,6.7,10.8,33.0,0.6,Regular,3,Teacher,Office,Married,35-44,Moderate,75
3489,6.5,8.1,47.0,3.0,Regular,3,Other,Office,Married,35-44,Low,89
3490,6.1,8.2,36.0,1.6,Regular,3,Teacher,Hybrid,Married,25-34,Low,84
3491,4.9,5.5,44.0,1.6,Slightly irregular,2,Teacher,Office,Unmarried,25-34,Moderate,70
3492,5.3,8.1,33.0,1.8,Regular,2,Software/IT,Office,Married,25-34,Moderate,77
3493,6.1,5.7,29.0,2.2,Regular,3,Software/IT,Remote,Married,18-24,Low,86
3494,6.7,4.3,14.0,1.2,Regular,4,Software/IT,Office,Unmarried,25-34,Low,82
3495,8.1,6.1,43.0,1.8,Slightly irregular,2,Software/IT,Office,Married,18-24,Low,84
3496,,12.1,48.0,2.4,Regular,3,Teacher,Office,Married,55+,Moderate,75
3497,7.6,8.0,24.0,2.2,Regular,4,Software/IT,Remote,Unmarried,25-34,Low,93
3498,7.7,9.1,22.0,2.3,Slightly irregular,2,Software/IT,Office,Unmarried,45-54,Moderate,77
3499,6.1,7.4,60.0,1.8,Slightly irregular,4,Banking/Finance,Office,Unmarried,55+,Low,86
3500,7.1,4.5,25.0,2.5,Irregular,2,Other,Office,Unmarried,25-34,Moderate,78
3501,6.1,10.8,27.0,2.7,Slightly irregular,2,Software/IT,Remote,Married,25-34,Moderate,69
3502,8.0,3.6,36.0,2.7,Slightly irregular,3,Government,Remote,Married,45-54,Low,88
3503,7.2,7.3,23.0,2.3,Irregular,5,Banking/Finance,Office,Married,18-24,Low,88
3504,5.0,8.5,7.0,2.7,Slightly irregular,2,Banking/Finance,Office,Unmarried,25-34,High,59
3505,6.6,9.1,33.0,2.6,Slightly irregular,1,Government,Office,Married,25-34,Moderate,75
3506,8.4,6.9,24.0,3.9,Regular,2,Healthcare,Hybrid,Married,35-44,Low,86
3507,6.2,4.4,66.0,2.9,Regular,4,Other,Remote,Unmarried,45-54,Low,91
3508,6.9,6.8,42.0,1.9,Regular,2,Software/IT,Office,Unmarried,35-44,Low,88
3509,7.1,6.9,12.0,1.4,Regular,4,Healthcare,Office,Married,25-34,Low,84
3510,5.2,6.8,41.0,1.8,Irregular,3,Banking/Finance,Hybrid,Unmarried,35-44,Moderate,72
3511,7.0,10.8,32.0,1.8,Regular,3,Other,Office,Unmarried,35-44,Low,83
3512,4.7,5.8,54.0,2.4,Slightly irregular,3,Healthcare,Hybrid,Unmarried,35-44,Moderate,74
3513,5.6,9.3,13.0,1.5,Irregular,2,Other,Remote,Married,45-54,High,57
3514,7.7,9.0,29.0,2.8,Slightly irregular,3,Banking/Finance,Remote,Married,25-34,Low,85
3515,6.8,10.8,23.0,1.0,Regular,2,Government,Hybrid,Married,25-34,Moderate,70
3516,6.0,8.3,26.0,0.9,Irregular,4,Self-employed,Office,Married,25-34,Moderate,74
3517,6.9,10.4,6.0,1.9,Regular,2,Government,Hybrid,Married,35-44,Moderate,68
3518,6.3,8.2,38.0,1.4,Regular,3,Healthcare,Office,Married,45-54,Low,84
3519,6.4,9.6,34.0,1.1,Regular,2,Self-employed,Remote,Married,25-34,Moderate,76
3520,7.2,5.1,53.0,1.6,Regular,3,Software/IT,Office,Married,25-34,Low,90
3521,5.5,2.5,25.0,1.5,Irregular,2,Other,Hybrid,Married,55+,Moderate,66
3522,6.4,9.5,16.0,2.0,Regular,5,Self-employed,Remote,Married,18-24,Low,85
3523,6.0,9.6,42.0,1.6,Irregular,3,Banking/Finance,Hybrid,Married,45-54,Moderate,71
3524,4.5,9.7,8.0,1.6,Regular,2,Software/IT,Office,Married,55+,High,55
3525,5.3,7.4,49.0,2.0,Irregular,2,Teacher,Office,Married,35-44,Moderate,70
3526,8.3,12.0,49.0,,Regular,2,Teacher,Hybrid,Prefer not to say,25-34,Moderate,76
3527,6.9,7.5,53.0,3.0,Irregular,3,Teacher,Hybrid,Married,35-44,Low,84
3528,4.8,9.6,,2.1,Regular,4,Government,Remote,Unmarried,25-34,Moderate,78
3529,4.6,10.0,14.0,2.2,Irregular,3,Other,Hybrid,Married,18-24,High,55
3530,6.3,12.6,27.0,1.9,Irregular,4,Government,Hybrid,Married,18-24,High,68
3531,8.3,7.9,33.0,2.3,Slightly irregular,3,Teacher,Office,Married,18-24,Low,88
3532,6.2,7.1,13.0,2.3,Regular,3,Other,Office,Married,55+,Low,79
3533,8.0,5.2,54.0,2.9,Slightly irregular,4,Other,Remote,Unmarried,35-44,Low,92
3534,6.8,12.2,38.0,0.7,Slightly irregular,2,Government,Office,Unmarried,25-34,High,64
3535,7.0,9.6,5.0,1.8,Slightly irregular,3,Healthcare,Office,Unmarried,35-44,Moderate,70
3536,4.8,9.6,66.0,2.2,Slightly irregular,3,Government,Remote,Married,35-44,Moderate,70
3537,7.5,14.0,27.0,2.0,Irregular,4,Healthcare,Office,Unmarried,25-34,High,68
3538,6.0,9.3,1.0,1.3,Irregular,3,Software/IT,Hybrid,Unmarried,25-34,High,56
3539,7.4,5.6,7.0,1.1,Slightly irregular,4,Banking/Finance,Hybrid,Married,35-44,Moderate,76
3540,5.4,8.1,58.0,2.6,Regular,2,Government,Remote,Married,45-54,Low,78
3541,6.6,6.4,65.0,1.5,Regular,3,Teacher,Hybrid,Married,18-24,Low,88
3542,6.8,7.7,47.0,0.8,Slightly irregular,4,Other,Remote,Married,45-54,Low,85
3543,6.2,7.7,54.0,2.6,Irregular,2,Self-employed,Office,Unmarried,35-44,Moderate,76
3544,6.9,7.2,52.0,2.3,Regular,2,Banking/Finance,Hybrid,Married,25-34,Low,88
3545,6.1,5.4,37.0,1.9,Regular,2,Software/IT,Hybrid,Unmarried,18-24,Low,83
3546,5.6,12.3,32.0,1.4,Regular,3,Software/IT,Office,Married,35-44,High,67
3547,8.3,9.3,37.0,1.9,Regular,5,Banking/Finance,Office,Married,25-34,Low,95
3548,7.7,8.1,41.0,2.9,Irregular,3,Self-employed,Office,Married,25-34,Low,84
3549,5.5,10.3,9.0,,Slightly irregular,4,Healthcare,Office,Unmarried,45-54,High,60
3550,7.1,9.7,41.0,0.9,Regular,3,Software/IT,Office,Married,25-34,Low,82
3551,5.5,9.2,57.0,,Regular,3,Software/IT,Office,Married,18-24,Low,77
3552,5.0,10.2,20.0,2.0,Regular,2,Software/IT,Hybrid,Married,25-34,High,64
3553,7.6,8.9,18.0,1.7,Slightly irregular,5,Banking/Finance,Remote,Married,25-34,Low,86
3554,4.4,10.1,35.0,2.4,Slightly irregular,2,Healthcare,Remote,Married,45-54,High,62
3555,7.5,10.3,11.0,2.8,Regular,2,Software/IT,Hybrid,Unmarried,25-34,Moderate,72
3556,6.1,9.0,0.0,2.2,Regular,5,Healthcare,Hybrid,Married,25-34,Low,76
3557,6.1,8.1,50.0,2.4,Irregular,3,Other,Hybrid,Married,35-44,Moderate,79
3558,6.9,12.1,15.0,2.2,Irregular,4,Healthcare,Remote,Married,25-34,Moderate,67
3559,7.1,7.5,25.0,2.0,Slightly irregular,5,Software/IT,Hybrid,Married,25-34,Low,94
3560,5.4,9.5,12.0,1.1,Slightly irregular,3,Banking/Finance,Hybrid,Married,35-44,High,60
3561,7.3,9.6,53.0,1.3,Irregular,4,Other,Hybrid,Prefer not to say,45-54,Moderate,80
3562,6.5,7.2,44.0,1.1,Slightly irregular,3,Software/IT,Office,Unmarried,35-44,Low,81
3563,4.9,6.7,20.0,1.9,Irregular,3,Software/IT,Hybrid,Unmarried,18-24,High,66
3564,6.2,7.8,0.0,2.2,Regular,3,Banking/Finance,Hybrid,Married,25-34,Moderate,72
3565,8.1,7.5,17.0,1.0,Regular,3,Teacher,Remote,Unmarried,25-34,Low,81
3566,8.4,5.2,38.0,2.1,Regular,4,Other,Office,Unmarried,25-34,Low,96
3567,7.3,7.1,29.0,1.4,Irregular,3,Government,Office,Married,45-54,Moderate,81
3568,5.0,9.2,27.0,1.3,Slightly irregular,3,Software/IT,Remote,Unmarried,18-24,Moderate,67
3569,7.0,11.5,30.0,1.6,Regular,4,Other,Office,Married,25-34,Low,83
3570,7.4,9.9,42.0,1.2,Irregular,4,Banking/Finance,Office,Unmarried,25-34,Low,78
3571,7.3,2.6,24.0,2.4,Irregular,4,Healthcare,Office,Married,18-24,Low,85
3572,7.3,10.1,35.0,1.9,Regular,5,Teacher,Office,Unmarried,25-34,Low,93
3573,6.8,7.3,3.0,2.6,Slightly irregular,4,Banking/Finance,Hybrid,Prefer not to say,18-24,Moderate,78
3574,6.3,9.6,81.0,1.7,Slightly irregular,3,Other,Remote,Married,45-54,Moderate,78
3575,5.7,8.6,19.0,1.7,Regular,3,Software/IT,Remote,Unmarried,25-34,Moderate,76
3576,4.1,8.2,29.0,3.3,Slightly irregular,4,Teacher,Remote,Married,25-34,Moderate,73
3577,6.8,8.4,37.0,0.9,Regular,2,Other,Hybrid,Unmarried,35-44,Low,81
3578,6.6,8.5,16.0,2.9,Irregular,5,Teacher,Office,Married,25-34,Low,81
3579,7.1,11.7,25.0,3.2,Irregular,2,Software/IT,Remote,Married,25-34,High,67
3580,4.8,8.6,25.0,2.5,Irregular,3,Software/IT,Hybrid,Married,25-34,High,66
3581,7.2,11.1,5.0,1.8,Slightly irregular,3,Government,Office,Unmarried,35-44,Moderate,65
3582,8.9,10.8,35.0,3.0,Regular,4,Government,Remote,Unmarried,25-34,Low,88
3583,6.5,10.1,0.0,1.8,Regular,2,Software/IT,Remote,Married,25-34,Moderate,63
3584,6.3,4.5,64.0,1.5,Slightly irregular,4,Software/IT,Hybrid,Married,35-44,Low,85
3585,6.8,11.2,42.0,1.7,Regular,2,Banking/Finance,Remote,Married,25-34,Moderate,76
3586,,7.5,39.0,1.6,Slightly irregular,2,Government,Hybrid,Unmarried,35-44,Low,83
3587,5.2,10.2,0.0,1.3,Regular,4,Software/IT,Hybrid,Married,18-24,High,60
3588,6.6,6.4,8.0,2.8,Regular,5,Healthcare,Hybrid,Married,25-34,Low,86
3589,5.4,5.9,56.0,1.5,Slightly irregular,2,Banking/Finance,Remote,Prefer not to say,45-54,Moderate,72
3590,5.7,13.1,116.0,2.0,Slightly irregular,4,Software/IT,Office,Prefer not to say,35-44,Moderate,68
3591,6.3,6.4,51.0,1.0,Slightly irregular,4,Teacher,Remote,Unmarried,25-34,Low,83
3592,8.0,11.2,48.0,2.0,Slightly irregular,3,Other,Hybrid,Married,35-44,Moderate,78
3593,8.6,8.9,37.0,,Regular,5,Other,Remote,Unmarried,25-34,Low,93
3594,6.9,7.6,6.0,1.2,Slightly irregular,3,Teacher,Office,Married,25-34,Moderate,72
3595,5.9,8.5,47.0,1.9,Slightly irregular,3,Other,Office,Married,25-34,Moderate,80
3596,9.4,5.6,1.0,2.7,Slightly irregular,3,Banking/Finance,Remote,Prefer not to say,18-24,Moderate,72
3597,5.9,8.6,0.0,2.3,Regular,2,Other,Office,Married,18-24,Moderate,65
3598,5.7,6.1,0.0,2.4,Slightly irregular,4,Other,Hybrid,Married,35-44,Moderate,69
3599,4.3,7.7,,1.9,Regular,3,Banking/Finance,Office,Unmarried,25-34,Moderate,75
3600,8.1,10.7,24.0,1.8,Slightly irregular,3,Healthcare,Office,Unmarried,45-54,Moderate,76
3601,7.6,9.2,27.0,2.6,Regular,5,Software/IT,Remote,Unmarried,25-34,Low,95
3602,9.3,5.2,25.0,1.6,Irregular,5,Healthcare,Hybrid,Married,25-34,Low,86
3603,4.7,10.6,0.0,2.6,Irregular,3,Healthcare,Hybrid,Unmarried,35-44,High,47
3604,8.1,8.6,10.0,2.9,Slightly irregular,2,Banking/Finance,Office,Unmarried,18-24,Low,73
3605,6.5,7.4,11.0,1.4,Irregular,3,Software/IT,Remote,Unmarried,25-34,Moderate,69
3606,7.4,10.3,0.0,1.5,Slightly irregular,2,Self-employed,Hybrid,Married,18-24,High,60
3607,4.4,8.2,14.0,1.6,Regular,2,Other,Office,Unmarried,25-34,Moderate,62
3608,8.2,5.9,1.0,1.0,Slightly irregular,3,Software/IT,Hybrid,Unmarried,25-34,Moderate,69
3609,7.3,12.8,38.0,1.7,Irregular,2,Banking/Finance,Office,Married,35-44,High,64
3610,6.4,8.6,40.0,2.9,Regular,1,Self-employed,Remote,Unmarried,25-34,Low,79
3611,7.2,8.4,0.0,1.3,Regular,3,Banking/Finance,Office,Unmarried,25-34,Moderate,73
3612,5.5,7.7,18.0,2.9,Slightly irregular,1,Other,Office,Unmarried,25-34,High,66
3613,5.7,11.3,66.0,1.7,Regular,2,Healthcare,Hybrid,Married,18-24,Moderate,69
3614,5.8,7.4,3.0,3.5,Slightly irregular,3,Teacher,Remote,Married,55+,Moderate,68
3615,4.2,5.0,34.0,1.5,Slightly irregular,2,Healthcare,Hybrid,Unmarried,35-44,High,65
3616,7.4,7.0,27.0,1.9,Slightly irregular,2,Healthcare,Office,Married,18-24,Low,83
3617,7.8,11.7,49.0,1.4,Regular,3,Teacher,Remote,Married,25-34,Moderate,78
3618,5.6,10.5,32.0,1.5,Regular,2,Self-employed,Office,Married,25-34,Moderate,70
3619,6.8,8.0,16.0,2.9,Irregular,3,Banking/Finance,Office,Married,25-34,Low,76
3620,6.1,11.8,26.0,2.3,Regular,2,Teacher,Office,Unmarried,45-54,Moderate,69
3621,6.8,10.3,27.0,2.7,Slightly irregular,3,Healthcare,Hybrid,Prefer not to say,18-24,Low,79
3622,5.6,8.0,23.0,1.1,Regular,2,Teacher,Hybrid,Married,45-54,Moderate,72
3623,5.3,8.2,0.0,2.5,Regular,3,Healthcare,Remote,Married,45-54,Moderate,66
3624,7.7,9.4,52.0,1.3,Slightly irregular,5,Healthcare,Hybrid,Married,35-44,Low,88
3625,6.3,6.7,48.0,1.1,Regular,3,Teacher,Remote,Unmarried,25-34,Low,84
3626,8.8,8.6,2.0,2.2,Slightly irregular,4,Self-employed,Remote,Married,25-34,Low,76
3627,6.5,9.3,18.0,2.2,Slightly irregular,2,Other,Office,Unmarried,45-54,Moderate,72
3628,5.3,4.7,20.0,2.0,Irregular,3,Healthcare,Remote,Unmarried,45-54,Moderate,69
3629,7.9,8.2,0.0,2.5,Irregular,3,Government,Remote,Married,25-34,Moderate,69
3630,7.2,7.9,0.0,2.6,Regular,3,Other,Hybrid,Married,18-24,Low,78
3631,7.3,11.0,10.0,3.0,Regular,4,Software/IT,Office,Unmarried,25-34,Low,77
3632,7.8,4.4,17.0,1.2,Irregular,3,Software/IT,Office,Married,18-24,Moderate,74
3633,5.6,7.7,0.0,3.1,Regular,2,Software/IT,Hybrid,Married,25-34,High,65
3634,6.2,7.5,29.0,3.3,Regular,2,Healthcare,Remote,Married,25-34,Low,83
3635,6.2,10.8,51.0,1.7,Regular,2,Teacher,Hybrid,Unmarried,45-54,Low,74
3636,4.9,8.5,44.0,0.8,Slightly irregular,3,Banking/Finance,Office,Unmarried,35-44,High,68
3637,6.1,12.7,22.0,1.0,Regular,3,Healthcare,Hybrid,Unmarried,35-44,High,63
3638,8.0,10.1,0.0,1.7,Regular,5,Software/IT,Remote,Married,35-44,Low,77
3639,6.7,7.7,41.0,3.4,Slightly irregular,5,Healthcare,Office,Unmarried,35-44,Low,94
3640,4.8,9.2,28.0,2.0,Slightly irregular,2,Software/IT,Remote,Unmarried,25-34,High,66
3641,4.5,7.8,34.0,1.6,Regular,3,Healthcare,Hybrid,Unmarried,45-54,Moderate,75
3642,8.4,10.6,68.0,1.5,Slightly irregular,4,Teacher,Remote,Unmarried,25-34,Low,82
3643,6.3,5.5,7.0,1.1,Slightly irregular,3,Software/IT,Office,Unmarried,45-54,Moderate,68
3644,5.6,6.7,0.0,2.6,Regular,2,Software/IT,Hybrid,Unmarried,18-24,High,65
3645,6.1,9.6,2.0,1.9,Regular,4,Government,Office,Married,35-44,Moderate,71
3646,4.6,11.4,36.0,3.5,Regular,3,Teacher,Office,Married,25-34,High,67
3647,8.1,3.5,26.0,2.4,Regular,4,Banking/Finance,Office,Unmarried,25-34,Low,94
3648,5.9,11.8,0.0,2.6,Irregular,4,Self-employed,Remote,Married,25-34,High,54
3649,8.0,8.3,0.0,1.8,Regular,4,Healthcare,Hybrid,Unmarried,18-24,Low,79
3650,6.5,4.3,17.0,1.2,Irregular,3,Software/IT,Office,Unmarried,35-44,Moderate,71
3651,8.1,1.7,0.0,1.4,Regular,3,Banking/Finance,Office,Married,25-34,Low,74
3652,6.7,5.1,36.0,1.0,Regular,3,Software/IT,Office,Unmarried,25-34,Low,86
3653,7.4,8.6,16.0,2.6,Slightly irregular,4,Self-employed,Office,Married,45-54,Low,83
3654,7.3,8.4,11.0,1.7,Irregular,4,Self-employed,Office,Married,35-44,Low,76
3655,7.1,10.1,8.0,2.7,Regular,3,Healthcare,Hybrid,Unmarried,45-54,Moderate,75
3656,6.8,7.3,31.0,2.1,Regular,5,Teacher,Hybrid,Unmarried,18-24,Low,99
3657,6.1,6.1,26.0,1.8,Slightly irregular,3,Government,Hybrid,Married,25-34,Low,80
3658,8.7,7.6,29.0,1.2,Regular,5,Banking/Finance,Remote,Married,25-34,Low,96
3659,5.3,8.7,29.0,2.2,Slightly irregular,3,Software/IT,Hybrid,Unmarried,45-54,Moderate,75
3660,,9.1,23.0,1.8,Irregular,5,Government,Remote,Unmarried,35-44,Low,80
3661,6.4,6.8,2.0,2.6,Regular,4,Teacher,Remote,Unmarried,45-54,Low,78
3662,6.9,10.7,,1.5,Irregular,3,Other,Hybrid,Married,35-44,High,62
3663,5.9,7.2,16.0,2.4,Regular,3,Self-employed,Office,Married,25-34,Low,79
3664,6.8,6.6,70.0,3.1,Irregular,3,Teacher,Office,Unmarried,25-34,Low,83
3665,6.2,7.4,0.0,2.2,Irregular,2,Teacher,Hybrid,Married,35-44,High,61
3666,4.5,11.1,16.0,2.5,Slightly irregular,1,Healthcare,Office,Unmarried,18-24,High,49
3667,6.4,8.3,27.0,2.4,Irregular,3,Self-employed,Hybrid,Married,35-44,Moderate,78
3668,5.1,7.0,18.0,3.3,Irregular,2,Software/IT,Hybrid,Married,45-54,High,63
3669,4.3,10.7,49.0,2.3,Regular,2,Teacher,Hybrid,Unmarried,25-34,High,63
3670,6.6,13.5,18.0,2.5,Regular,3,Banking/Finance,Remote,Unmarried,35-44,High,67
3671,7.0,9.1,20.0,2.0,Regular,3,Software/IT,Hybrid,Unmarried,25-34,Low,84
3672,7.0,11.4,43.0,1.5,Slightly irregular,3,Software/IT,Office,Married,18-24,Moderate,75
3673,7.1,11.0,65.0,1.2,Slightly irregular,5,Self-employed,Hybrid,Married,25-34,Low,83
3674,4.1,7.2,56.0,2.9,Slightly irregular,3,Healthcare,Office,Unmarried,25-34,Moderate,70
3675,4.8,8.7,22.0,1.3,Slightly irregular,4,Banking/Finance,Hybrid,Unmarried,35-44,Moderate,69
3676,8.8,5.7,24.0,2.5,Regular,3,Teacher,Hybrid,Unmarried,25-34,Low,90
3677,5.1,8.1,26.0,,Regular,3,Healthcare,Office,Married,25-34,Moderate,78
3678,7.1,7.2,28.0,2.6,Regular,3,Banking/Finance,Office,Married,18-24,Low,92
3679,5.6,7.7,6.0,1.6,Irregular,2,Healthcare,Hybrid,Unmarried,35-44,High,58
3680,6.5,6.9,46.0,1.4,Regular,5,Other,Office,Unmarried,25-34,Low,94
3681,,7.9,30.0,2.3,Regular,2,Software/IT,Remote,Married,35-44,Low,80
3682,7.1,9.8,24.0,1.8,Regular,1,Healthcare,Office,Married,25-34,Moderate,75
3683,6.6,8.3,0.0,,Irregular,2,Self-employed,Office,Married,35-44,High,58
3684,5.9,4.3,26.0,3.4,Regular,1,Software/IT,Remote,Married,25-34,Moderate,76
3685,5.1,6.9,0.0,1.4,Slightly irregular,2,Other,Remote,Unmarried,18-24,High,55
3686,6.7,5.1,12.0,1.3,Regular,2,Healthcare,Office,Unmarried,25-34,Low,74
3687,4.9,9.2,13.0,1.8,Regular,3,Software/IT,Remote,Married,35-44,Moderate,66
3688,6.9,9.8,31.0,2.9,Slightly irregular,1,Software/IT,Office,Unmarried,45-54,Moderate,75
3689,9.6,9.2,66.0,0.5,Slightly irregular,5,Teacher,Hybrid,Prefer not to say,55+,Low,81
3690,8.0,6.8,38.0,2.8,Slightly irregular,2,Other,Hybrid,Unmarried,25-34,Low,85
3691,7.3,9.2,57.0,1.4,Regular,3,Other,Hybrid,Unmarried,35-44,Low,86
3692,6.3,7.5,39.0,2.2,Irregular,3,Banking/Finance,Office,Prefer not to say,35-44,Moderate,80
3693,4.1,6.0,50.0,1.5,Slightly irregular,3,Software/IT,Hybrid,Married,35-44,High,68
3694,4.8,10.3,66.0,3.4,Irregular,3,Healthcare,Hybrid,Unmarried,18-24,High,64
3695,7.9,10.5,9.0,2.1,Regular,4,Healthcare,Hybrid,Married,35-44,Moderate,78
3696,5.5,10.8,7.0,1.5,Regular,2,Teacher,Office,Married,55+,High,57
3697,5.6,7.2,40.0,1.8,Regular,2,Software/IT,Hybrid,Married,18-24,Moderate,79
3698,6.2,11.3,25.0,2.1,Slightly irregular,3,Teacher,Hybrid,Married,25-34,Moderate,71
3699,5.1,7.5,30.0,2.1,Slightly irregular,3,Teacher,Hybrid,Unmarried,18-24,Moderate,77
3700,4.9,10.1,20.0,2.3,Slightly irregular,3,Government,Hybrid,Unmarried,25-34,High,64
3701,6.3,7.4,12.0,2.0,Regular,3,Healthcare,Hybrid,Married,25-34,Low,79
3702,5.3,8.1,61.0,1.0,Regular,3,Software/IT,Remote,Unmarried,25-34,Moderate,77
3703,5.5,3.0,1.0,1.8,Regular,3,Software/IT,Office,Unmarried,25-34,Moderate,68
3704,5.5,7.9,40.0,2.4,Irregular,3,Government,Office,Married,35-44,Moderate,75
3705,7.0,8.8,37.0,1.5,Regular,5,Government,Remote,Unmarried,25-34,Low,95
3706,6.1,7.7,0.0,2.5,Regular,3,Software/IT,Remote,Married,35-44,Moderate,72
3707,6.2,12.6,7.0,2.0,Regular,3,Other,Office,Married,35-44,High,62
3708,7.1,5.9,10.0,1.8,Regular,3,Government,Hybrid,Unmarried,35-44,Low,82
3709,6.2,7.3,37.0,2.8,Irregular,3,Software/IT,Hybrid,Unmarried,25-34,Low,80
3710,6.1,6.5,17.0,0.8,Regular,1,Teacher,Office,Married,45-54,Moderate,67
3711,7.0,7.3,23.0,1.5,Irregular,3,Other,Hybrid,Married,25-34,Low,78
3712,7.2,11.0,0.0,2.9,Slightly irregular,4,Healthcare,Hybrid,Unmarried,18-24,Moderate,68
3713,6.2,12.0,76.0,3.3,Slightly irregular,2,Teacher,Office,Unmarried,18-24,High,67
3714,6.5,7.0,27.0,3.6,Slightly irregular,3,Healthcare,Hybrid,Unmarried,45-54,Low,84
3715,5.5,6.9,36.0,2.0,Slightly irregular,5,Software/IT,Office,Married,18-24,Low,87
3716,5.4,5.9,13.0,2.3,Slightly irregular,3,Self-employed,Remote,Unmarried,25-34,Moderate,70
3717,7.3,11.6,11.0,2.6,Regular,1,Self-employed,Hybrid,Unmarried,35-44,High,64
3718,6.9,11.2,67.0,2.9,Irregular,2,Self-employed,Office,Married,35-44,Moderate,70
3719,6.9,8.4,0.0,2.2,Regular,3,Banking/Finance,Office,Unmarried,35-44,Moderate,76
3720,6.7,5.4,31.0,2.6,Regular,2,Government,Office,Married,25-34,Low,87
3721,6.5,5.6,0.0,2.3,Regular,3,Teacher,Remote,Unmarried,35-44,Moderate,74
3722,7.2,9.0,16.0,2.4,Slightly irregular,3,Other,Office,Married,18-24,Low,78
3723,7.5,9.9,11.0,1.4,Regular,4,Software/IT,Remote,Married,25-34,Low,78
3724,7.5,3.8,3.0,1.8,Regular,2,Teacher,Hybrid,Unmarried,18-24,Moderate,74
3725,6.3,7.9,,1.6,Regular,3,Other,Office,Unmarried,25-34,Low,84
3726,8.1,12.3,0.0,1.2,Regular,4,Other,Hybrid,Married,18-24,High,64
3727,6.7,8.1,18.0,0.8,Regular,3,Healthcare,Hybrid,Unmarried,35-44,Low,78
3728,7.2,12.0,23.0,1.7,Irregular,3,Healthcare,Office,Prefer not to say,25-34,Moderate,67
3729,6.7,10.1,0.0,1.8,Regular,1,Software/IT,Office,Married,25-34,High,61
3730,6.7,6.1,58.0,2.1,Irregular,3,Banking/Finance,Remote,Unmarried,18-24,Low,83
3731,5.5,7.9,12.0,2.4,Slightly irregular,3,Software/IT,Remote,Married,25-34,Moderate,70
3732,7.2,8.3,20.0,2.1,Slightly irregular,4,Teacher,Office,Unmarried,35-44,Low,86
3733,9.8,6.4,12.0,1.8,Irregular,5,Healthcare,Remote,Married,25-34,Low,77
3734,6.0,6.4,23.0,1.4,Regular,3,Other,Remote,Unmarried,35-44,Low,80
3735,6.5,12.1,54.0,2.6,Slightly irregular,3,Other,Remote,Married,25-34,Moderate,73
3736,5.9,6.4,79.0,1.9,Regular,4,Other,Remote,Married,25-34,Low,89
3737,5.8,11.1,41.0,1.7,Regular,4,Self-employed,Hybrid,Unmarried,25-34,Moderate,78
3738,8.3,7.6,49.0,1.9,Regular,4,Teacher,Office,Married,25-34,Low,96
3739,5.6,8.5,63.0,1.5,Slightly irregular,5,Software/IT,Office,Unmarried,35-44,Low,83
3740,5.8,9.9,30.0,1.6,Irregular,2,Healthcare,Hybrid,Married,25-34,High,65
3741,4.5,7.2,60.0,1.6,Regular,1,Teacher,Remote,Unmarried,55+,High,67
3742,5.5,9.9,42.0,1.8,Slightly irregular,3,Banking/Finance,Office,Unmarried,35-44,Moderate,72
3743,4.3,3.9,28.0,2.5,Regular,2,Teacher,Hybrid,Married,25-34,Moderate,71
3744,7.2,9.6,33.0,2.3,Regular,1,Other,Office,Unmarried,55+,Moderate,80
3745,,2.9,0.0,3.1,Regular,3,Teacher,Hybrid,Unmarried,25-34,Moderate,72
3746,6.0,8.1,31.0,2.8,Slightly irregular,3,Teacher,Office,Unmarried,35-44,Low,82
3747,4.4,10.6,0.0,3.4,Slightly irregular,2,Government,Remote,Unmarried,25-34,High,45
3748,7.5,10.0,0.0,2.4,Regular,3,Banking/Finance,Office,Married,35-44,Moderate,71
3749,5.5,5.6,29.0,2.4,Regular,3,Teacher,Office,Married,18-24,Low,83
3750,8.0,5.9,0.0,1.7,Slightly irregular,4,Government,Hybrid,Married,45-54,Low,76
3751,6.1,7.0,25.0,2.6,Irregular,3,Banking/Finance,Office,Unmarried,25-34,Moderate,76
3752,5.6,9.0,28.0,1.5,Regular,2,Software/IT,Remote,Married,35-44,Moderate,73
3753,6.2,3.9,29.0,1.0,Slightly irregular,4,Healthcare,Remote,Married,45-54,Moderate,82
3754,7.3,8.6,5.0,3.1,Slightly irregular,2,Other,Office,Married,18-24,Moderate,70
3755,6.1,9.3,45.0,1.1,Slightly irregular,2,Software/IT,Office,Unmarried,55+,Moderate,71
3756,5.8,7.9,23.0,2.3,Regular,4,Healthcare,Remote,Unmarried,25-34,Low,85
3757,6.2,9.8,35.0,1.4,Irregular,2,Teacher,Remote,Married,35-44,High,67
3758,4.9,9.1,0.0,2.8,Slightly irregular,2,Healthcare,Remote,Unmarried,25-34,High,53
3759,6.9,7.4,21.0,2.9,Regular,2,Other,Remote,Unmarried,45-54,Low,84
3760,4.3,4.1,49.0,2.4,Irregular,2,Teacher,Hybrid,Unmarried,45-54,High,64
3761,5.9,8.9,46.0,2.9,Irregular,3,Self-employed,Remote,Unmarried,25-34,Moderate,75
3762,7.3,6.4,7.0,2.0,Slightly irregular,4,Self-employed,Hybrid,Married,35-44,Low,81
3763,6.8,7.3,13.0,3.6,Irregular,3,Teacher,Office,Married,55+,Moderate,75
3764,7.1,9.7,3.0,2.5,Regular,3,Self-employed,Office,Married,35-44,Moderate,74
3765,,11.9,11.0,1.4,Slightly irregular,2,Other,Office,Unmarried,55+,High,56
3766,,8.5,0.0,2.0,Regular,3,Other,Remote,Married,35-44,Low,76
3767,7.5,9.9,,1.9,Irregular,2,Banking/Finance,Remote,Married,25-34,High,70
3768,6.9,5.3,39.0,1.8,Regular,4,Software/IT,Remote,Unmarried,45-54,Low,95
3769,7.5,9.2,8.0,0.8,Regular,4,Software/IT,Hybrid,Unmarried,35-44,Low,76
3770,7.3,8.5,23.0,2.3,Regular,3,Teacher,Hybrid,Married,18-24,Low,87
3771,5.9,11.4,20.0,1.0,Slightly irregular,3,Banking/Finance,Remote,Unmarried,25-34,High,61
3772,4.8,7.4,48.0,0.3,Slightly irregular,3,Teacher,Office,Married,25-34,Moderate,66
3773,6.9,8.0,12.0,1.8,Slightly irregular,3,Government,Office,Unmarried,35-44,Low,78
3774,7.1,11.0,12.0,1.5,Regular,4,Self-employed,Remote,Unmarried,35-44,Low,75
3775,7.7,8.4,6.0,1.4,Regular,2,Software/IT,Remote,Married,45-54,Moderate,72
3776,5.3,6.0,0.0,0.3,Slightly irregular,2,Other,Office,Unmarried,18-24,High,51
3777,5.3,14.0,37.0,1.4,Regular,2,Software/IT,Office,Unmarried,18-24,High,56
3778,7.0,6.1,22.0,1.9,Slightly irregular,4,Teacher,Remote,Prefer not to say,25-34,Low,88
3779,6.3,8.5,26.0,1.6,Irregular,2,Self-employed,Office,Married,35-44,Moderate,71
3780,4.1,9.4,53.0,2.3,Slightly irregular,4,Software/IT,Remote,Married,45-54,Moderate,70
3781,6.9,9.2,54.0,3.0,Regular,4,Teacher,Office,Married,45-54,Low,92
3782,4.2,8.2,0.0,2.4,Slightly irregular,4,Other,Office,Unmarried,25-34,High,59
3783,5.3,8.2,39.0,2.7,Irregular,3,Other,Remote,Married,35-44,Moderate,73
3784,8.0,8.1,30.0,2.8,Slightly irregular,3,Self-employed,Hybrid,Married,35-44,Low,88
3785,8.6,6.0,15.0,1.3,Irregular,4,Software/IT,Office,Prefer not to say,45-54,Moderate,77
3786,4.9,13.5,32.0,2.3,Regular,3,Teacher,Hybrid,Married,35-44,High,62
3787,6.0,8.1,0.0,2.7,Slightly irregular,2,Teacher,Office,Married,25-34,High,63
3788,6.5,10.0,57.0,1.7,Regular,1,Software/IT,Hybrid,Unmarried,35-44,Moderate,74
3789,8.5,7.8,36.0,1.4,Slightly irregular,2,Other,Office,Married,25-34,Moderate,82
3790,5.8,7.8,6.0,2.4,Irregular,3,Software/IT,Office,Unmarried,35-44,High,65
3791,5.8,7.6,12.0,1.0,Irregular,4,Government,Office,Married,35-44,Moderate,67
3792,8.3,5.0,0.0,1.2,Regular,2,Software/IT,Remote,Married,45-54,Moderate,70
3793,6.0,8.2,18.0,1.5,Irregular,3,Banking/Finance,Hybrid,Married,25-34,Moderate,69
3794,7.3,7.7,14.0,2.3,Regular,3,Software/IT,Hybrid,Unmarried,45-54,Low,84
3795,4.6,11.3,0.0,2.2,Slightly irregular,4,Software/IT,Remote,Married,25-34,High,52
3796,6.2,5.8,42.0,2.7,Slightly irregular,5,Teacher,Remote,Married,35-44,Low,91
3797,4.4,7.3,53.0,1.4,Slightly irregular,3,Other,Remote,Prefer not to say,45-54,High,69
3798,5.1,6.5,24.0,1.3,Regular,3,Banking/Finance,Office,Unmarried,18-24,Moderate,74
3799,7.4,11.9,18.0,2.4,Slightly irregular,4,Banking/Finance,Office,Unmarried,35-44,Moderate,74
3800,6.3,6.6,35.0,1.4,Slightly irregular,2,Teacher,Office,Unmarried,35-44,Moderate,77
3801,6.0,9.9,25.0,1.6,Slightly irregular,3,Government,Office,Married,45-54,Moderate,72
3802,5.5,10.8,1.0,0.7,Slightly irregular,2,Government,Office,Unmarried,18-24,High,46
3803,6.1,8.3,11.0,2.2,Slightly irregular,3,Healthcare,Hybrid,Unmarried,45-54,Moderate,72
3804,6.8,5.4,18.0,3.1,Regular,4,Government,Hybrid,Unmarried,55+,Low,89
3805,7.6,5.5,30.0,1.3,Regular,3,Other,Office,Married,35-44,Low,89
3806,3.5,10.6,25.0,2.7,Slightly irregular,3,Other,Office,Unmarried,25-34,High,56
3807,5.4,5.7,30.0,2.0,Slightly irregular,4,Other,Office,Married,35-44,Low,82
3808,6.6,9.5,0.0,0.8,Regular,1,Healthcare,Hybrid,Married,18-24,High,57
3809,6.3,8.9,40.0,1.4,Regular,1,Software/IT,Office,Unmarried,35-44,Moderate,75
3810,6.9,9.5,25.0,1.3,Irregular,4,Teacher,Hybrid,Married,18-24,Moderate,77
3811,6.7,9.7,81.0,1.8,Irregular,4,Software/IT,Hybrid,Married,25-34,Low,80
3812,6.0,6.5,16.0,2.3,Slightly irregular,3,Teacher,Hybrid,Married,18-24,Moderate,75
3813,5.8,6.4,32.0,3.3,Slightly irregular,3,Teacher,Remote,Married,35-44,Low,81
3814,6.1,10.2,87.0,1.0,Irregular,4,Government,Remote,Married,35-44,Moderate,71
3815,7.8,7.2,29.0,1.7,Slightly irregular,4,Healthcare,Office,Unmarried,35-44,Low,90
3816,5.5,2.3,24.0,1.4,Regular,2,Banking/Finance,Remote,Unmarried,18-24,Moderate,73
3817,6.3,10.1,3.0,1.1,Slightly irregular,4,Other,Office,Unmarried,25-34,Moderate,63
3818,6.6,6.2,59.0,2.1,Irregular,3,Software/IT,Remote,Married,25-34,Low,82
3819,8.3,9.7,0.0,,Slightly irregular,4,Software/IT,Remote,Married,35-44,Moderate,72
3820,6.0,11.8,34.0,0.7,Regular,3,Government,Hybrid,Prefer not to say,18-24,Moderate,68
3821,7.6,8.6,15.0,2.0,Irregular,3,Banking/Finance,Remote,Married,35-44,Moderate,75
3822,7.9,10.9,21.0,1.2,Slightly irregular,3,Healthcare,Remote,Married,25-34,Moderate,71
3823,6.3,9.0,0.0,2.0,Regular,5,Self-employed,Remote,Prefer not to say,45-54,Low,78
3824,6.1,12.3,55.0,2.9,Irregular,2,Software/IT,Hybrid,Married,25-34,High,62
3825,6.0,6.2,19.0,2.3,Slightly irregular,3,Banking/Finance,Hybrid,Married,18-24,Moderate,77
3826,,8.6,0.0,2.1,Irregular,3,Other,Hybrid,Married,18-24,High,62
3827,7.4,10.1,53.0,1.6,Irregular,3,Healthcare,Remote,Unmarried,25-34,Moderate,76
3828,6.7,8.2,14.0,2.0,Regular,4,Banking/Finance,Remote,Married,25-34,Low,86
3829,6.7,11.3,32.0,2.4,Slightly irregular,3,Software/IT,Remote,Unmarried,35-44,Moderate,76
3830,5.0,7.6,44.0,2.3,Regular,2,Teacher,Remote,Unmarried,35-44,Low,76
3831,5.2,13.4,35.0,1.9,Irregular,3,Software/IT,Office,Unmarried,18-24,High,56
3832,9.0,13.5,0.0,2.2,Irregular,3,Banking/Finance,Hybrid,Married,45-54,High,52
3833,6.2,9.2,40.0,1.1,Irregular,4,Banking/Finance,Office,Married,18-24,Moderate,75
3834,5.5,9.9,23.0,1.5,Slightly irregular,3,Other,Office,Unmarried,35-44,Moderate,67
3835,8.1,11.3,18.0,2.5,Slightly irregular,3,Banking/Finance,Remote,Unmarried,18-24,Moderate,72
3836,6.7,5.9,23.0,2.6,Regular,3,Software/IT,Office,Married,25-34,Low,87
3837,7.1,5.6,0.0,2.1,Regular,2,Self-employed,Office,Married,35-44,Moderate,74
3838,6.2,11.5,29.0,3.0,Regular,3,Teacher,Office,Unmarried,25-34,Moderate,76
3839,6.0,9.2,0.0,2.4,Irregular,3,Government,Office,Unmarried,18-24,High,60
3840,6.2,8.1,19.0,1.8,Slightly irregular,2,Teacher,Remote,Unmarried,35-44,Moderate,73
3841,4.7,8.6,28.0,1.1,Slightly irregular,2,Self-employed,Hybrid,Unmarried,35-44,High,63
3842,6.3,3.1,49.0,3.0,Regular,5,Other,Hybrid,Married,45-54,Low,96
3843,6.8,8.2,7.0,2.5,Slightly irregular,3,Software/IT,Office,Unmarried,35-44,Moderate,75
3844,8.6,6.9,57.0,3.3,Slightly irregular,3,Banking/Finance,Remote,Unmarried,18-24,Low,88
3845,6.5,10.7,46.0,3.5,Irregular,2,Banking/Finance,Remote,Married,35-44,High,69
3846,3.6,10.9,16.0,1.1,Irregular,3,Teacher,Office,Married,45-54,High,43
3847,6.3,9.9,1.0,1.1,Slightly irregular,2,Teacher,Hybrid,Married,18-24,High,55
3848,9.7,9.5,0.0,0.3,Irregular,3,Government,Remote,Married,18-24,High,52
3849,7.4,5.2,31.0,2.6,Regular,3,Teacher,Remote,Unmarried,35-44,Low,92
3850,5.4,10.0,9.0,2.5,Regular,3,Software/IT,Hybrid,Married,35-44,High,66
3851,7.1,10.0,51.0,2.1,Slightly irregular,3,Self-employed,Remote,Unmarried,25-34,Low,82
3852,5.5,11.5,10.0,1.1,Slightly irregular,2,Banking/Finance,Remote,Married,35-44,High,50
3853,4.8,13.5,5.0,1.9,Regular,2,Teacher,Office,Married,25-34,High,45
3854,6.0,4.7,30.0,2.1,Regular,2,Other,Remote,Unmarried,25-34,Low,82
3855,6.5,7.7,10.0,2.5,Slightly irregular,2,Other,Remote,Married,35-44,Moderate,72
3856,4.2,6.9,25.0,2.2,Regular,3,Other,Office,Unmarried,25-34,Moderate,72
3857,5.0,9.0,47.0,2.5,Regular,5,Healthcare,Remote,Married,25-34,Low,84
3858,6.4,8.6,28.0,1.9,Slightly irregular,4,Teacher,Remote,Unmarried,35-44,Low,85
3859,5.9,8.1,28.0,2.8,Irregular,5,Software/IT,Hybrid,Prefer not to say,25-34,Low,84
3860,6.9,11.0,30.0,2.4,Regular,3,Other,Office,Married,45-54,Low,82
3861,4.9,6.1,0.0,1.2,Regular,4,Other,Hybrid,Married,55+,Moderate,64
3862,7.3,6.2,34.0,3.0,Regular,3,Government,Office,Unmarried,35-44,Low,92
3863,5.0,6.2,,2.9,Regular,3,Healthcare,Office,Married,35-44,Moderate,80
3864,8.4,7.8,45.0,2.3,Slightly irregular,4,Teacher,Office,Married,45-54,Low,92
3865,4.3,5.8,38.0,2.2,Regular,2,Government,Hybrid,Unmarried,35-44,Moderate,72
3866,5.1,8.5,21.0,3.2,Regular,3,Software/IT,Office,Married,35-44,Moderate,75
3867,6.9,8.2,48.0,0.9,Irregular,4,Healthcare,Remote,Unmarried,18-24,Low,82
3868,8.4,6.8,19.0,2.9,Slightly irregular,2,Government,Hybrid,Married,45-54,Low,79
3869,6.8,10.6,30.0,1.7,Regular,3,Government,Remote,Unmarried,25-34,Low,82
3870,7.1,8.5,18.0,2.8,Regular,4,Healthcare,Remote,Unmarried,18-24,Low,89
3871,6.4,11.0,35.0,2.1,Irregular,3,Government,Office,Unmarried,35-44,Moderate,71
3872,5.2,8.2,17.0,1.1,Slightly irregular,3,Software/IT,Remote,Unmarried,25-34,Moderate,66
3873,5.8,8.5,61.0,1.7,Irregular,2,Teacher,Hybrid,Married,18-24,Moderate,70
3874,4.9,7.3,69.0,2.7,Regular,3,Software/IT,Remote,Married,35-44,Moderate,79
3875,4.9,8.6,,1.9,Slightly irregular,2,Teacher,Hybrid,Unmarried,18-24,Moderate,69
3876,6.9,10.2,59.0,1.6,Regular,3,Teacher,Office,Unmarried,45-54,Low,83
3877,5.1,7.7,0.0,1.6,Regular,2,Teacher,Hybrid,Unmarried,55+,High,60
3878,6.8,9.8,0.0,2.4,Slightly irregular,4,Healthcare,Office,Unmarried,35-44,Moderate,70
3879,4.8,6.7,18.0,3.2,Slightly irregular,3,Healthcare,Hybrid,Married,25-34,High,69
3880,6.8,10.3,26.0,0.5,Regular,3,Healthcare,Office,Unmarried,35-44,Moderate,75
3881,5.8,7.3,21.0,4.0,Regular,5,Government,Office,Unmarried,18-24,Low,88
3882,8.1,10.6,0.0,2.1,Slightly irregular,4,Software/IT,Remote,Married,35-44,Moderate,69
3883,6.8,8.7,50.0,2.4,Regular,4,Teacher,Office,Married,25-34,Low,93
3884,7.9,12.1,72.0,1.7,Regular,4,Software/IT,Remote,Married,25-34,Low,82
3885,5.5,5.9,53.0,2.0,Regular,2,Software/IT,Hybrid,Married,25-34,Low,79
3886,6.5,5.2,49.0,,Regular,2,Banking/Finance,Remote,Unmarried,55+,Low,86
3887,5.2,7.2,30.0,1.3,Irregular,3,Other,Hybrid,Married,25-34,Moderate,70
3888,5.9,5.4,6.0,1.4,Regular,1,Teacher,Office,Unmarried,25-34,High,63
3889,6.1,5.4,27.0,2.8,Slightly irregular,3,Healthcare,Office,Prefer not to say,25-34,Low,81
3890,5.5,10.0,71.0,0.9,Slightly irregular,3,Software/IT,Hybrid,Unmarried,35-44,High,67
3891,4.9,8.6,17.0,2.3,Regular,2,Software/IT,Office,Unmarried,45-54,Moderate,67
3892,4.7,7.5,15.0,1.7,Slightly irregular,2,Other,Hybrid,Unmarried,25-34,High,61
3893,3.6,7.7,49.0,1.3,Regular,1,Banking/Finance,Remote,Married,18-24,High,60
3894,5.1,7.2,51.0,3.4,Irregular,4,Government,Office,Unmarried,18-24,Moderate,76
3895,7.2,12.4,6.0,1.3,Slightly irregular,3,Other,Remote,Unmarried,35-44,High,59
3896,4.5,6.9,19.0,1.2,Slightly irregular,1,Banking/Finance,Office,Prefer not to say,35-44,High,56
3897,4.8,5.6,14.0,1.9,Regular,3,Software/IT,Remote,Unmarried,45-54,Moderate,70
3898,8.5,10.4,27.0,1.5,Irregular,4,Government,Hybrid,Married,45-54,Moderate,77
3899,5.6,8.1,49.0,2.0,Slightly irregular,2,Government,Hybrid,Unmarried,18-24,Moderate,76
3900,6.8,13.3,7.0,2.1,Regular,3,Healthcare,Hybrid,Unmarried,45-54,High,63
3901,7.2,7.4,49.0,2.2,Regular,3,Banking/Finance,Remote,Married,45-54,Low,92
3902,,10.5,27.0,1.9,Regular,4,Healthcare,Remote,Unmarried,35-44,Low,86
3903,4.6,11.1,76.0,1.5,Regular,3,Teacher,Remote,Unmarried,25-34,Moderate,65
3904,6.1,7.4,32.0,2.5,Regular,3,Government,Office,Unmarried,35-44,Low,87
3905,4.5,6.9,23.0,1.9,Irregular,3,Teacher,Hybrid,Unmarried,35-44,High,65
3906,9.3,10.3,38.0,1.7,Irregular,4,Teacher,Remote,Unmarried,25-34,Low,78
3907,4.5,9.9,18.0,3.0,Regular,3,Healthcare,Remote,Unmarried,18-24,Moderate,65
3908,5.1,5.4,0.0,1.9,Irregular,3,Banking/Finance,Hybrid,Married,35-44,High,57
3909,5.2,6.0,20.0,2.8,Slightly irregular,3,Self-employed,Hybrid,Married,35-44,Moderate,72
3910,4.6,2.8,19.0,2.9,Slightly irregular,2,Banking/Finance,Hybrid,Married,25-34,High,64
3911,8.0,10.0,0.0,2.9,Irregular,2,Government,Remote,Unmarried,45-54,High,60
3912,9.3,8.0,23.0,2.5,Slightly irregular,5,Teacher,Office,Unmarried,25-34,Low,91
3913,5.8,8.2,0.0,2.0,Slightly irregular,4,Banking/Finance,Hybrid,Unmarried,25-34,Moderate,69
3914,4.8,4.7,17.0,2.0,Regular,1,Software/IT,Hybrid,Married,25-34,High,65
3915,3.7,6.1,30.0,1.8,Regular,2,Healthcare,Office,Married,35-44,High,67
3916,6.1,7.5,27.0,0.5,Irregular,2,Government,Hybrid,Prefer not to say,18-24,Moderate,66
3917,6.0,7.1,16.0,2.5,Regular,4,Software/IT,Remote,Married,35-44,Low,83
3918,5.6,8.9,23.0,2.2,Regular,3,Other,Hybrid,Married,25-34,Moderate,77
3919,6.7,9.9,8.0,2.6,Regular,5,Healthcare,Hybrid,Unmarried,25-34,Low,81
3920,6.9,13.8,25.0,1.9,Slightly irregular,3,Government,Office,Unmarried,18-24,Moderate,67
3921,6.8,8.6,26.0,2.5,Regular,4,Healthcare,Hybrid,Married,25-34,Low,91
3922,6.0,11.2,5.0,1.0,Irregular,4,Government,Office,Married,25-34,High,54
3923,5.1,6.7,31.0,1.2,Regular,3,Banking/Finance,Hybrid,Unmarried,18-24,Moderate,77
3924,,4.7,31.0,0.3,Irregular,3,Software/IT,Office,Married,25-34,Low,76
3925,6.4,7.8,21.0,1.9,Slightly irregular,3,Other,Remote,Married,25-34,Moderate,80
3926,7.5,4.9,78.0,1.5,Slightly irregular,3,Government,Office,Married,55+,Low,86
3927,7.3,8.6,22.0,1.4,Regular,4,Healthcare,Remote,Married,35-44,Low,87
3928,4.7,6.8,19.0,2.2,Regular,2,Government,Hybrid,Married,18-24,Moderate,69
3929,4.7,4.1,16.0,1.7,Irregular,2,Teacher,Hybrid,Unmarried,25-34,High,58
3930,5.5,12.6,4.0,1.0,Slightly irregular,2,Self-employed,Office,Married,18-24,High,43
3931,5.1,7.4,40.0,3.8,Regular,1,Healthcare,Hybrid,Married,25-34,Moderate,73
3932,7.3,4.8,10.0,2.0,Irregular,4,Self-employed,Remote,Married,25-34,Low,78
3933,6.8,10.7,13.0,1.2,Irregular,4,Teacher,Office,Married,45-54,Moderate,66
3934,7.7,6.9,13.0,1.5,Regular,3,Self-employed,Office,Unmarried,25-34,Low,82
3935,6.9,11.1,3.0,1.9,Slightly irregular,4,Other,Office,Married,45-54,Moderate,68
3936,6.7,6.9,0.0,1.9,Slightly irregular,2,Other,Hybrid,Unmarried,35-44,Moderate,67
3937,7.8,7.4,15.0,2.9,Irregular,3,Self-employed,Hybrid,Unmarried,25-34,Low,77
3938,7.0,9.4,44.0,1.9,Regular,3,Government,Office,Married,25-34,Low,88
3939,6.5,10.0,29.0,3.3,Regular,3,Healthcare,Remote,Unmarried,25-34,Moderate,83
3940,8.2,10.4,59.0,1.7,Regular,4,Software/IT,Office,Married,35-44,Low,87
3941,6.5,8.4,42.0,2.3,Regular,3,Banking/Finance,Office,Married,45-54,Low,88
3942,6.0,9.8,37.0,2.7,Regular,2,Banking/Finance,Office,Married,25-34,Moderate,77
3943,5.4,10.3,66.0,2.8,Slightly irregular,3,Software/IT,Hybrid,Unmarried,25-34,Moderate,71
3944,7.2,9.1,23.0,2.9,Slightly irregular,4,Government,Hybrid,Unmarried,25-34,Low,85
3945,7.9,8.3,26.0,1.8,Regular,3,Software/IT,Office,Unmarried,25-34,Low,89
3946,,5.3,25.0,2.0,Slightly irregular,5,Banking/Finance,Office,Unmarried,45-54,Low,89
3947,8.0,10.0,59.0,0.3,Regular,3,Healthcare,Office,Prefer not to say,18-24,Low,78
3948,4.0,8.7,25.0,1.9,Regular,2,Other,Hybrid,Married,25-34,High,65
3949,6.3,7.6,11.0,2.8,Slightly irregular,3,Teacher,Hybrid,Unmarried,35-44,Moderate,75
3950,6.4,11.5,38.0,2.6,Irregular,3,Software/IT,Office,Married,25-34,Moderate,70
3951,5.5,5.3,7.0,1.9,Regular,4,Banking/Finance,Hybrid,Prefer not to say,18-24,Low,75
3952,9.3,12.4,37.0,3.2,Irregular,4,Healthcare,Remote,Married,25-34,Moderate,73
3953,6.3,8.5,34.0,1.7,Irregular,3,Software/IT,Remote,Married,35-44,Moderate,77
3954,5.9,9.3,21.0,1.5,Slightly irregular,4,Banking/Finance,Remote,Married,55+,Moderate,74
3955,,7.7,37.0,1.7,Irregular,2,Other,Remote,Married,45-54,Moderate,76
3956,4.0,4.8,0.0,1.2,Regular,2,Government,Hybrid,Unmarried,35-44,High,51
3957,5.5,8.3,29.0,2.4,Regular,3,Software/IT,Office,Married,35-44,Moderate,82
3958,7.6,9.4,15.0,2.2,Irregular,4,Teacher,Office,Married,35-44,Low,76
3959,5.6,10.2,88.0,2.4,Slightly irregular,3,Banking/Finance,Remote,Unmarried,25-34,Moderate,73
3960,5.4,8.1,28.0,1.7,Regular,3,Government,Office,Unmarried,25-34,Low,80
3961,8.0,3.6,12.0,2.0,Regular,3,Other,Hybrid,Unmarried,25-34,Low,84
3962,8.0,5.1,0.0,0.5,Regular,4,Software/IT,Office,Prefer not to say,25-34,Low,74
3963,7.0,13.3,54.0,2.3,Regular,3,Banking/Finance,Office,Married,55+,Moderate,76
3964,5.9,6.1,17.0,2.1,Regular,2,Other,Remote,Married,35-44,Low,75
3965,6.1,11.9,8.0,1.2,Irregular,2,Software/IT,Office,Married,45-54,High,48
3966,5.4,6.5,32.0,1.9,Regular,4,Other,Remote,Married,25-34,Low,86
3967,5.2,8.2,39.0,1.8,Irregular,2,Healthcare,Office,Married,18-24,High,68
3968,5.1,10.0,39.0,3.2,Regular,3,Government,Office,Unmarried,55+,Moderate,74
3969,5.7,6.7,25.0,1.3,Regular,4,Healthcare,Office,Married,25-34,Low,82
3970,5.2,12.3,29.0,2.2,Irregular,3,Self-employed,Remote,Unmarried,35-44,High,59
3971,4.5,8.8,30.0,,Regular,2,Other,Remote,Unmarried,18-24,High,67
3972,6.7,9.7,32.0,1.6,Regular,2,Software/IT,Remote,Married,45-54,Low,80
3973,6.7,8.0,34.0,2.2,Irregular,5,Government,Remote,Unmarried,18-24,Low,90
3974,8.4,10.1,49.0,1.9,Regular,3,Software/IT,Remote,Married,45-54,Low,85
3975,5.6,12.2,26.0,2.0,Regular,2,Teacher,Remote,Unmarried,25-34,High,65
3976,6.8,8.3,,2.2,Irregular,3,Banking/Finance,Hybrid,Married,25-34,Moderate,71
3977,6.8,12.6,22.0,1.7,Regular,3,Banking/Finance,Remote,Unmarried,45-54,Moderate,71
3978,6.1,7.2,42.0,,Slightly irregular,3,Teacher,Hybrid,Unmarried,25-34,Low,83
3979,7.3,10.4,0.0,1.8,Regular,2,Teacher,Office,Unmarried,25-34,Moderate,65
3980,7.3,9.7,0.0,1.9,Regular,3,Software/IT,Remote,Married,35-44,Moderate,72
3981,6.8,6.1,45.0,2.3,Slightly irregular,4,Teacher,Office,Married,25-34,Low,91
3982,6.1,9.1,58.0,2.2,Slightly irregular,3,Software/IT,Office,Married,25-34,Low,79
3983,6.0,8.6,0.0,2.5,Regular,2,Teacher,Hybrid,Unmarried,18-24,Moderate,66
3984,4.8,6.6,27.0,2.2,Irregular,2,Self-employed,Hybrid,Unmarried,35-44,High,66
3985,5.4,9.4,16.0,2.3,Slightly irregular,3,Teacher,Office,Unmarried,18-24,Moderate,67
3986,5.7,8.9,19.0,1.8,Slightly irregular,2,Other,Hybrid,Married,45-54,Moderate,67
3987,5.1,8.4,32.0,1.3,Slightly irregular,4,Teacher,Hybrid,Unmarried,35-44,Moderate,76
3988,6.9,8.4,0.0,1.0,Slightly irregular,3,Healthcare,Office,Unmarried,25-34,Moderate,67
3989,7.8,8.4,1.0,0.8,Slightly irregular,3,Software/IT,Office,Married,35-44,Moderate,67
3990,5.3,7.8,18.0,3.2,Regular,2,Software/IT,Hybrid,Married,35-44,Moderate,72
3991,6.7,8.9,22.0,0.5,Irregular,2,Banking/Finance,Hybrid,Unmarried,35-44,Moderate,65
3992,5.2,7.1,0.0,2.8,Slightly irregular,1,Teacher,Office,Married,25-34,High,55
3993,6.0,14.0,42.0,1.4,Irregular,3,Teacher,Hybrid,Married,35-44,High,56
3994,5.6,5.4,16.0,2.8,Irregular,2,Healthcare,Office,Unmarried,25-34,Moderate,65
3995,7.1,7.3,16.0,0.5,Regular,4,Self-employed,Remote,Unmarried,25-34,Low,82
3996,5.6,7.4,31.0,1.8,Regular,3,Healthcare,Remote,Married,18-24,Moderate,83
3997,7.6,13.3,22.0,3.0,Slightly irregular,4,Software/IT,Hybrid,Unmarried,45-54,Moderate,72
3998,6.1,5.6,43.0,,Slightly irregular,3,Teacher,Office,Married,25-34,Low,83
3999,5.6,9.6,4.0,1.8,Irregular,4,Banking/Finance,Hybrid,Married,35-44,High,60
4000,4.9,9.2,0.0,0.6,Regular,4,Other,Office,Married,25-34,High,57
4001,6.0,12.3,2.0,2.8,Regular,4,Teacher,Hybrid,Unmarried,35-44,High,63
4002,5.3,8.1,33.0,1.8,Regular,2,Software/IT,Office,Married,25-34,Moderate,77
4003,6.6,9.0,79.0,2.2,Regular,3,Other,Office,Married,25-34,Low,87
4004,7.5,4.9,78.0,1.5,Slightly irregular,3,Government,Office,Married,55+,Low,86
4005,8.1,5.8,3.0,1.9,Regular,4,Software/IT,Hybrid,Married,18-24,Low,82
4006,4.9,8.1,61.0,1.5,Regular,3,Healthcare,Office,Unmarried,25-34,Moderate,77
4007,8.5,6.6,7.0,2.3,Irregular,4,Self-employed,Hybrid,Unmarried,25-34,Moderate,77
4008,4.8,9.3,22.0,1.6,Slightly irregular,1,Healthcare,Office,Married,45-54,High,57
4009,7.2,9.3,29.0,2.4,Slightly irregular,2,Software/IT,Hybrid,Married,35-44,Low,80
4010,6.9,10.8,17.0,2.0,Slightly irregular,3,Self-employed,Hybrid,Married,35-44,Moderate,73
4011,6.4,9.2,,1.6,Slightly irregular,4,Software/IT,Office,Married,35-44,Low,81
4012,7.1,5.6,0.0,2.1,Regular,2,Self-employed,Office,Married,35-44,Moderate,74
4013,7.0,12.2,16.0,1.2,Slightly irregular,3,Teacher,Remote,Married,25-34,High,64
4014,7.3,10.3,49.0,2.5,Regular,4,Teacher,Hybrid,Married,25-34,Low,89
4015,5.9,8.1,28.0,2.8,Irregular,5,Software/IT,Hybrid,Prefer not to say,25-34,Low,84
4016,7.6,8.9,33.0,3.4,Slightly irregular,4,Self-employed,Remote,Prefer not to say,25-34,Low,89
4017,4.7,9.1,5.0,1.6,Slightly irregular,3,Teacher,Hybrid,Unmarried,35-44,High,56
4018,5.9,6.9,14.0,2.8,Irregular,3,Teacher,Hybrid,Unmarried,35-44,Moderate,70
4019,4.9,10.3,22.0,1.9,Slightly irregular,2,Software/IT,Office,Married,35-44,High,60
4020,6.2,8.8,22.0,3.0,Regular,3,Other,Hybrid,Unmarried,45-54,Low,81
4021,7.6,10.8,20.0,2.0,Irregular,3,Other,Office,Married,18-24,Moderate,71
4022,6.1,7.8,53.0,3.5,Slightly irregular,2,Software/IT,Office,Unmarried,35-44,Low,79
4023,6.3,6.4,51.0,1.0,Slightly irregular,4,Teacher,Remote,Unmarried,25-34,Low,83
4024,3.6,8.6,24.0,1.3,Regular,2,Self-employed,Office,Unmarried,35-44,High,59
4025,7.0,5.0,30.0,2.4,Slightly irregular,4,Government,Remote,Unmarried,18-24,Low,92
